{
"type": "FeatureCollection",
"name": "kecamatan",
"crs": { "type": "name", "properties": { "name": "urn:ogc:def:crs:OGC:1.3:CRS84" } },
"features": [
{ "type": "Feature", "properties": { "gid": 122763, "kdkec": "021", "nmkab": "AMBON", "nmkec": "LEITIMUR SELATAN", "nmsls": "RT 001 RW 02", "kddesa": "001", "nmdesa": "NAKU", "nmprov": "MALUKU", "sumber": "", "dom_sls": null, "kdprov": "81", "kdkab": "71", "iddesa": "8171021001", "idkec": "8171021" }, "geometry": { "type": "MultiPolygon", "coordinates": [ [ [ [ 128.20826436960499, -3.73275401587313 ], [ 128.208283030122573, -3.732722836437299 ], [ 128.208449260325011, -3.73244508616008 ], [ 128.208546030075013, -3.73111690620995 ], [ 128.208545819633997, -3.73111473614587 ], [ 128.20849867986999, -3.73062076552614 ], [ 128.208419490067996, -3.73010858633296 ], [ 128.208418563766003, -3.73010684254751 ], [ 128.20805370971101, -3.72942011573724 ], [ 128.207958809650989, -3.72906348598295 ], [ 128.207879059571013, -3.72876382558229 ], [ 128.207736140211011, -3.72826759586564 ], [ 128.207609700028001, -3.72803765810442 ], [ 128.207605306932891, -3.728029669016761 ], [ 128.207224763634628, -3.727940826223402 ], [ 128.206993896685759, -3.727810472776081 ], [ 128.206511745983022, -3.727634574148371 ], [ 128.206310718979921, -3.727527778552975 ], [ 128.206082993078013, -3.727314187362185 ], [ 128.205940075442982, -3.727132006640629 ], [ 128.205866260840281, -3.726857165034832 ], [ 128.20585055560565, -3.726588605522882 ], [ 128.205877254504514, -3.726426841606327 ], [ 128.205925940731817, -3.72633732176901 ], [ 128.206006037428381, -3.726296488159006 ], [ 128.206100268836082, -3.726211679892075 ], [ 128.206172512915288, -3.72612373057822 ], [ 128.206255750658755, -3.726018505506287 ], [ 128.206309148456455, -3.725930556192432 ], [ 128.206354693636825, -3.725853600542809 ], [ 128.206394349354269, -3.725796276436456 ], [ 128.206407723343006, -3.725733185564267 ], [ 128.206407818900971, -3.725733026301002 ], [ 128.206407797933821, -3.725732988562558 ], [ 128.205939050147009, -3.72488929620037 ], [ 128.205226959756004, -3.7242498161731 ], [ 128.205117280237999, -3.72415132602004 ], [ 128.204904419703013, -3.72396017601865 ], [ 128.204530065210008, -3.72367434359377 ], [ 128.204521348082011, -3.72366768771127 ], [ 128.204168630378007, -3.72339837583237 ], [ 128.20398111003999, -3.72325519566886 ], [ 128.203929050086003, -3.72323341588756 ], [ 128.203853790320011, -3.72311105592875 ], [ 128.203296660312986, -3.7226464562677 ], [ 128.202771490412005, -3.72205385609998 ], [ 128.20246912035401, -3.72171751595034 ], [ 128.202118989999008, -3.72134912576169 ], [ 128.201737039833006, -3.72110562622407 ], [ 128.20178004990899, -3.72110265126674 ], [ 128.202398410258013, -3.72105987591298 ], [ 128.203166499633994, -3.7210219955691 ], [ 128.204069070032006, -3.72090707570158 ], [ 128.204491700131996, -3.72078857563295 ], [ 128.204626459943, -3.72029031614644 ], [ 128.204770089768004, -3.72017902594265 ], [ 128.205049179975987, -3.71996277586304 ], [ 128.205663759575003, -3.71980901607498 ], [ 128.206485176049995, -3.71971600009525 ], [ 128.20650869961699, -3.71971333630329 ], [ 128.206523329788013, -3.71970537550457 ], [ 128.206527470266991, -3.7197031263001 ], [ 128.20656466982399, -3.71968287626568 ], [ 128.207181080442012, -3.7193474363374 ], [ 128.207542980223991, -3.71913832597547 ], [ 128.207673640026997, -3.71903043610839 ], [ 128.207804299829007, -3.71891482556146 ], [ 128.207849649941011, -3.71874973611436 ], [ 128.207889050140011, -3.71860629604678 ], [ 128.207916650333004, -3.71851155606662 ], [ 128.207917730419013, -3.71850783557128 ], [ 128.207942979785003, -3.71842118589227 ], [ 128.207950800289012, -3.71825917572383 ], [ 128.207897269943004, -3.71800452549213 ], [ 128.207855109726012, -3.7177985258852 ], [ 128.20776823971201, -3.71737402609478 ], [ 128.207695409915004, -3.71728698610999 ], [ 128.207380380100005, -3.71680705570604 ], [ 128.207309279700013, -3.71669874585553 ], [ 128.207172220322008, -3.71640299570713 ], [ 128.207090249814996, -3.71622612604051 ], [ 128.206871299970004, -3.71565902614936 ], [ 128.206850559806014, -3.71548054579695 ], [ 128.206882140398989, -3.71522861601447 ], [ 128.207070610420004, -3.71480885565127 ], [ 128.207300690274991, -3.71460959556375 ], [ 128.207875629557009, -3.7144106556348 ], [ 128.208178790119007, -3.71428494570138 ], [ 128.208887560212986, -3.71404153609595 ], [ 128.208910529797009, -3.71403364634364 ], [ 128.209882540447012, -3.71386655590494 ], [ 128.210331890305014, -3.71386695610331 ], [ 128.21093783011699, -3.71405646574121 ], [ 128.211501859723001, -3.71437191553906 ], [ 128.212159829812009, -3.71481342600587 ], [ 128.212911899565, -3.7151920360903 ], [ 128.21342382964599, -3.71533946555043 ], [ 128.213716690273003, -3.71533177634695 ], [ 128.213810489562007, -3.71532931580186 ], [ 128.21436440989001, -3.71526681561765 ], [ 128.215033340016987, -3.71513093615058 ], [ 128.215048877604005, -3.71512842524343 ], [ 128.215744049948, -3.71501609632265 ], [ 128.216152841281001, -3.71494006493902 ], [ 128.216193479845003, -3.71493250613726 ], [ 128.216757870079988, -3.71483852608421 ], [ 128.216814899687989, -3.71482067634025 ], [ 128.216871610037003, -3.71478277621131 ], [ 128.216901870425005, -3.71473659602427 ], [ 128.216904509935006, -3.71467446546146 ], [ 128.216894239677003, -3.71462267620286 ], [ 128.216866029742988, -3.71446730572908 ], [ 128.216855809847999, -3.71436373620505 ], [ 128.216884220330996, -3.71429386607671 ], [ 128.21695675964699, -3.71423002590269 ], [ 128.217027360025014, -3.71417338570101 ], [ 128.217057029557992, -3.71414126551484 ], [ 128.217088039981007, -3.71404032560847 ], [ 128.217124219706989, -3.7139342056072 ], [ 128.21718612993601, -3.71386435616327 ], [ 128.217253429802014, -3.71381921559247 ], [ 128.217338109965993, -3.71380511602147 ], [ 128.217394519940996, -3.71383351571233 ], [ 128.217507369569006, -3.71387613548337 ], [ 128.217634360137993, -3.71387624610002 ], [ 128.217761349807006, -3.7138763657098 ], [ 128.217846029969991, -3.71384808562878 ], [ 128.217944869960007, -3.71377730628589 ], [ 128.218015419976012, -3.71377736564112 ], [ 128.218212900304991, -3.71384841568002 ], [ 128.218565490304997, -3.71403300602632 ], [ 128.218716740085995, -3.71410390587841 ], [ 128.218899649598995, -3.7141895060486 ], [ 128.218917539812992, -3.71420301566437 ], [ 128.219030900256001, -3.71428856547261 ], [ 128.219228320331013, -3.71443049557842 ], [ 128.219326850053989, -3.71469990548348 ], [ 128.219354839653988, -3.71496925603331 ], [ 128.21936791040099, -3.71507794629701 ], [ 128.219385889646986, -3.71514527584053 ], [ 128.21942519991299, -3.71518194569695 ], [ 128.219504350145996, -3.71523858589863 ], [ 128.219608559986995, -3.71526715556144 ], [ 128.219735549656008, -3.71526726617804 ], [ 128.219876700050008, -3.71521069612346 ], [ 128.219975590400992, -3.71508320553233 ], [ 128.220046260027004, -3.71494151554544 ], [ 128.220116870297005, -3.71487070562563 ], [ 128.220190200117997, -3.71486378624178 ], [ 128.220257199609989, -3.71487678594194 ], [ 128.220303569554005, -3.71490013593954 ], [ 128.220329319841994, -3.71492345625953 ], [ 128.220344760302993, -3.71495194588261 ], [ 128.220380729586992, -3.71506848632844 ], [ 128.220434830102988, -3.71509442547418 ], [ 128.220488939613006, -3.71510482613364 ], [ 128.220525829802995, -3.71514039611913 ], [ 128.220525770448006, -3.71521126629358 ], [ 128.220469230070989, -3.71532461594483 ], [ 128.220375230233003, -3.7154697755162 ], [ 128.22036226021001, -3.7155629659644 ], [ 128.220362149593996, -3.71568982613075 ], [ 128.220364620031006, -3.71581151609465 ], [ 128.220328499661008, -3.71586067573557 ], [ 128.220271200256008, -3.71587727632118 ], [ 128.220172409729003, -3.71590553571781 ], [ 128.220111950106997, -3.7159329758321 ], [ 128.220091299874014, -3.71597696616987 ], [ 128.220093829667007, -3.71602615548849 ], [ 128.220116980015007, -3.71607795553895 ], [ 128.220186529984005, -3.71611167561904 ], [ 128.220263840204012, -3.71611951590862 ], [ 128.220299910212987, -3.71613248593117 ], [ 128.220313269641991, -3.71617498609244 ], [ 128.220343590285012, -3.71628268620258 ], [ 128.220387329711997, -3.71636298576863 ], [ 128.22042078988801, -3.71640703546173 ], [ 128.220461969843996, -3.71647179564217 ], [ 128.220467079792002, -3.71651839581265 ], [ 128.220446419667013, -3.71657015629293 ], [ 128.22041157993101, -3.71669954625215 ], [ 128.220415330103009, -3.71675653629013 ], [ 128.220443649754998, -3.71679022579327 ], [ 128.220474560353011, -3.71681354611324 ], [ 128.220549269732999, -3.7168420959909 ], [ 128.220637200047008, -3.7168698454719 ], [ 128.220707740170013, -3.7168840862365 ], [ 128.220796610274988, -3.71691221613074 ], [ 128.220863580089997, -3.71695628560894 ], [ 128.220922810339005, -3.71701329633135 ], [ 128.220989749577001, -3.71709695576452 ], [ 128.221030919641009, -3.71715579570799 ], [ 128.22104375026899, -3.71721793616336 ], [ 128.221053999842013, -3.71729302595682 ], [ 128.221059050435002, -3.71740176568328 ], [ 128.221040849954989, -3.71758557631747 ], [ 128.221009790070013, -3.71774606573235 ], [ 128.22100452004301, -3.71787032595864 ], [ 128.221017199583997, -3.71797583621961 ], [ 128.22105331995499, -3.71806454624544 ], [ 128.22106095969599, -3.71817070581694 ], [ 128.22105828960801, -3.71826908625275 ], [ 128.221032380140002, -3.71842698562013 ], [ 128.221001340040004, -3.71855640615629 ], [ 128.220970290047006, -3.71870136607814 ], [ 128.220952079674987, -3.71889552611039 ], [ 128.220988059750994, -3.71900947560945 ], [ 128.220991136332003, -3.71901515302951 ], [ 128.221034370339993, -3.71909494627731 ], [ 128.221127079651012, -3.71917529620536 ], [ 128.221194070150005, -3.7191908859531 ], [ 128.221284229882997, -3.71919512625649 ], [ 128.22132035025399, -3.7191961757653 ], [ 128.221364159827999, -3.71920139632982 ], [ 128.221389900224011, -3.71923507594039 ], [ 128.221402749736995, -3.71927650590838 ], [ 128.221397539963988, -3.71933345547682 ], [ 128.221374270007004, -3.71942146583016 ], [ 128.221306149958991, -3.71962480614189 ], [ 128.221269640181987, -3.71973376620225 ], [ 128.221241360101004, -3.71982014608457 ], [ 128.221226989834008, -3.7198640554835 ], [ 128.221227040195998, -3.7200455755444 ], [ 128.221211279577005, -3.72013847551166 ], [ 128.221169489879998, -3.72022944553382 ], [ 128.22115630042299, -3.72025814559821 ], [ 128.221082090165993, -3.72052411559646 ], [ 128.221086799916009, -3.72066247629315 ], [ 128.221087110181998, -3.72067169614268 ], [ 128.221028649751986, -3.72100930613504 ], [ 128.221052659852006, -3.72125269595533 ], [ 128.221096839946995, -3.72132671555563 ], [ 128.221156050410997, -3.72140961596108 ], [ 128.221172509803012, -3.72144560593002 ], [ 128.221176580134994, -3.72150025593201 ], [ 128.221197119750997, -3.72158829596297 ], [ 128.221271730206013, -3.721733345817 ], [ 128.221413350045992, -3.72188101629545 ], [ 128.221529199813006, -3.72187166604412 ], [ 128.221579890100003, -3.72186757592746 ], [ 128.221773560001992, -3.72185195560285 ], [ 128.222271830280988, -3.72184217547562 ], [ 128.222462959598005, -3.72183661586674 ], [ 128.222626409581011, -3.72183186564773 ], [ 128.222953670175997, -3.72182234632382 ], [ 128.223634480346988, -3.72180252616527 ], [ 128.223655029855991, -3.72178851562721 ], [ 128.223964859789987, -3.72157730624761 ], [ 128.224037040277011, -3.72152811602965 ], [ 128.224348630185006, -3.72137194605856 ], [ 128.224631199870004, -3.72126407597655 ], [ 128.224713459957997, -3.72122518569402 ], [ 128.224920840024993, -3.72112713620871 ], [ 128.225118969665004, -3.72105973561871 ], [ 128.225210449602997, -3.72102860558614 ], [ 128.225292609865988, -3.72078173628881 ], [ 128.22538765022, -3.72043419598249 ], [ 128.225435090356996, -3.72026052610372 ], [ 128.225588139681008, -3.72015639630204 ], [ 128.225768510407988, -3.72003033563301 ], [ 128.225855199658014, -3.72001741597251 ], [ 128.226166660063001, -3.72001769566165 ], [ 128.226633849772014, -3.72001810575251 ], [ 128.227199689714013, -3.72007549598883 ], [ 128.227292419708988, -3.72010284617089 ], [ 128.22764751971701, -3.72020759560541 ], [ 128.227710750151005, -3.72025608615079 ], [ 128.227762159896002, -3.72029549624145 ], [ 128.227887559562987, -3.72056450594811 ], [ 128.228258639623988, -3.72100385624351 ], [ 128.228444190446993, -3.72121255561523 ], [ 128.228629779940007, -3.72138283594918 ], [ 128.228995570189994, -3.72161912562198 ], [ 128.229306779684009, -3.72181147621831 ], [ 128.229574300113995, -3.72198182580003 ], [ 128.229716250004998, -3.72206975611373 ], [ 128.229994809613004, -3.72211938610006 ], [ 128.230289739580002, -3.72217452623264 ], [ 128.230535519797996, -3.72220787579207 ], [ 128.230809480272995, -3.72184205586579 ], [ 128.231145469687988, -3.72128241585101 ], [ 128.231480250413, -3.72076597567 ], [ 128.231614399584998, -3.72056422625904 ], [ 128.231681960254008, -3.71989136609533 ], [ 128.231749359945013, -3.71942038574438 ], [ 128.232017869629004, -3.71874770634446 ], [ 128.232085209964993, -3.71834400607437 ], [ 128.232353490321003, -3.71794049556122 ], [ 128.232487810364006, -3.71753686633753 ], [ 128.232622179869992, -3.71706593634858 ], [ 128.232756620422009, -3.71652772627882 ], [ 128.232891110435986, -3.71592221634312 ], [ 128.233226369600999, -3.71551875619199 ], [ 128.233293649681997, -3.71518235578781 ], [ 128.233565489556014, -3.71502662558513 ], [ 128.233762770236012, -3.71491359609261 ], [ 128.234030760111011, -3.71484653634565 ], [ 128.234499709793994, -3.7147796555638 ], [ 128.234977310055001, -3.71473993610634 ], [ 128.235426560088001, -3.71464587601368 ], [ 128.235791950138008, -3.71456938597575 ], [ 128.236036720418014, -3.71445693564657 ], [ 128.236246720210005, -3.71436046627012 ], [ 128.236909749885001, -3.71426589626183 ], [ 128.237380529688011, -3.71417653602614 ], [ 128.237983499938991, -3.71404246599493 ], [ 128.238452380372991, -3.7140428760858 ], [ 128.239122160358988, -3.71411074612194 ], [ 128.239724789766996, -3.71438043571607 ], [ 128.240205249872986, -3.71464931592045 ], [ 128.240583969674987, -3.71478284635843 ], [ 128.240981739815993, -3.71478318630215 ], [ 128.241563010324995, -3.71486061613156 ], [ 128.241800819851989, -3.71492055594589 ], [ 128.242059099747991, -3.71480962547097 ], [ 128.242250390043012, -3.71474574572675 ], [ 128.242738769579006, -3.71471949631489 ], [ 128.243418079680993, -3.71465164606388 ], [ 128.243542689743009, -3.71458559625562 ], [ 128.243743869884014, -3.71431660633394 ], [ 128.243945169634003, -3.7139130256737 ], [ 128.244079530145996, -3.71344209568476 ], [ 128.244347750248011, -3.71310586615168 ], [ 128.244438439682, -3.7127427963523 ], [ 128.244482180008987, -3.71256764618945 ], [ 128.244511729931986, -3.71254542574033 ], [ 128.244639439958007, -3.71232059612839 ], [ 128.244777309624993, -3.71195814596181 ], [ 128.244904530420001, -3.71167636588203 ], [ 128.244914930179988, -3.71164956608506 ], [ 128.244915090259013, -3.71164940600578 ], [ 128.244877930271997, -3.71162262599394 ], [ 128.244871890425003, -3.71161827597319 ], [ 128.244826280409001, -3.71158538596729 ], [ 128.244916620005995, -3.71143619563464 ], [ 128.244996370086994, -3.71126034579925 ], [ 128.245208869993007, -3.71097798565674 ], [ 128.245527620303989, -3.7105571056376 ], [ 128.245633879699994, -3.71040793598926 ], [ 128.245641510447001, -3.71039023553277 ], [ 128.245769789744003, -3.71009269573348 ], [ 128.245819970116003, -3.70997627579675 ], [ 128.245985180072012, -3.70954080607608 ], [ 128.246243059769, -3.7087658260956 ], [ 128.246672110129992, -3.70833552567803 ], [ 128.247144079735989, -3.70786219629785 ], [ 128.247662879737987, -3.70739821626971 ], [ 128.248014440014003, -3.70708303626846 ], [ 128.248041620224996, -3.70704896635215 ], [ 128.248045029554987, -3.70704469547171 ], [ 128.248130949883006, -3.70682943554565 ], [ 128.248216899889997, -3.7065711061875 ], [ 128.248474450435992, -3.70618371602201 ], [ 128.248593839933989, -3.70588986614107 ], [ 128.248625110261003, -3.70580889568074 ], [ 128.248473499851997, -3.70564178635627 ], [ 128.248106089923994, -3.70529318574918 ], [ 128.24800118041, -3.70511367567308 ], [ 128.24795931966699, -3.70492366601206 ], [ 128.247959559786011, -3.70463870592949 ], [ 128.247980829651993, -3.70433264595315 ], [ 128.248054549778004, -3.7041216263305 ], [ 128.248054719750002, -3.70392109550086 ], [ 128.247907800205013, -3.70373099590768 ], [ 128.247624440016011, -3.70338246634705 ], [ 128.247488199921008, -3.70298129586983 ], [ 128.247415059856991, -3.70250629554929 ], [ 128.247373229690993, -3.70228462615507 ], [ 128.247300169667, -3.70171463584287 ], [ 128.247342429708993, -3.70142970633729 ], [ 128.24738467985901, -3.7011658956113 ], [ 128.247510940177989, -3.70093380577249 ], [ 128.247574149927004, -3.70072277625729 ], [ 128.247584820382997, -3.70053280616641 ], [ 128.247585020033, -3.70030061560355 ], [ 128.247396249637006, -3.69989939566361 ], [ 128.247259809892, -3.69974097558873 ], [ 128.247144350431995, -3.69961422603901 ], [ 128.247133990241991, -3.69944534594946 ], [ 128.247207720260008, -3.69922377548059 ], [ 128.247344419909012, -3.69907613557907 ], [ 128.247460109596005, -3.69891791605306 ], [ 128.247670360298997, -3.69875978555994 ], [ 128.24787015998001, -3.69853831581511 ], [ 128.248385350104002, -3.6980427057313 ], [ 128.248890000172992, -3.69759990563661 ], [ 128.248679979696988, -3.69748358552467 ], [ 128.248564610169012, -3.69726184598327 ], [ 128.248512280417003, -3.69701905601076 ], [ 128.248459869726986, -3.6968818158694 ], [ 128.248302400236014, -3.69674447590324 ], [ 128.248212760310992, -3.69652918629957 ], [ 128.248252120039012, -3.69621499555259 ], [ 128.248291120038999, -3.6958261062172 ], [ 128.248304500153012, -3.69558257610269 ], [ 128.248330489660987, -3.69524017632112 ], [ 128.248430970013004, -3.69492045564287 ], [ 128.248525409619987, -3.69465438581988 ], [ 128.248638459797007, -3.69434259626274 ], [ 128.248810689862012, -3.69403752554067 ], [ 128.248977089621008, -3.69383035591569 ], [ 128.249120529689009, -3.69366923607609 ], [ 128.24924676033001, -3.69353113618283 ], [ 128.249421559756996, -3.69337130597102 ], [ 128.250033489954006, -3.69304210553912 ], [ 128.250511070430008, -3.69280270601074 ], [ 128.250794720199991, -3.69256315629545 ], [ 128.250965889963993, -3.69244852600971 ], [ 128.251100420448012, -3.69222368560588 ], [ 128.251138319678006, -3.69199392591047 ], [ 128.251145589797005, -3.69176482631741 ], [ 128.251154770076994, -3.69149489570485 ], [ 128.251181890032001, -3.69120698584604 ], [ 128.251217889894008, -3.6909910658176 ], [ 128.251307629643009, -3.69078419566691 ], [ 128.251467729652006, -3.69055543601754 ], [ 128.251870910114008, -3.69009116550837 ], [ 128.252042779551005, -3.68993000609858 ], [ 128.252195210140997, -3.68972318630995 ], [ 128.252320799565013, -3.68948934549108 ], [ 128.252438539706986, -3.68920739633875 ], [ 128.252480459805014, -3.6889462556999 ], [ 128.252558510167006, -3.68845813606937 ], [ 128.252693100007008, -3.68806858573229 ], [ 128.253006660328992, -3.68773912629565 ], [ 128.25324542044001, -3.68766438633847 ], [ 128.253543780421012, -3.68766464624251 ], [ 128.25373766975801, -3.68772475602872 ], [ 128.254021100094008, -3.68773997615502 ], [ 128.254289629563004, -3.68774020638144 ], [ 128.254468699871012, -3.68768040596204 ], [ 128.254603170100012, -3.68742573594533 ], [ 128.254737480251009, -3.68738088585562 ], [ 128.254991109752012, -3.6873511254905 ], [ 128.255244789615006, -3.68726141631789 ], [ 128.255351290030006, -3.68714793626486 ], [ 128.255428899723995, -3.68692021623186 ], [ 128.255565409615997, -3.68644172564254 ], [ 128.255633910076995, -3.68591434610813 ], [ 128.25523638005501, -3.68459540579275 ], [ 128.255169019933987, -3.68376511570781 ], [ 128.255276300061013, -3.68336473573466 ], [ 128.255373690343987, -3.68315970559684 ], [ 128.255558570272001, -3.68297427618303 ], [ 128.255733660179999, -3.68286698616372 ], [ 128.255996190271986, -3.6828379056861 ], [ 128.256521200093005, -3.68283834635387 ], [ 128.256686570129006, -3.68273103565015 ], [ 128.256783970304014, -3.68251623617699 ], [ 128.256755049905991, -3.68222318579331 ], [ 128.256648320164004, -3.68195937596664 ], [ 128.25631831034201, -3.68129491637018 ], [ 128.255949310412007, -3.68075739608046 ], [ 128.255774820352002, -3.68014190636805 ], [ 128.255639029917006, -3.67975109608075 ], [ 128.255571189558992, -3.67948731593171 ], [ 128.255308990418001, -3.67912569583943 ], [ 128.255173469780004, -3.67840279559853 ], [ 128.255066880332009, -3.6779729358488 ], [ 128.255271450017005, -3.67749450551402 ], [ 128.25530472043701, -3.67708185609025 ], [ 128.25542124019799, -3.67688711599522 ], [ 128.255499109796006, -3.67653648561832 ], [ 128.255576970400995, -3.67618584624818 ], [ 128.255577230304993, -3.67587410615377 ], [ 128.255577459632008, -3.67560133638156 ], [ 128.255539150311989, -3.67501679593796 ], [ 128.255500560402993, -3.67478296591103 ], [ 128.255500879662009, -3.67439329596416 ], [ 128.255423600018986, -3.6740425261923 ], [ 128.255304549565011, -3.6736639260005 ], [ 128.255230309631003, -3.67326302621918 ], [ 128.255153090242999, -3.67283432569549 ], [ 128.25476554989001, -3.67244433558996 ], [ 128.254533180361989, -3.67201549567143 ], [ 128.254455770318003, -3.67182059639641 ], [ 128.254417239763995, -3.67150883561763 ], [ 128.254417499667994, -3.67119709552323 ], [ 128.254513229802001, -3.67079524605788 ], [ 128.254573360271991, -3.67033995617865 ], [ 128.254573680431008, -3.66995028623175 ], [ 128.254632989821005, -3.66950623607939 ], [ 128.254651739785999, -3.66936584561294 ], [ 128.254579339864989, -3.66907657597917 ], [ 128.254610590406003, -3.66871130553867 ], [ 128.254695849733992, -3.66851706636608 ], [ 128.254866159746001, -3.66837730632433 ], [ 128.255059659675993, -3.66827642577324 ], [ 128.255129379616989, -3.66815990601179 ], [ 128.25523780997699, -3.66801231557297 ], [ 128.255307529919008, -3.66790356595404 ], [ 128.255268920225006, -3.66781026578849 ], [ 128.255199339678001, -3.66776357568583 ], [ 128.255121999779988, -3.66773241597562 ], [ 128.255067910055999, -3.66765464620246 ], [ 128.255013900371011, -3.66747584569142 ], [ 128.255021760445999, -3.66732817611226 ], [ 128.255049500034005, -3.66724479636819 ], [ 128.255052779862012, -3.66723493620129 ], [ 128.255122470125997, -3.66715726625287 ], [ 128.255230799761989, -3.66713404575764 ], [ 128.255339079934998, -3.66717299629475 ], [ 128.255354610327004, -3.66709528587685 ], [ 128.255323750091009, -3.66699421556875 ], [ 128.255308399563006, -3.66685430623959 ], [ 128.255354970056004, -3.6666600355907 ], [ 128.255370620057988, -3.66645019587864 ], [ 128.255432630112011, -3.66630257576219 ], [ 128.255618459723991, -3.66611619576494 ], [ 128.255811990230995, -3.6659686763726 ], [ 128.256106090124007, -3.66582902604812 ], [ 128.256222230372003, -3.6657125359643 ], [ 128.256261000145003, -3.66560375576839 ], [ 128.256230200163998, -3.6654249660492 ], [ 128.25620718021699, -3.66519954558264 ], [ 128.256253739918009, -3.66502082601064 ], [ 128.256344170347006, -3.66486422616357 ], [ 128.256424149754992, -3.66477225609533 ], [ 128.25649385980401, -3.66466349568448 ], [ 128.256548169861986, -3.6644770059699 ], [ 128.256757339579991, -3.66412742600118 ], [ 128.25687345015001, -3.66404980551551 ], [ 128.256981789678008, -3.66401103574211 ], [ 128.257088880048002, -3.66399673562224 ], [ 128.257167399856002, -3.66408113609683 ], [ 128.257206010449011, -3.66416666612002 ], [ 128.257175000025995, -3.66425213588847 ], [ 128.257136160106, -3.66443863639488 ], [ 128.257166999656988, -3.66457079626601 ], [ 128.25719013022001, -3.66467185578219 ], [ 128.257298360031001, -3.6647574361673 ], [ 128.257436620004, -3.66476926584947 ], [ 128.257940430106999, -3.66481237575107 ], [ 128.258334950098003, -3.6648515664072 ], [ 128.258528319626009, -3.66490613636953 ], [ 128.258713949589009, -3.66495292629687 ], [ 128.258822270232002, -3.66493746605165 ], [ 128.258891920026002, -3.6649064358438 ], [ 128.258930709585002, -3.66478210636969 ], [ 128.258954020011998, -3.66465000585382 ], [ 128.258923200245988, -3.66450230569766 ], [ 128.258876940019007, -3.66431572605102 ], [ 128.258737930011989, -3.66402026638356 ], [ 128.258598910111999, -3.66373257595928 ], [ 128.258544900427012, -3.66355376555571 ], [ 128.258580560344996, -3.66339625559473 ], [ 128.258645680254006, -3.66329736614267 ], [ 128.258800500343, -3.663188675879 ], [ 128.259040360324008, -3.6631422456804 ], [ 128.259427180319989, -3.66314256583904 ], [ 128.259543329561012, -3.66301053636963 ], [ 128.259643960100988, -3.66294066624126 ], [ 128.259674980416008, -3.6628474155384 ], [ 128.259613160118988, -3.66276187562274 ], [ 128.259528149904014, -3.66266076574458 ], [ 128.25939675985299, -3.66250520641314 ], [ 128.259288569612011, -3.66236521614495 ], [ 128.259079360323994, -3.66216062577563 ], [ 128.259001909809996, -3.66200469592351 ], [ 128.258719600029991, -3.66173171570994 ], [ 128.258562019920987, -3.66155629575044 ], [ 128.258461539568003, -3.66144739594471 ], [ 128.258336219940986, -3.6614495956864 ], [ 128.258152039685001, -3.6615015459237 ], [ 128.257904399668007, -3.66160237611275 ], [ 128.257687750289989, -3.66163328581145 ], [ 128.257417039964992, -3.66157088635129 ], [ 128.257154099782014, -3.6614540860014 ], [ 128.256813790024012, -3.66134498564681 ], [ 128.256628310248004, -3.66111943567785 ], [ 128.256442940189999, -3.66087252591109 ], [ 128.256210610231989, -3.66040472556289 ], [ 128.256199390289993, -3.65971043635354 ], [ 128.256211380051013, -3.65946952596408 ], [ 128.256327899812987, -3.65927478586912 ], [ 128.256560780156008, -3.65908014559891 ], [ 128.256793559774991, -3.65900240640263 ], [ 128.257142639720996, -3.65900269598432 ], [ 128.257441710167001, -3.6589912458161 ], [ 128.257569410299993, -3.6588471762231 ], [ 128.257569639627008, -3.65857440555155 ], [ 128.257608750244003, -3.65818476618164 ], [ 128.257672899785007, -3.65806544593128 ], [ 128.257880570331992, -3.65779532556183 ], [ 128.25791960990199, -3.65748362593695 ], [ 128.25788118007199, -3.65705495599027 ], [ 128.257842619841, -3.65678215564104 ], [ 128.257824090209994, -3.65578084597943 ], [ 128.257847590393993, -3.65541556564641 ], [ 128.257902000276999, -3.65510471588082 ], [ 128.258072679909986, -3.6545219363099 ], [ 128.258203749802988, -3.65421187614903 ], [ 128.258271580268996, -3.65397412597722 ], [ 128.258390100122995, -3.65377037557471 ], [ 128.258390270094992, -3.65356653613929 ], [ 128.258174270027013, -3.65327845630857 ], [ 128.258042889867994, -3.6530529459098 ], [ 128.257996830189995, -3.6526798360791 ], [ 128.258004729834994, -3.65247776561015 ], [ 128.258058969746003, -3.65237676634857 ], [ 128.258206029585011, -3.6522913964047 ], [ 128.258414919612989, -3.65226824605669 ], [ 128.258600679977008, -3.65215958636984 ], [ 128.258918059720997, -3.65192668624186 ], [ 128.259188959802998, -3.65176368591985 ], [ 128.259366979702008, -3.65166279637555 ], [ 128.25955351977899, -3.65152301564939 ], [ 128.259980259781003, -3.65140646621032 ], [ 128.260031909644994, -3.65140071594517 ], [ 128.260171229918001, -3.65138529616937 ], [ 128.260182619831994, -3.65138403621917 ], [ 128.260329370303992, -3.65136778636916 ], [ 128.260483130092013, -3.65131643597969 ], [ 128.260575517446, -3.65128558203897 ], [ 128.260794930441989, -3.65121230617805 ], [ 128.261066559873996, -3.6510566560151 ], [ 128.261327130343005, -3.65093057556099 ], [ 128.261609809745011, -3.65074537637358 ], [ 128.261997860012997, -3.65051188629038 ], [ 128.262618660223012, -3.65023962553438 ], [ 128.262826461172011, -3.65016390621551 ], [ 128.263045429903002, -3.65008411566565 ], [ 128.263363289884012, -3.65000625596028 ], [ 128.263821280428004, -3.64992888638546 ], [ 128.264247711962014, -3.6498902883826 ], [ 128.264247960174998, -3.64989026589954 ], [ 128.264707539820989, -3.64986588617817 ], [ 128.265078820431, -3.64981474623009 ], [ 128.265528080357001, -3.64965751595833 ], [ 128.266032359906006, -3.64957999619669 ], [ 128.266342709648001, -3.64950231635572 ], [ 128.266575619668998, -3.64926869587076 ], [ 128.26663442993501, -3.64920234568891 ], [ 128.266785450387999, -3.64903192596001 ], [ 128.266839524824007, -3.64897090516063 ], [ 128.266886189746003, -3.64891824625758 ], [ 128.267080310208001, -3.6486846059875 ], [ 128.267429599695987, -3.64841212579701 ], [ 128.267662540293998, -3.64813954578179 ], [ 128.267973050116012, -3.6478670260211 ], [ 128.268204049976987, -3.64769522583284 ], [ 128.268516360241989, -3.64747779584267 ], [ 128.268710420449992, -3.6473220863244 ], [ 128.269214950009996, -3.64693282556909 ], [ 128.269510530187006, -3.64677029559253 ], [ 128.269797049694006, -3.64654362596764 ], [ 128.270029990291988, -3.64627104595238 ], [ 128.270146599985992, -3.64595940568268 ], [ 128.270185670133003, -3.64560873573561 ], [ 128.270340929989999, -3.64545299564052 ], [ 128.270612779755993, -3.6450245757053 ], [ 128.270654678271001, -3.64492377969049 ], [ 128.266545770270994, -3.64259704919872 ], [ 128.267375661057997, -3.64096097825258 ], [ 128.267419356418003, -3.64087483579117 ], [ 128.268804613642004, -3.64159866503171 ], [ 128.269191487596999, -3.64172346305258 ], [ 128.269615801228014, -3.64178586161335 ], [ 128.269840436587003, -3.64172346305258 ], [ 128.27077642219399, -3.64173594204529 ], [ 128.271188255932998, -3.6420728973312 ], [ 128.271275614278011, -3.64242233071049 ], [ 128.271550170104007, -3.64278424578037 ], [ 128.271837204923003, -3.64295896336935 ], [ 128.271862261834002, -3.64309426816969 ], [ 128.271868875448007, -3.64309817122735 ], [ 128.272008870213, -3.64318079554093 ], [ 128.272011730056988, -3.64318246558199 ], [ 128.272045549962002, -3.64320224617037 ], [ 128.27213551993799, -3.64325483582561 ], [ 128.27215903001499, -3.64326857566778 ], [ 128.272315180200991, -3.64335870572318 ], [ 128.272463519776011, -3.6434443157859 ], [ 128.272615179647005, -3.64352679620794 ], [ 128.272770470081014, -3.6436055156652 ], [ 128.272934449764989, -3.64366372608326 ], [ 128.273102749792002, -3.64369459621171 ], [ 128.273278120289007, -3.64372676586064 ], [ 128.273455280436991, -3.64375925566816 ], [ 128.273631070018013, -3.64378626590646 ], [ 128.273802899884004, -3.64380857628777 ], [ 128.273972789911994, -3.64384318579735 ], [ 128.274146029914988, -3.64389084626841 ], [ 128.274312509715003, -3.64395984585306 ], [ 128.274465050022002, -3.64403932613673 ], [ 128.274477160293003, -3.64404639031141 ], [ 128.274501579584012, -3.64406063557264 ], [ 128.274615170254009, -3.64412688592969 ], [ 128.274757899857008, -3.64422164569497 ], [ 128.274902670021987, -3.64432677554269 ], [ 128.275022500187987, -3.6444584659677 ], [ 128.275128630082008, -3.64459709556169 ], [ 128.275238680120992, -3.64473441574268 ], [ 128.275252609720013, -3.64474603588286 ], [ 128.275387429786008, -3.64485850599709 ], [ 128.275520669743003, -3.6449293258095 ], [ 128.275604910139009, -3.64497819586874 ], [ 128.275673270304992, -3.64501784607844 ], [ 128.275818920006998, -3.64510801570393 ], [ 128.275853169788007, -3.64512646619499 ], [ 128.275971640178994, -3.64519025600702 ], [ 128.276018670225994, -3.6452154163399 ], [ 128.276125480007011, -3.64527255566532 ], [ 128.276276200087011, -3.64535388585448 ], [ 128.276420870426989, -3.64546161564224 ], [ 128.276557710370014, -3.64557748609316 ], [ 128.276688169622986, -3.64569005603224 ], [ 128.276816709722993, -3.6458034857231 ], [ 128.27695650034201, -3.64591491622111 ], [ 128.277096819762988, -3.64601977627227 ], [ 128.277244119719995, -3.64612384581933 ], [ 128.277384070419004, -3.64622271638569 ], [ 128.277527600418011, -3.64632752607477 ], [ 128.277552179789012, -3.64634686599537 ], [ 128.277669390229988, -3.64643906629007 ], [ 128.277815239581997, -3.6465399657269 ], [ 128.277956700241987, -3.64663663565216 ], [ 128.278098150109997, -3.64673330557748 ], [ 128.278239609870013, -3.64682997640206 ], [ 128.278381059737995, -3.64692664632731 ], [ 128.278522419674005, -3.64702919602009 ], [ 128.278649519959004, -3.64714424628934 ], [ 128.278792389856989, -3.64724975565101 ], [ 128.278941439895988, -3.64734841577598 ], [ 128.279084219861005, -3.64744309640083 ], [ 128.279229650128002, -3.64753537583596 ], [ 128.279374959887008, -3.64762609584656 ], [ 128.279519929700996, -3.64772279634881 ], [ 128.279621371426998, -3.64779161704935 ], [ 128.279662789706009, -3.64781971628559 ], [ 128.279805899722987, -3.6479138860956 ], [ 128.27981446036901, -3.64791963636068 ], [ 128.27994999, -3.64801068642254 ], [ 128.280025020437989, -3.64806338579508 ], [ 128.280029619570996, -3.64806661705915 ], [ 128.280097580438991, -3.64811434587874 ], [ 128.280240149962992, -3.64821698640307 ], [ 128.28036257017601, -3.64835030639963 ], [ 128.280363470397987, -3.64835128576139 ], [ 128.280512700300989, -3.64846727582213 ], [ 128.280646100337009, -3.6485650663027 ], [ 128.280786280363003, -3.64865605610995 ], [ 128.280956280108001, -3.64875874609698 ], [ 128.281098749807995, -3.64883837566811 ], [ 128.281252499702987, -3.64894073560399 ], [ 128.281381600081005, -3.64903142593697 ], [ 128.281499190035987, -3.64912271611777 ], [ 128.281623179565997, -3.6492466157159 ], [ 128.281746140271991, -3.64936612572315 ], [ 128.281870660403001, -3.6494866060989 ], [ 128.281915120186994, -3.64952900553605 ], [ 128.281999220287986, -3.64960922596181 ], [ 128.282131649956, -3.6497318161471 ], [ 128.282274369666993, -3.64983757641961 ], [ 128.282417479683005, -3.64993684628481 ], [ 128.282560679632013, -3.65003089558568 ], [ 128.282577180392991, -3.650042105635 ], [ 128.282709629846011, -3.65013208640288 ], [ 128.282785699899989, -3.65018786595341 ], [ 128.282848120045003, -3.65023364594212 ], [ 128.282983010257993, -3.65035352557075 ], [ 128.283109130282014, -3.6504762956204 ], [ 128.283232840123986, -3.65059720587205 ], [ 128.283365060248997, -3.65072004606885 ], [ 128.283392139735014, -3.65074811570854 ], [ 128.283488740412992, -3.65084824622505 ], [ 128.283520285932013, -3.65088554830482 ], [ 128.283526170197007, -3.65089250635949 ], [ 128.283605350106996, -3.65098612578434 ], [ 128.283718549571006, -3.65112387584137 ], [ 128.283829390113993, -3.65125484590943 ], [ 128.283837920183998, -3.65126428609293 ], [ 128.283940085116001, -3.65137729519156 ], [ 128.283946929707014, -3.65138486629337 ], [ 128.28408449989999, -3.65150160638878 ], [ 128.284224189794998, -3.65160545560188 ], [ 128.284366510206013, -3.65170083589938 ], [ 128.284508149830998, -3.65179979639795 ], [ 128.284649820032996, -3.65190356557141 ], [ 128.284783409827014, -3.6520109356304 ], [ 128.284920860408988, -3.65212698594573 ], [ 128.285057220114993, -3.65224514607059 ], [ 128.28519440989399, -3.65236000568357 ], [ 128.285329890062997, -3.65247370607039 ], [ 128.285461239644007, -3.65258454571379 ], [ 128.285586939685999, -3.65270112572985 ], [ 128.285719329783007, -3.65281263626748 ], [ 128.285856479992987, -3.65292122580715 ], [ 128.285989129993993, -3.6530297658841 ], [ 128.286113019699997, -3.6531497462368 ], [ 128.286232390312989, -3.65328415621172 ], [ 128.286276680125013, -3.65333963628793 ], [ 128.286339430320993, -3.65341823613542 ], [ 128.286455379912013, -3.6535512260808 ], [ 128.286516299986999, -3.65361841622943 ], [ 128.286518899926989, -3.65364123562702 ], [ 128.286581800309989, -3.65369077568121 ], [ 128.286687610044993, -3.65380878561927 ], [ 128.286804660407, -3.65393997602125 ], [ 128.286979320439002, -3.65404044558212 ], [ 128.286990470234002, -3.65405050629786 ], [ 128.287134389639988, -3.65418035581062 ], [ 128.287246459556997, -3.6543851458295 ], [ 128.287266599873988, -3.65457437577833 ], [ 128.287262120350988, -3.65458740605544 ], [ 128.287256251374998, -3.65460448238243 ], [ 128.287211109905002, -3.65473581577653 ], [ 128.287203460271996, -3.65474154625664 ], [ 128.287210180006014, -3.65498324625087 ], [ 128.287364599896989, -3.65511752582405 ], [ 128.287465284395012, -3.65517345376271 ], [ 128.287485449894007, -3.65518465571808 ], [ 128.287507430223997, -3.65517786583667 ], [ 128.28748307028701, -3.65519665627149 ], [ 128.28780100041601, -3.65531893619064 ], [ 128.287878094935991, -3.65532150637516 ], [ 128.288203830143004, -3.65533236576669 ], [ 128.288485809871986, -3.65543978618768 ], [ 128.288660370080009, -3.65552035555043 ], [ 128.28866688027199, -3.65551696600563 ], [ 128.288666079876009, -3.65555704609127 ], [ 128.288773969743005, -3.65567383564926 ], [ 128.288896790155007, -3.65580888594144 ], [ 128.28898359002099, -3.65592512601379 ], [ 128.288996560042989, -3.65594249641903 ], [ 128.289085949957013, -3.6560667656386 ], [ 128.289194980164012, -3.65619443609407 ], [ 128.289312449610009, -3.65632844587068 ], [ 128.289428230129005, -3.65644073612056 ], [ 128.289552250236, -3.65658626621254 ], [ 128.289650479585987, -3.65676054583163 ], [ 128.289756630163993, -3.6568957660957 ], [ 128.289888940222994, -3.65701850556841 ], [ 128.290007559900999, -3.65714461570015 ], [ 128.290120959914987, -3.65727331587939 ], [ 128.290236500313995, -3.65740029565556 ], [ 128.290353110007999, -3.65752606584359 ], [ 128.29047613996201, -3.6576579559181 ], [ 128.290599499966987, -3.65778976595292 ], [ 128.290718009928014, -3.657916225921 ], [ 128.290839199868998, -3.65804645584699 ], [ 128.290954289708992, -3.65817362627944 ], [ 128.291073059573989, -3.65830356572446 ], [ 128.291198399886014, -3.65843348628371 ], [ 128.291316009626001, -3.65856082578865 ], [ 128.291432040156991, -3.6586991963779 ], [ 128.291541109934002, -3.65883761553047 ], [ 128.291650720205013, -3.65898117610713 ], [ 128.291757100110004, -3.65912644629506 ], [ 128.291859340435991, -3.65926429617681 ], [ 128.291965710449006, -3.65939890580119 ], [ 128.29207030969701, -3.65953548584016 ], [ 128.292178869558995, -3.65967588619923 ], [ 128.292295449574993, -3.65980168606489 ], [ 128.29241647044401, -3.65992509553246 ], [ 128.292539539968004, -3.66005311582428 ], [ 128.292645800264012, -3.66018782617273 ], [ 128.292707050389993, -3.66028142581256 ], [ 128.292740270447013, -3.66036495574343 ], [ 128.292771830356003, -3.66044429573284 ], [ 128.292809459788998, -3.66061806633573 ], [ 128.292857999797008, -3.66078406589672 ], [ 128.292938439657007, -3.66094595555608 ], [ 128.293024990410998, -3.66110324608243 ], [ 128.293096029657988, -3.66126239640681 ], [ 128.29316411013599, -3.66142562605594 ], [ 128.293265979940998, -3.6615691659482 ], [ 128.293378659598005, -3.66169980596514 ], [ 128.293454949986, -3.66187068614692 ], [ 128.293473581240988, -3.66195587083036 ], [ 128.293489879654004, -3.66203039584959 ], [ 128.293571250312993, -3.66218219601487 ], [ 128.293679970254004, -3.66229546562643 ], [ 128.29383591989199, -3.66237524628369 ], [ 128.293949390052006, -3.66250394556362 ], [ 128.294046700295013, -3.66264149597111 ], [ 128.294048499838993, -3.66264404554908 ], [ 128.294149160056008, -3.66278767627293 ], [ 128.294174559607995, -3.66282559618699 ], [ 128.294247970367991, -3.66293522624222 ], [ 128.294365699716991, -3.66306860559405 ], [ 128.294517570029996, -3.66315257619273 ], [ 128.294660209700993, -3.66324796638272 ], [ 128.294770980097013, -3.66338956553809 ], [ 128.294874170106993, -3.663526656392 ], [ 128.294953879718008, -3.66362956581358 ], [ 128.294980739768988, -3.66366424636963 ], [ 128.295049609851986, -3.663751745908 ], [ 128.295215890001003, -3.66394768569862 ], [ 128.295318970294005, -3.66406039593183 ], [ 128.29545104023299, -3.66418339620798 ], [ 128.295568669758012, -3.66431560554179 ], [ 128.295657639687988, -3.66446322565826 ], [ 128.29573507041701, -3.66459731637376 ], [ 128.29574499983201, -3.66461451590796 ], [ 128.29581495, -3.66478123582592 ], [ 128.29587947995401, -3.66494609594597 ], [ 128.295951500361014, -3.66510962596867 ], [ 128.29603314981, -3.66527088610256 ], [ 128.296119609731988, -3.66542224560004 ], [ 128.296212689563987, -3.66556646627913 ], [ 128.296309759688, -3.66571641563963 ], [ 128.296403999645008, -3.66585986559975 ], [ 128.296498229710011, -3.66600332635168 ], [ 128.296575680224009, -3.66615676598103 ], [ 128.296654969851005, -3.66631920602542 ], [ 128.296734270270008, -3.66648165596239 ], [ 128.296813569790004, -3.66664408611424 ], [ 128.296899759915988, -3.66679981631688 ], [ 128.29698623962301, -3.66694811632069 ], [ 128.297072720230005, -3.66709641632463 ], [ 128.297178080304008, -3.66724188616206 ], [ 128.297286150036001, -3.66738115607328 ], [ 128.297397069719011, -3.66752368602695 ], [ 128.297490770082987, -3.66766833568262 ], [ 128.297593010409003, -3.66781551603051 ], [ 128.297623439869994, -3.66787210587027 ], [ 128.297674329806995, -3.6679667361331 ], [ 128.297736009809, -3.66813550560607 ], [ 128.297793099671992, -3.66830440638003 ], [ 128.297793919854001, -3.66830682555636 ], [ 128.297848970053991, -3.66846966579908 ], [ 128.297903069671008, -3.66863685606249 ], [ 128.297955279811987, -3.66880165592795 ], [ 128.298008949553008, -3.66896485589942 ], [ 128.29806257972399, -3.66913738633722 ], [ 128.298117539992006, -3.66930885557499 ], [ 128.298176139817002, -3.66947450619905 ], [ 128.298226259934012, -3.66963884561159 ], [ 128.29827847007499, -3.66980649632795 ], [ 128.298332739664005, -3.66997901597381 ], [ 128.298389920358005, -3.67014809571284 ], [ 128.298446070430003, -3.67031342617833 ], [ 128.298502240286012, -3.67048030617562 ], [ 128.298557179869988, -3.67065261627951 ], [ 128.298616000028005, -3.67082267627956 ], [ 128.29867526984799, -3.67098605611553 ], [ 128.298738350094993, -3.67115552616034 ], [ 128.298755218100695, -3.671205977491308 ], [ 128.298793590051986, -3.67132074600921 ], [ 128.298850900248993, -3.67148283621731 ], [ 128.298933100082991, -3.67169442601009 ], [ 128.298974119960008, -3.67182240583238 ], [ 128.299026179913994, -3.67199560626508 ], [ 128.299071629851994, -3.67216215621119 ], [ 128.299117819932007, -3.67233588634453 ], [ 128.299170610136002, -3.6724993758978 ], [ 128.299231870155012, -3.6726664060819 ], [ 128.299297210398009, -3.67282691618124 ], [ 128.299360269960005, -3.67298669603096 ], [ 128.299387159690014, -3.67315826599275 ], [ 128.299381750267997, -3.67333719600623 ], [ 128.299352579858009, -3.67351572582134 ], [ 128.299327960016996, -3.67368692616172 ], [ 128.299346209959992, -3.67385455619368 ], [ 128.299394859685009, -3.67401613558686 ], [ 128.299469939586004, -3.67417256636136 ], [ 128.299552519832986, -3.67433067617012 ], [ 128.299634600057004, -3.6744917159701 ], [ 128.299640710050994, -3.67450381454953 ], [ 128.299645169788988, -3.67451264589203 ], [ 128.29971552015499, -3.67465199584293 ], [ 128.299789619795007, -3.67480690586388 ], [ 128.29986033978301, -3.67496884588521 ], [ 128.299912940230001, -3.67513239569297 ], [ 128.299965740326996, -3.67529887639137 ], [ 128.300019429852995, -3.67547157590166 ], [ 128.300067100217007, -3.67564557583162 ], [ 128.300108999630993, -3.67581868633205 ], [ 128.300143709863988, -3.67598698635892 ], [ 128.300180670201996, -3.67616383624044 ], [ 128.300214810265004, -3.67633309584388 ], [ 128.300237299612007, -3.67650348589522 ], [ 128.300265159708999, -3.67667566559734 ], [ 128.300311429829009, -3.67684114624957 ], [ 128.300348499883, -3.67701653563209 ], [ 128.300368820064989, -3.67719629571978 ], [ 128.300370769794995, -3.67737240635854 ], [ 128.300371740163996, -3.67755219612387 ], [ 128.300375559584012, -3.67772403588226 ], [ 128.300393629662011, -3.67789593589529 ], [ 128.300412189870997, -3.67807263558998 ], [ 128.300423849580994, -3.67825317628922 ], [ 128.300453250217004, -3.67842992634598 ], [ 128.300481550083987, -3.67860279582816 ], [ 128.300506589907002, -3.6787805162534 ], [ 128.300560200293006, -3.67894365597035 ], [ 128.300664949728002, -3.6790572961026 ], [ 128.300811329678993, -3.67917249565936 ], [ 128.300907659660993, -3.6793154563882 ], [ 128.300960559581995, -3.67948491564122 ], [ 128.300977910202988, -3.67965792631691 ], [ 128.300990880224987, -3.67983200628652 ], [ 128.301010960288011, -3.68000407627141 ], [ 128.301028960217991, -3.68018087579088 ], [ 128.301046300047005, -3.6803556158629 ], [ 128.301077900425014, -3.68053314563191 ], [ 128.301093029719993, -3.68071203607517 ], [ 128.301106929641008, -3.68089120620752 ], [ 128.30110474968501, -3.68106577630768 ], [ 128.301096639598001, -3.68124221609834 ], [ 128.301088040281002, -3.68142084573824 ], [ 128.301071999973004, -3.68159478631291 ], [ 128.301051259807991, -3.68176774572728 ], [ 128.301025739745995, -3.68194413605526 ], [ 128.301004350271, -3.68211542632789 ], [ 128.300974900172008, -3.68229223573995 ], [ 128.300945430286987, -3.68247043550383 ], [ 128.300924110060009, -3.68264510632806 ], [ 128.300909479888986, -3.68282336634655 ], [ 128.300908210046003, -3.68300269565903 ], [ 128.300924209883988, -3.68317833595233 ], [ 128.300958910226001, -3.68334852635414 ], [ 128.301008149906011, -3.6835137758806 ], [ 128.30107395959601, -3.68367830594944 ], [ 128.301162780238002, -3.683827856011 ], [ 128.301211109804996, -3.68399478637027 ], [ 128.301154879693996, -3.6841605557049 ], [ 128.301080760269002, -3.68431997582592 ], [ 128.300980129728998, -3.68446456612635 ], [ 128.300884070443004, -3.68461644633131 ], [ 128.300815230039007, -3.6847826860113 ], [ 128.300767670292004, -3.68494915591779 ], [ 128.300730379903001, -3.68512018628635 ], [ 128.300695960150989, -3.68529342628924 ], [ 128.30066566019201, -3.68547008551444 ], [ 128.300635350340997, -3.68564409623635 ], [ 128.300594180276988, -3.68581754578119 ], [ 128.300555159592989, -3.68598787557789 ], [ 128.300514299794997, -3.68616278562179 ], [ 128.300466820087991, -3.68633625585106 ], [ 128.300397750356012, -3.68650264571788 ], [ 128.300320549854007, -3.68666161617779 ], [ 128.300277750217987, -3.68679092609738 ], [ 128.300218099984988, -3.68700118579289 ], [ 128.300176730272, -3.68717206597465 ], [ 128.300139879651994, -3.68734839604806 ], [ 128.300102830281986, -3.68752520635944 ], [ 128.300085260227007, -3.68769911635716 ], [ 128.300056939676011, -3.68787691592282 ], [ 128.300029860189994, -3.6880496361175 ], [ 128.299996189572994, -3.68822690598238 ], [ 128.29997274964299, -3.68839808563847 ], [ 128.299954079716997, -3.6885739858359 ], [ 128.299931270211999, -3.68874575634658 ], [ 128.299908729603999, -3.68892013579043 ], [ 128.299898569963005, -3.68910054608787 ], [ 128.299876960153995, -3.68927378609076 ], [ 128.299846289675003, -3.68944699551663 ], [ 128.299801569987011, -3.68962068607987 ], [ 128.299751150394997, -3.68978552551546 ], [ 128.299697450076991, -3.6899487263863 ], [ 128.299635809644997, -3.69011768561619 ], [ 128.29957259989601, -3.69028663585288 ], [ 128.299529419847005, -3.69045430635426 ], [ 128.299560379908002, -3.6906300455731 ], [ 128.299668289560003, -3.69076971568263 ], [ 128.299694629803014, -3.69094675622044 ], [ 128.299637940139007, -3.69111343566891 ], [ 128.299559950032005, -3.6912689257526 ], [ 128.299485270329001, -3.69142995566002 ], [ 128.299413880346009, -3.69159421593227 ], [ 128.299363559681012, -3.69176024607021 ], [ 128.299337720359006, -3.69193596550392 ], [ 128.299335429785998, -3.69211643605607 ], [ 128.299341049649996, -3.69228993596294 ], [ 128.299335089842003, -3.69246419579701 ], [ 128.299318119636013, -3.69264397566972 ], [ 128.299306389777996, -3.69281945588375 ], [ 128.299296470255996, -3.69299738585102 ], [ 128.29927949015601, -3.69316936590373 ], [ 128.299267049833986, -3.69334290628015 ], [ 128.299257720268002, -3.6935227356156 ], [ 128.299237949571989, -3.69369676612248 ], [ 128.299215009665005, -3.69386947552535 ], [ 128.299185629713008, -3.69404715638047 ], [ 128.299156860401013, -3.69421982621309 ], [ 128.299100599713, -3.69439058588579 ], [ 128.299020860424008, -3.69455121559486 ], [ 128.298933670253007, -3.69470907629139 ], [ 128.298842030235988, -3.69486454569066 ], [ 128.298724829686989, -3.69499194634952 ], [ 128.298586069690998, -3.69509904571252 ], [ 128.298440929905013, -3.6951962561304 ], [ 128.298313749579989, -3.69528214588231 ], [ 128.298290299758008, -3.69530212612019 ], [ 128.298152979576997, -3.69541917558232 ], [ 128.298022520323002, -3.69553037585388 ], [ 128.297872159972002, -3.69562084585298 ], [ 128.297721879660998, -3.6957153762911 ], [ 128.297576309998988, -3.69582189559134 ], [ 128.297437169590012, -3.6959362156111 ], [ 128.297314279929992, -3.69605581555055 ], [ 128.297174490211006, -3.69616421623259 ], [ 128.297015109660009, -3.69624843594348 ], [ 128.296854640030006, -3.69630872559411 ], [ 128.29668927988601, -3.69635952559842 ], [ 128.296490740156003, -3.69639773599351 ], [ 128.296321860066001, -3.6964273461718 ], [ 128.296185149624989, -3.69648253576712 ], [ 128.296039509816012, -3.69658385608665 ], [ 128.295907849966994, -3.69670449564241 ], [ 128.295822759712991, -3.69688904551925 ], [ 128.295749240134995, -3.69699222563689 ], [ 128.295638399593003, -3.69701761619615 ], [ 128.29547552967199, -3.69698664624285 ], [ 128.295388309823011, -3.69694210551992 ], [ 128.295296700382011, -3.69689533627698 ], [ 128.295140700383001, -3.69676892577168 ], [ 128.295030959710999, -3.69663237630961 ], [ 128.294950629568007, -3.69647200560524 ], [ 128.294850980189011, -3.69632865636923 ], [ 128.294748919726999, -3.69618512636944 ], [ 128.294728050060002, -3.69600610552454 ], [ 128.294716720400004, -3.6958740760551 ], [ 128.294713230131009, -3.69583342579934 ], [ 128.294633870356989, -3.69567619552757 ], [ 128.29450482034099, -3.69555420608941 ], [ 128.294436759648988, -3.69539211588127 ], [ 128.294356537423994, -3.69533309697278 ], [ 128.294294809757986, -3.69528768570607 ], [ 128.294122329682011, -3.69524666582902 ], [ 128.293947550039007, -3.69522249564969 ], [ 128.293772040148014, -3.695219176252 ], [ 128.293601070032992, -3.6952126858448 ], [ 128.293430109811993, -3.69520618554502 ], [ 128.293196859847001, -3.69520703630369 ], [ 128.293073519627001, -3.69521500609564 ], [ 128.292894180421996, -3.69523152574237 ], [ 128.292723800262991, -3.6952472261066 ], [ 128.292548499913011, -3.69525204557344 ], [ 128.292377459651988, -3.69525614558265 ], [ 128.292197839858005, -3.69526386626241 ], [ 128.292027070292988, -3.69527444588694 ], [ 128.291851299597994, -3.69528693567152 ], [ 128.291673929908001, -3.69531822578339 ], [ 128.291505410446007, -3.69534795557158 ], [ 128.291333489749007, -3.69538258576559 ], [ 128.291166650220987, -3.69542062618877 ], [ 128.290991259939005, -3.69546149587913 ], [ 128.290820180107005, -3.69551800567911 ], [ 128.290662320309991, -3.69557015556588 ], [ 128.290553669616003, -3.69572284605998 ], [ 128.290036709626008, -3.69598468637136 ], [ 128.289979230357005, -3.69591836586715 ], [ 128.289977002737004, -3.69591877955529 ], [ 128.28986284999101, -3.69594001614605 ], [ 128.289685439831004, -3.69592521600324 ], [ 128.289522310006987, -3.69587168565708 ], [ 128.289354400284992, -3.69582354584733 ], [ 128.289288321908998, -3.69581065075578 ], [ 128.289169288332005, -3.69579126468262 ], [ 128.289002310308007, -3.69578668623397 ], [ 128.288831330302003, -3.69579290594527 ], [ 128.28866180989499, -3.69581989549917 ], [ 128.288493220286, -3.69584920620325 ], [ 128.28832279965701, -3.69589259579396 ], [ 128.288160009776988, -3.69595827598093 ], [ 128.288004839851993, -3.69603067590212 ], [ 128.287850159158012, -3.69610283750306 ], [ 128.287849669926004, -3.69610306593082 ], [ 128.287707780289992, -3.69619937612727 ], [ 128.28756047043899, -3.69630344567435 ], [ 128.287481300158987, -3.69635213651413 ], [ 128.287409789929995, -3.69639611631446 ], [ 128.287260110365992, -3.69647936565685 ], [ 128.287185973854008, -3.69652060406925 ], [ 128.287184640159012, -3.69652134600998 ], [ 128.287180430433011, -3.69651847627333 ], [ 128.287177069666001, -3.69652060586789 ], [ 128.287085531090014, -3.69658202332612 ], [ 128.286812349609988, -3.69675134582436 ], [ 128.286793689576996, -3.69673889560994 ], [ 128.28664961998399, -3.69682830620768 ], [ 128.286522009782999, -3.69694280609178 ], [ 128.286391810433997, -3.69706108582647 ], [ 128.286340192045998, -3.69710997477151 ], [ 128.286267319980993, -3.69717899593985 ], [ 128.286142819636012, -3.69729689616064 ], [ 128.286018650241004, -3.69741520557295 ], [ 128.285888809721001, -3.69754058635455 ], [ 128.285766590055999, -3.69766598602186 ], [ 128.285722209412995, -3.69770916337255 ], [ 128.285637229774011, -3.69779183624955 ], [ 128.28548759967299, -3.69787517552413 ], [ 128.285326110211997, -3.69795062594574 ], [ 128.285162209667988, -3.69802561591447 ], [ 128.284987109866989, -3.69804399625845 ], [ 128.284808640307006, -3.69805236624869 ], [ 128.284637559575998, -3.69805222595446 ], [ 128.284460480366988, -3.6980483462792 ], [ 128.284288100115987, -3.69804329568655 ], [ 128.284117069746998, -3.6980387559089 ], [ 128.283944489845993, -3.69802731563313 ], [ 128.283803921313989, -3.69802042772556 ], [ 128.283793259850995, -3.69801990611883 ], [ 128.28377009961099, -3.69801877567098 ], [ 128.283590069725989, -3.69802339548836 ], [ 128.283419360414996, -3.69803870554684 ], [ 128.283251289714997, -3.69808138557246 ], [ 128.283087939556992, -3.69813338617175 ], [ 128.282915939719004, -3.69818703612769 ], [ 128.282743959665993, -3.69824068608358 ], [ 128.282571959828005, -3.69829433603953 ], [ 128.282408570099989, -3.6983452961232 ], [ 128.282244340403992, -3.69839614559029 ], [ 128.282071749712003, -3.69844201551116 ], [ 128.28189614988699, -3.69848217563644 ], [ 128.281729519901006, -3.6985231163732 ], [ 128.281554760044003, -3.69856684590764 ], [ 128.281391360422987, -3.69862412552738 ], [ 128.281231719967991, -3.69868592603897 ], [ 128.281074079604991, -3.698768065618 ], [ 128.28090230010099, -3.69881242557721 ], [ 128.280726559983009, -3.69884495585422 ], [ 128.280562299710994, -3.69890946602317 ], [ 128.280405000190996, -3.69898711618649 ], [ 128.280245699679, -3.69904981602012 ], [ 128.280069210426007, -3.69908343627548 ], [ 128.279899340182993, -3.69912370611803 ], [ 128.279727479738995, -3.69917779584246 ], [ 128.279559069995003, -3.69921250607606 ], [ 128.279391469641013, -3.69924704633783 ], [ 128.279223880078007, -3.69928159559284 ], [ 128.279059010064998, -3.69932905551514 ], [ 128.278897390203014, -3.6993854654904 ], [ 128.278727279840012, -3.69944485581899 ], [ 128.278591010966011, -3.69946189887099 ], [ 128.278556250370997, -3.69946624619377 ], [ 128.278332749956007, -3.69949191554295 ], [ 128.278204069562008, -3.69951453619034 ], [ 128.278029940130011, -3.69956067590785 ], [ 128.277855790013007, -3.69960679584033 ], [ 128.277735490401, -3.69963857608279 ], [ 128.277521850152993, -3.69972927630826 ], [ 128.277370489756009, -3.69981993606429 ], [ 128.277227799722993, -3.69993030626161 ], [ 128.277099149906007, -3.70004633589252 ], [ 128.27698546031101, -3.70018664631941 ], [ 128.276926019619992, -3.70035623597407 ], [ 128.276851029650999, -3.70051255613195 ], [ 128.276765169577004, -3.70066122575716 ], [ 128.276634650069013, -3.7007763956362 ], [ 128.276495720101991, -3.70087890575889 ], [ 128.27635049038301, -3.70097346587464 ], [ 128.276178709979007, -3.70102779571802 ], [ 128.276013679887996, -3.70108272630851 ], [ 128.275836460383999, -3.70110331628677 ], [ 128.275664259997995, -3.70109307570661 ], [ 128.275495260297987, -3.7010663154799 ], [ 128.27532207965001, -3.70104938574239 ], [ 128.275151050180995, -3.70105354600611 ], [ 128.275075699583994, -3.70107628626344 ], [ 128.275061549651014, -3.70106488555782 ], [ 128.274899310155007, -3.7010943860189 ], [ 128.274847240307992, -3.70110385588004 ], [ 128.27481504008199, -3.70110970596992 ], [ 128.274796690314986, -3.70112989574983 ], [ 128.274477090146007, -3.70148145602575 ], [ 128.274510380349994, -3.70151345570273 ], [ 128.274483350325994, -3.70156815606681 ], [ 128.274385110184994, -3.70170887568513 ], [ 128.274281699840998, -3.70185699582466 ], [ 128.27418567023301, -3.70200242609187 ], [ 128.274101089893009, -3.70215183585917 ], [ 128.274032629901996, -3.70231752605342 ], [ 128.273936889876012, -3.70246603559934 ], [ 128.273810820212987, -3.70259319613926 ], [ 128.27366817964301, -3.70268843614246 ], [ 128.273489059871991, -3.70270721578537 ], [ 128.273315419671007, -3.70270975637016 ], [ 128.273143470195009, -3.7027190859371 ], [ 128.272980250437996, -3.70279224578548 ], [ 128.272828210153989, -3.70288921608428 ], [ 128.272741251537781, -3.702955995593435 ], [ 128.272721769994007, -3.7029709563643 ], [ 128.272555950297004, -3.70310639606294 ], [ 128.272419710202001, -3.70322472615969 ], [ 128.272290289664994, -3.70333713601938 ], [ 128.272150970290994, -3.70344554569462 ], [ 128.27201305026199, -3.70355094623832 ], [ 128.271867500385014, -3.7036574961156 ], [ 128.271729229620007, -3.70375873549616 ], [ 128.271583870399013, -3.70386349572252 ], [ 128.271441880038992, -3.70395937604307 ], [ 128.271299869892999, -3.70405525636355 ], [ 128.271219753153588, -3.704150654293652 ], [ 128.271186049895988, -3.70419078599443 ], [ 128.27109350336201, -3.7043246554768 ], [ 128.271087709929986, -3.70433303625888 ], [ 128.270988809686003, -3.70448424556962 ], [ 128.270914190237988, -3.70458807589699 ], [ 128.270784490012005, -3.70476326563005 ], [ 128.270674699877986, -3.70490668591256 ], [ 128.270568339757006, -3.70504292600778 ], [ 128.270537133282005, -3.70508205101333 ], [ 128.270523569706995, -3.70509905629391 ], [ 128.270499719686001, -3.70509526565146 ], [ 128.270497730386012, -3.70509796631555 ], [ 128.27021544038999, -3.70548188599732 ], [ 128.270220791356991, -3.70549549453854 ], [ 128.270224070284996, -3.70550383575047 ], [ 128.270206920213013, -3.70549476608761 ], [ 128.270137479960994, -3.70558523608674 ], [ 128.270057300004993, -3.70573706592962 ], [ 128.26999543024499, -3.70589966605341 ], [ 128.269976488724012, -3.70596280115887 ], [ 128.269945140156011, -3.70606729608531 ], [ 128.269931740257988, -3.70615331623885 ], [ 128.269919409652999, -3.70623251593411 ], [ 128.269907310174005, -3.70640672630549 ], [ 128.269907169880014, -3.7065785957415 ], [ 128.269907029585994, -3.7067504759694 ], [ 128.269896399598991, -3.70692861547875 ], [ 128.26987945996899, -3.70710499591412 ], [ 128.269841930360997, -3.70728195551299 ], [ 128.269807569963007, -3.70738149607422 ], [ 128.269785499700987, -3.70744544596552 ], [ 128.269727139996007, -3.70760700557366 ], [ 128.269668759605992, -3.70776857597362 ], [ 128.269594230090007, -3.70793252597977 ], [ 128.269494140043008, -3.70807762619579 ], [ 128.269438429740006, -3.70824966560371 ], [ 128.269435509640999, -3.70835194549991 ], [ 128.269475120280987, -3.70837250580047 ], [ 128.269546479685999, -3.70852495617561 ], [ 128.269541379630994, -3.70855300603017 ], [ 128.269561969608986, -3.70858552551537 ], [ 128.269784380044996, -3.70893668559297 ], [ 128.269768419776995, -3.70894732547204 ], [ 128.26977275001201, -3.70895314588433 ], [ 128.269779885233987, -3.70896272906003 ], [ 128.269822880021991, -3.70902047632723 ], [ 128.269823520339003, -3.70902131629405 ], [ 128.269880396162989, -3.70909587368883 ], [ 128.269887689665012, -3.70910543618011 ], [ 128.269885679679987, -3.70910925560091 ], [ 128.269885780404991, -3.70910937611002 ], [ 128.270169959876, -3.70949586605419 ], [ 128.270175220010003, -3.709495086342 ], [ 128.270243640432, -3.70958882627601 ], [ 128.270362309572988, -3.70971548589352 ], [ 128.27043974030201, -3.70978738579171 ], [ 128.270487950258996, -3.70983214594919 ], [ 128.270558330303004, -3.70991028624305 ], [ 128.27060496015099, -3.70996205571658 ], [ 128.270638700016008, -3.71000586619002 ], [ 128.270709670015009, -3.7100979963376 ], [ 128.270743210230989, -3.7101393759435 ], [ 128.270777989712997, -3.71018227630304 ], [ 128.270818059905992, -3.71023170574062 ], [ 128.270934860256006, -3.71036941622746 ], [ 128.271037990010996, -3.71051257570649 ], [ 128.271062150298008, -3.71053432581022 ], [ 128.271169809939011, -3.71063125563953 ], [ 128.271183709859997, -3.71064512588342 ], [ 128.27129534990101, -3.71075653569705 ], [ 128.271406890115998, -3.71088825579966 ], [ 128.271455949932005, -3.71094360547427 ], [ 128.271488109688988, -3.71097990570928 ], [ 128.271526220259005, -3.71102290589353 ], [ 128.271624199596999, -3.71114539625402 ], [ 128.271635290037011, -3.71115925570607 ], [ 128.27170713957301, -3.71126586583794 ], [ 128.27173267042599, -3.71130375607435 ], [ 128.271759120387003, -3.71136217603439 ], [ 128.271803500131995, -3.71146021562715 ], [ 128.271871370167986, -3.71162251627665 ], [ 128.271881500131002, -3.71178342567493 ], [ 128.271836319990001, -3.71193789592741 ], [ 128.271747770043987, -3.71210291612671 ], [ 128.271645320175992, -3.71219004604373 ], [ 128.271590750212994, -3.71233067572985 ], [ 128.271595430285004, -3.71247532628488 ], [ 128.271584310168009, -3.71266903575683 ], [ 128.271570699828004, -3.71272059568829 ], [ 128.271540729921014, -3.71283409552633 ], [ 128.271471619719989, -3.71296875551272 ], [ 128.271371220306008, -3.71307993599922 ], [ 128.271207569773992, -3.7131371661562 ], [ 128.27103813030601, -3.71317906557026 ], [ 128.27086425987801, -3.71321587572093 ], [ 128.270713850063999, -3.71328850586857 ], [ 128.270572279687002, -3.71338114593175 ], [ 128.270425159593003, -3.71342657608422 ], [ 128.270317140223995, -3.71351133628761 ], [ 128.270183629570994, -3.71359026618628 ], [ 128.270018200180004, -3.7136367656326 ], [ 128.269867630286996, -3.71368388561116 ], [ 128.269695349860996, -3.71371505611322 ], [ 128.269524510147988, -3.71371434564881 ], [ 128.269329340176995, -3.71373547611957 ], [ 128.269178149752008, -3.71371314595319 ], [ 128.269016539781006, -3.71365427633216 ], [ 128.268848809925004, -3.71360040604232 ], [ 128.268673259563002, -3.71357458560707 ], [ 128.268494739641, -3.71356133589539 ], [ 128.268322470006012, -3.71359712621482 ], [ 128.268157269942009, -3.71366319580816 ], [ 128.26798023030301, -3.71365689605728 ], [ 128.267803709573997, -3.71363320611591 ], [ 128.267617579588006, -3.71359641575036 ], [ 128.267462149757989, -3.71361063583063 ], [ 128.267323260260014, -3.71368939575727 ], [ 128.267170860247006, -3.71383355618182 ], [ 128.267076950340993, -3.71394806595855 ], [ 128.266970160345011, -3.71409044572538 ], [ 128.266897389902994, -3.71424076560658 ], [ 128.266833539836, -3.71440419580454 ], [ 128.266770830110005, -3.71456541546893 ], [ 128.266694889558011, -3.71472905610825 ], [ 128.266594849872007, -3.71487887596639 ], [ 128.26648467033101, -3.71501479590299 ], [ 128.266380660138992, -3.71515512611494 ], [ 128.26629388005901, -3.71531359565249 ], [ 128.266240200424988, -3.71547679562405 ], [ 128.266185060292003, -3.71564236620849 ], [ 128.266126369635998, -3.71580380620678 ], [ 128.266089060361992, -3.71597646614689 ], [ 128.266056100208999, -3.71614696591539 ], [ 128.266011250118993, -3.71632097573795 ], [ 128.265961100325001, -3.71648012606234 ], [ 128.265876689956997, -3.7166367259093 ], [ 128.265806069793996, -3.71679672609307 ], [ 128.26575675996699, -3.71697062619822 ], [ 128.265741529948002, -3.71714954631912 ], [ 128.265731880222006, -3.71732505621082 ], [ 128.265734970293011, -3.71750357613336 ], [ 128.265719340075009, -3.71768955593229 ], [ 128.265717900260995, -3.71788456582389 ], [ 128.265706190189007, -3.71803048622165 ], [ 128.26565197995501, -3.71820214611565 ], [ 128.265604070372007, -3.71836743611162 ], [ 128.265558560178988, -3.71853312630588 ], [ 128.265496499763998, -3.71869341607121 ], [ 128.265436319830002, -3.71885507550412 ], [ 128.265448830298993, -3.7190308363067 ], [ 128.265506389607992, -3.71918884629069 ], [ 128.26550951025601, -3.71919741593039 ], [ 128.265583160234996, -3.71935808610905 ], [ 128.265591969993011, -3.71953717620179 ], [ 128.265548610080003, -3.71971055559954 ], [ 128.265540011917977, -3.719732747749055 ], [ 128.265486549665013, -3.71987073564769 ], [ 128.265429330299014, -3.72003316579943 ], [ 128.265380710252003, -3.72020736627825 ], [ 128.265308650273994, -3.72037247551053 ], [ 128.265225689613999, -3.72052299594054 ], [ 128.265154840124012, -3.72068932555277 ], [ 128.265154560435008, -3.72068998565513 ], [ 128.265083989733995, -3.72085566595689 ], [ 128.26501625009999, -3.72101561577851 ], [ 128.264949329747992, -3.72117380562695 ], [ 128.264894269655002, -3.72134221627043 ], [ 128.264866729716005, -3.72152100598962 ], [ 128.264860140383007, -3.72159426566268 ], [ 128.264851339617991, -3.72169220633005 ], [ 128.264838380387005, -3.72187081618482 ], [ 128.264821459643002, -3.72204630629137 ], [ 128.264796810125006, -3.7222163959691 ], [ 128.264773790177998, -3.72239177545907 ], [ 128.264752280193989, -3.72257140604436 ], [ 128.264733950211991, -3.72274788630457 ], [ 128.264707430104011, -3.72292419569351 ], [ 128.264669860026004, -3.72310113550731 ], [ 128.264634170431009, -3.72326923588462 ], [ 128.264591270071008, -3.72343704578097 ], [ 128.264541349604002, -3.72361088563156 ], [ 128.26448217960899, -3.72378092584659 ], [ 128.264418399689987, -3.72394041611465 ], [ 128.264354629662989, -3.72409990548346 ], [ 128.264287349581991, -3.7242652161638 ], [ 128.264218830234995, -3.72442277558749 ], [ 128.26414985043499, -3.72458736591091 ], [ 128.264132040262012, -3.72476429583209 ], [ 128.264086690149014, -3.72493545570304 ], [ 128.263959579970987, -3.72506091562488 ], [ 128.26380773034299, -3.72515013556637 ], [ 128.263682669719003, -3.72527364575804 ], [ 128.263609429831007, -3.72543138594549 ], [ 128.263571509917, -3.72560147562315 ], [ 128.263536820367989, -3.72577216604799 ], [ 128.263526450286008, -3.72593570596329 ], [ 128.263540420353991, -3.72611342548922 ], [ 128.263589179797009, -3.72628560609067 ], [ 128.263649480238996, -3.72644757578965 ], [ 128.263723409906987, -3.7266051855754 ], [ 128.263752879792008, -3.72678366592773 ], [ 128.263797610272007, -3.72695710558013 ], [ 128.263845529746987, -3.72713150570835 ], [ 128.263890969791987, -3.72730220602578 ], [ 128.263933020292995, -3.72746880633394 ], [ 128.263974800097003, -3.7276407162395 ], [ 128.264013749735, -3.7278082662317 ], [ 128.264073060024003, -3.72797825608476 ], [ 128.264159689917989, -3.72813176586121 ], [ 128.264244090392992, -3.72828516592043 ], [ 128.26430821025599, -3.72845270602014 ], [ 128.264355969652001, -3.72861978566694 ], [ 128.264349529606989, -3.72881128550456 ], [ 128.264389179816988, -3.72896166564035 ], [ 128.264446370403988, -3.72911946608234 ], [ 128.264501729970988, -3.72927092630391 ], [ 128.264477959989989, -3.72940066609939 ], [ 128.264344620207993, -3.72950967562242 ], [ 128.264198680025004, -3.72960370603754 ], [ 128.264046020107997, -3.7297060255039 ], [ 128.263989330442996, -3.72985035590027 ], [ 128.263886810428005, -3.7299789058927 ], [ 128.263727560278994, -3.73005689599981 ], [ 128.263554209658992, -3.730073475901 ], [ 128.263378679981997, -3.73007645625424 ], [ 128.263203170090009, -3.73008053557906 ], [ 128.263027590050996, -3.73007202619391 ], [ 128.262857119959989, -3.73004981563731 ], [ 128.262684399764993, -3.73007272586642 ], [ 128.262528499591014, -3.73015223582774 ], [ 128.262360370435005, -3.73021073582752 ], [ 128.262186410075003, -3.73025079612802 ], [ 128.262020549907987, -3.73029792599907 ], [ 128.26186169995799, -3.73036636620532 ], [ 128.261708850282986, -3.73045274608778 ], [ 128.261544599903004, -3.7305017258643 ], [ 128.26137621983699, -3.73054396612143 ], [ 128.261208849708993, -3.73060478547276 ], [ 128.261053220229996, -3.73068915626968 ], [ 128.260917310185988, -3.73080264621519 ], [ 128.260756659792008, -3.73084117586962 ], [ 128.260608320218012, -3.73077375549448 ], [ 128.260456490374992, -3.73070357599939 ], [ 128.260287430420988, -3.73064678561089 ], [ 128.260127629886, -3.73057312573944 ], [ 128.259940310096994, -3.73054531600381 ], [ 128.259759260381998, -3.73062733597302 ], [ 128.259644100395008, -3.7307570955536 ], [ 128.259599879831001, -3.73094194580407 ], [ 128.259509140034993, -3.73104321576158 ], [ 128.25931437026199, -3.73104769618401 ], [ 128.259171619974012, -3.73110926556987 ], [ 128.259106529743008, -3.73120417552189 ], [ 128.259015719800004, -3.73126887544779 ], [ 128.258884899918002, -3.73124439590177 ], [ 128.258747780286001, -3.73112169599916 ], [ 128.258617830048991, -3.73108925565434 ], [ 128.258461179839998, -3.73111509587468 ], [ 128.258294879905009, -3.73122235621637 ], [ 128.258168759879993, -3.73132417565967 ], [ 128.258064659756002, -3.73141648567164 ], [ 128.257966059886002, -3.73155742562395 ], [ 128.257936629571986, -3.7316987163118 ], [ 128.257910479984986, -3.73187782618961 ], [ 128.25782714970299, -3.73203293586005 ], [ 128.257681929877009, -3.73212707599241 ], [ 128.257520829822994, -3.73205585598165 ], [ 128.257350179866989, -3.73201292594452 ], [ 128.257185790091995, -3.73208821628684 ], [ 128.257093609582995, -3.73219591549763 ], [ 128.256981359802012, -3.73232756545316 ], [ 128.256817630130001, -3.73239623588593 ], [ 128.256649189808002, -3.73244749544384 ], [ 128.25648235028001, -3.73240640631892 ], [ 128.256346370089005, -3.73229692555114 ], [ 128.256195730049001, -3.73220038602756 ], [ 128.256023630386011, -3.73214824603333 ], [ 128.255859620124994, -3.73208215575555 ], [ 128.255717219674011, -3.73198657580863 ], [ 128.255555589918998, -3.73196475555779 ], [ 128.255383189881996, -3.73200987544416 ], [ 128.255255719975992, -3.73202548587619 ], [ 128.255080479880007, -3.73199643597553 ], [ 128.25490147971999, -3.73198976570392 ], [ 128.254729749678006, -3.7320204856457 ], [ 128.254562810325012, -3.73207962596263 ], [ 128.25440340998901, -3.73216382588847 ], [ 128.254271469553004, -3.73227755595289 ], [ 128.254166479998986, -3.73242268584658 ], [ 128.254073320127986, -3.73257751582784 ], [ 128.253976259896007, -3.73272502622693 ], [ 128.253873200288012, -3.73287339547868 ], [ 128.253747990377008, -3.73299895612458 ], [ 128.253614829561002, -3.73310711578835 ], [ 128.25346422009801, -3.73320030623657 ], [ 128.253291630305, -3.73321862632597 ], [ 128.253117570119997, -3.73320754577907 ], [ 128.252941160006998, -3.73323353618619 ], [ 128.252773490403996, -3.7332712762358 ], [ 128.252594590067986, -3.73328748561636 ], [ 128.25240661017699, -3.73329210633302 ], [ 128.252238650094, -3.73334868628012 ], [ 128.252142669948, -3.73345155613165 ], [ 128.252027310312002, -3.73359035569746 ], [ 128.251900700156995, -3.73370596624434 ], [ 128.251746239797001, -3.73378760580024 ], [ 128.251587809829999, -3.73385636616519 ], [ 128.251382710444005, -3.73394955571412 ], [ 128.251216360146998, -3.73403537621819 ], [ 128.251120020272992, -3.73410474632351 ], [ 128.250987169722009, -3.7342239460647 ], [ 128.250877959650012, -3.73436779622301 ], [ 128.250790600405992, -3.73452452557244 ], [ 128.250714649960997, -3.73468678575247 ], [ 128.250649059706006, -3.73485509567186 ], [ 128.250626670185, -3.73502549561567 ], [ 128.250629344124008, -3.7350405310373 ], [ 128.250650559775011, -3.73515982555088 ], [ 128.250672087769004, -3.73518435286528 ], [ 128.250763180077001, -3.73528813632367 ], [ 128.250891370341009, -3.73534619565563 ], [ 128.250966089613001, -3.73538003624481 ], [ 128.251137479710991, -3.73541440563546 ], [ 128.251287109812012, -3.7355121358614 ], [ 128.25136070043601, -3.73567453633562 ], [ 128.251496960317013, -3.73583526586952 ], [ 128.251599390400003, -3.73597106619627 ], [ 128.251601869830012, -3.73614793586287 ], [ 128.25156836019201, -3.73621601544104 ], [ 128.251537130333986, -3.73627948599368 ], [ 128.251480490132991, -3.73646220575015 ], [ 128.251398859570003, -3.73661787569822 ], [ 128.251288379654994, -3.73670225548845 ], [ 128.251124829846987, -3.73677897575275 ], [ 128.250971120421013, -3.73681525620269 ], [ 128.250800340063989, -3.73683694605185 ], [ 128.250612110161001, -3.73686300570674 ], [ 128.25046291982801, -3.73691245582868 ], [ 128.250304829804008, -3.73699162584633 ], [ 128.250125649778994, -3.73699458551515 ], [ 128.250000009992988, -3.73707292545849 ], [ 128.249999109771011, -3.73707381578733 ], [ 128.249967250388011, -3.73710576600161 ], [ 128.249934769573997, -3.73713704622099 ], [ 128.249899720296014, -3.73716542612673 ], [ 128.249864670118995, -3.73719380603252 ], [ 128.249827029893993, -3.73721842587288 ], [ 128.249788080255996, -3.73724110587556 ], [ 128.249749119825992, -3.73726378587817 ], [ 128.249704589895003, -3.73726872585415 ], [ 128.249660229936012, -3.73726884546395 ], [ 128.249617920431007, -3.73725335554108 ], [ 128.249580030194011, -3.73723092554995 ], [ 128.249548220273994, -3.73719892587293 ], [ 128.249514980431996, -3.73716862591456 ], [ 128.249478039879989, -3.73714276590918 ], [ 128.249439889738994, -3.73712163543839 ], [ 128.249395109796012, -3.73712641623443 ], [ 128.249350739944987, -3.73713186612601 ], [ 128.249325200098014, -3.73716911604511 ], [ 128.249299580210987, -3.73720630570967 ], [ 128.249273919855995, -3.73724347558912 ], [ 128.24924553005701, -3.73727677568579 ], [ 128.249202139566989, -3.73728885627879 ], [ 128.249158759869005, -3.73730094586507 ], [ 128.249115370277991, -3.73731302555874 ], [ 128.249074419648991, -3.737331275501 ], [ 128.249040349732013, -3.73735882623186 ], [ 128.249036290193004, -3.73740283545553 ], [ 128.249018720137997, -3.73744074547696 ], [ 128.248978040204008, -3.73744606586616 ], [ 128.248933459911001, -3.73743972564579 ], [ 128.248888740223009, -3.7374344061559 ], [ 128.248866099791002, -3.73746642561799 ], [ 128.248851139569013, -3.73750908585852 ], [ 128.248835539927995, -3.73755150598005 ], [ 128.248806380309986, -3.73758257575811 ], [ 128.248767159976012, -3.73760478631466 ], [ 128.248724790217011, -3.73761621579854 ], [ 128.248679830409998, -3.73761882563105 ], [ 128.24863489038799, -3.73762145614805 ], [ 128.248590659931011, -3.73761320576756 ], [ 128.248546440266011, -3.73760463612785 ], [ 128.24850188965101, -3.73759812593557 ], [ 128.248459070230012, -3.7376016063119 ], [ 128.248420379597007, -3.73762451564167 ], [ 128.248384820403004, -3.73765224623688 ], [ 128.248367350172998, -3.73768889630824 ], [ 128.248381830157001, -3.73773086586947 ], [ 128.248404490375009, -3.737768315438 ], [ 128.248445219771014, -3.73778760589588 ], [ 128.248488770340003, -3.73779743548586 ], [ 128.248531810094988, -3.73780703574867 ], [ 128.248564530128988, -3.73783811631852 ], [ 128.248582760286013, -3.73787091549282 ], [ 128.248558189909005, -3.73790881562186 ], [ 128.248535570159987, -3.7379478560911 ], [ 128.248534279632992, -3.73798739568413 ], [ 128.248558119760986, -3.73802577605104 ], [ 128.248546399796993, -3.7380693257211 ], [ 128.24852319998601, -3.73810808560195 ], [ 128.248497070183987, -3.73814444609153 ], [ 128.248463959844003, -3.73817509588615 ], [ 128.248430839612013, -3.7382057357882 ], [ 128.248390600345999, -3.73821427575036 ], [ 128.24834897972201, -3.73821969596434 ], [ 128.248314009583993, -3.73824818558737 ], [ 128.248307869911997, -3.73828923604146 ], [ 128.248309510275988, -3.73833435592777 ], [ 128.248304549615, -3.73837923569511 ], [ 128.248292930374987, -3.73841785618101 ], [ 128.248291760357006, -3.73842173585633 ], [ 128.248260970268007, -3.73845389561266 ], [ 128.248216300042003, -3.73844824607157 ], [ 128.248177850427993, -3.73842627563401 ], [ 128.24814783015799, -3.73839349624484 ], [ 128.248128340051011, -3.73835350609144 ], [ 128.248101130163008, -3.73833058596976 ], [ 128.248058350312988, -3.73833949555329 ], [ 128.248017250396003, -3.73835660605453 ], [ 128.247972769927003, -3.73836361626986 ], [ 128.247932459614987, -3.73834649587608 ], [ 128.24791159984099, -3.73830741583657 ], [ 128.247894010001005, -3.73826598586863 ], [ 128.247892000016009, -3.73822079583517 ], [ 128.247890800319993, -3.73817559590917 ], [ 128.247890970291991, -3.73814255571658 ], [ 128.247891040438986, -3.73813036630557 ], [ 128.247893039632004, -3.73808517627214 ], [ 128.247885309959003, -3.73804271568113 ], [ 128.247860360067989, -3.7380050556711 ], [ 128.247823350267993, -3.73798219580401 ], [ 128.247781690072998, -3.73796504573266 ], [ 128.247738740251009, -3.73795153611692 ], [ 128.247695669919011, -3.73793834576047 ], [ 128.247652610379987, -3.7379251563034 ], [ 128.247609020239992, -3.73792345568535 ], [ 128.247564949863005, -3.73793271600444 ], [ 128.247522070186989, -3.73794525615108 ], [ 128.247486240298002, -3.73796990566901 ], [ 128.247471959963008, -3.73801280602851 ], [ 128.247470459894004, -3.73805594560768 ], [ 128.247481509864002, -3.73809377558951 ], [ 128.247483130441992, -3.73809933609774 ], [ 128.247495809984002, -3.7381427454735 ], [ 128.247500050286988, -3.73818755599306 ], [ 128.247497460239998, -3.73823055617739 ], [ 128.247461419909001, -3.73825765544856 ], [ 128.247418079780999, -3.73826975582666 ], [ 128.247374940201013, -3.73827454561587 ], [ 128.247332709836996, -3.73825888572108 ], [ 128.247296819692991, -3.73823266598686 ], [ 128.247288720397989, -3.73819191590636 ], [ 128.247291320338007, -3.73814677623498 ], [ 128.247294149605011, -3.73810163566419 ], [ 128.247298770322004, -3.73807239600652 ], [ 128.247301210182997, -3.7380569654389 ], [ 128.247297129959009, -3.73801289596069 ], [ 128.247285320061991, -3.7379692554592 ], [ 128.247257379924008, -3.73793456590987 ], [ 128.247220419586995, -3.73791143624622 ], [ 128.247177569589013, -3.73789755610975 ], [ 128.247134150320989, -3.73788910607988 ], [ 128.247089349693994, -3.73789372589721 ], [ 128.247045389932993, -3.73790035569931 ], [ 128.247010419795004, -3.73792883632917 ], [ 128.246986569774009, -3.73796495580049 ], [ 128.246972870402004, -3.73800804591693 ], [ 128.246952960311006, -3.73804843626866 ], [ 128.246930290200993, -3.73808692545353 ], [ 128.24688756970599, -3.73810119589571 ], [ 128.246848790039991, -3.73809051554708 ], [ 128.246812550058991, -3.73806365549558 ], [ 128.246803850018011, -3.73802182622863 ], [ 128.246786549760003, -3.73798290626849 ], [ 128.246751940249993, -3.73796101587063 ], [ 128.246708260177996, -3.73796858546427 ], [ 128.246677319902005, -3.73800144579247 ], [ 128.246653729786004, -3.73803664615663 ], [ 128.24666006011401, -3.73808143599174 ], [ 128.246675720008994, -3.73812303593161 ], [ 128.246697839733997, -3.7381624262372 ], [ 128.246721890303007, -3.7382006159478 ], [ 128.246747289855989, -3.73823796569163 ], [ 128.246758320039987, -3.73828130581965 ], [ 128.246768860094988, -3.73832507582359 ], [ 128.246786779985996, -3.73836656604613 ], [ 128.246797040350998, -3.73840916603213 ], [ 128.246791419587993, -3.73845403590695 ], [ 128.246769620022008, -3.73848840619687 ], [ 128.246731170407003, -3.73851195584392 ], [ 128.246687350040986, -3.73850800602149 ], [ 128.246673680345992, -3.73850579548791 ], [ 128.246642900149993, -3.73850082583428 ], [ 128.246599419727005, -3.73848908608431 ], [ 128.246555969881996, -3.73847723571774 ], [ 128.246515399666009, -3.73845839582018 ], [ 128.246476319626993, -3.73843591546709 ], [ 128.246437250378989, -3.73841345579824 ], [ 128.246399780126012, -3.73838901582241 ], [ 128.246370269772001, -3.73835485597383 ], [ 128.246340739633013, -3.73832070601776 ], [ 128.246311230179003, -3.73828655606177 ], [ 128.246292220310011, -3.73824582576637 ], [ 128.246289989990998, -3.73824050627648 ], [ 128.246274769865011, -3.73820412600177 ], [ 128.246262639809004, -3.73816077598124 ], [ 128.246253490106994, -3.73811648616911 ], [ 128.24624435029699, -3.73807219545773 ], [ 128.246226749664999, -3.73803058562534 ], [ 128.246199850043013, -3.73800179562878 ], [ 128.246154980168001, -3.73799799599307 ], [ 128.246110120185989, -3.73799420625001 ], [ 128.246065149586997, -3.73799413610282 ], [ 128.246020140317, -3.73799542573069 ], [ 128.245975140040997, -3.7379967162578 ], [ 128.245930129871994, -3.73799809581783 ], [ 128.245885209634991, -3.73800119578091 ], [ 128.245840290296996, -3.73800429574404 ], [ 128.24579621992001, -3.73801208567159 ], [ 128.245753070447989, -3.73802498554699 ], [ 128.24570991018399, -3.73803790610679 ], [ 128.245666769705991, -3.73805082576732 ], [ 128.245625919800005, -3.73806979606652 ], [ 128.245585210189006, -3.73808911620205 ], [ 128.245542600311012, -3.73810318609544 ], [ 128.245499049740999, -3.73811465604877 ], [ 128.245455420031988, -3.73812583552117 ], [ 128.245411730066991, -3.73813675598875 ], [ 128.245369839646003, -3.73815305620078 ], [ 128.24532854008001, -3.73817104623896 ], [ 128.245287860146988, -3.738189845667 ], [ 128.245261209636993, -3.73822628619627 ], [ 128.245235149981994, -3.73826298573033 ], [ 128.245228440140011, -3.73830771621017 ], [ 128.245221720405993, -3.73835243589816 ], [ 128.245204580227011, -3.73839399626786 ], [ 128.24519934976999, -3.73840435555851 ], [ 128.245184420125014, -3.73843390548225 ], [ 128.245144129598003, -3.73845409616147 ], [ 128.24510383997, -3.7384742859414 ], [ 128.245061730114998, -3.73848561560051 ], [ 128.24501678019999, -3.73848307591505 ], [ 128.244974930248986, -3.73847090628915 ], [ 128.244937079582996, -3.73844642584378 ], [ 128.244899229816014, -3.73842193550585 ], [ 128.244861370156002, -3.73839744606722 ], [ 128.244826159898992, -3.73836932606548 ], [ 128.244791480243009, -3.73834048570687 ], [ 128.244757049697995, -3.73831134587395 ], [ 128.244724469957987, -3.73828013580169 ], [ 128.244691890219002, -3.73824891583694 ], [ 128.244659309579987, -3.7382176958721 ], [ 128.244645760394008, -3.73819919591833 ], [ 128.244632630291989, -3.73818126613468 ], [ 128.244606040037013, -3.73814477614274 ], [ 128.244566120029987, -3.73812410612482 ], [ 128.244525869972989, -3.73810384619774 ], [ 128.244485279971997, -3.73808502608538 ], [ 128.244440250017988, -3.73808498561588 ], [ 128.244398450428008, -3.73807262623302 ], [ 128.244359220202, -3.73805041567641 ], [ 128.244327750226006, -3.73801967594965 ], [ 128.244302150124014, -3.7379824656007 ], [ 128.244259880188991, -3.73797715600328 ], [ 128.244214860128011, -3.73797711553383 ], [ 128.244169890427997, -3.73797920555827 ], [ 128.244124939614011, -3.73798182618272 ], [ 128.24408098974601, -3.73799150558585 ], [ 128.244037069554992, -3.73800148626195 ], [ 128.243993000077012, -3.73801070611153 ], [ 128.243948769620005, -3.73801920560419 ], [ 128.243904549955005, -3.7380277059962 ], [ 128.243859900414009, -3.73803296613083 ], [ 128.243814999962012, -3.73803648607727 ], [ 128.243770120194995, -3.73804000602381 ], [ 128.243725229635999, -3.73804352597026 ], [ 128.243680839999001, -3.7380503958914 ], [ 128.243636909915011, -3.73806027584334 ], [ 128.243592969940011, -3.7380701755804 ], [ 128.243549029963987, -3.7380800555324 ], [ 128.243505779767986, -3.73809144544614 ], [ 128.243469510110003, -3.73811824614239 ], [ 128.243433229660013, -3.7381450360468 ], [ 128.243406560264987, -3.73817959609367 ], [ 128.243388230282989, -3.73822091544502 ], [ 128.243369160159006, -3.73826187596689 ], [ 128.243348980271008, -3.73830231578127 ], [ 128.243337959978987, -3.73830716582507 ], [ 128.243311529803009, -3.73831878596519 ], [ 128.243266989979986, -3.73832545623684 ], [ 128.243264899055987, -3.73832445709 ], [ 128.243232660159009, -3.73830904630751 ], [ 128.243211480225995, -3.73826954628462 ], [ 128.243202290054001, -3.73824179590426 ], [ 128.243197270037996, -3.73822661624745 ], [ 128.243155640421008, -3.73821020631811 ], [ 128.243113619598006, -3.73819398614571 ], [ 128.243072419855991, -3.73817574609599 ], [ 128.243031569951, -3.73815763554865 ], [ 128.243031220115, -3.73815748626119 ], [ 128.24298949966601, -3.73814093603758 ], [ 128.242945299785987, -3.73813228545884 ], [ 128.242901109798993, -3.7381236357794 ], [ 128.242856909918004, -3.73811498609996 ], [ 128.242812600321002, -3.73810764583347 ], [ 128.242767570366993, -3.73810760626324 ], [ 128.242722540413013, -3.73810756579377 ], [ 128.242679640053012, -3.73812120581124 ], [ 128.242636770270991, -3.73813500590801 ], [ 128.242593879803991, -3.7381488060048 ], [ 128.242556719817003, -3.73817358592442 ], [ 128.242520919604999, -3.73820102603868 ], [ 128.242480690231986, -3.73821318577203 ], [ 128.242435820357002, -3.73820939602891 ], [ 128.242417740386003, -3.73820786628219 ], [ 128.242390960374991, -3.73820560628582 ], [ 128.242346089600005, -3.73820181564344 ], [ 128.242301399589991, -3.73819648626095 ], [ 128.242256830088991, -3.73819005610837 ], [ 128.242216220301998, -3.73817604557023 ], [ 128.242185600184996, -3.73814287587525 ], [ 128.242158369613009, -3.73810764583347 ], [ 128.242149309843001, -3.738081785828 ], [ 128.242143430075004, -3.73806499548544 ], [ 128.24212537978201, -3.73802396571578 ], [ 128.242098779635, -3.73798746583125 ], [ 128.242073470014986, -3.73795015565763 ], [ 128.242051930352005, -3.73791043620014 ], [ 128.242010469807013, -3.73789678629014 ], [ 128.241966709695987, -3.73788613561917 ], [ 128.241922960376002, -3.73787548584746 ], [ 128.241879610355994, -3.73788060568785 ], [ 128.241835539978013, -3.73788858627171 ], [ 128.241790670103995, -3.73789230586772 ], [ 128.241745790336012, -3.73789601557116 ], [ 128.241707450438014, -3.73787346597018 ], [ 128.241671689796988, -3.73784700611698 ], [ 128.241649509816995, -3.73780788560797 ], [ 128.241606450277999, -3.7377946862583 ], [ 128.241563379946001, -3.73778147611684 ], [ 128.241519920207992, -3.73776980561465 ], [ 128.241501600118994, -3.73776584769836 ], [ 128.241475900192995, -3.73776029618331 ], [ 128.241432190442993, -3.73774948633235 ], [ 128.241388489687012, -3.7377385658648 ], [ 128.241366789945005, -3.73773320590544 ], [ 128.241360160142989, -3.73773688593117 ], [ 128.241079849555007, -3.73787466566578 ], [ 128.240856559582994, -3.73805044625341 ], [ 128.240657019806008, -3.73824998603014 ], [ 128.240602490312995, -3.73835450613755 ], [ 128.240602379696014, -3.73835450613755 ], [ 128.240544148594012, -3.73846399589857 ], [ 128.240543000158993, -3.73846615607014 ], [ 128.240543570330004, -3.7384674358054 ], [ 128.240544949889994, -3.73847049619825 ], [ 128.240538249939988, -3.73847803611432 ], [ 128.240509739633012, -3.73854929569521 ], [ 128.240466979567003, -3.73866807545301 ], [ 128.240428979613995, -3.7388248461712 ], [ 128.240395719986992, -3.73892461605957 ], [ 128.240405220425004, -3.73905289625536 ], [ 128.240390969767986, -3.73920017552872 ], [ 128.240367209678993, -3.73933795616266 ], [ 128.240371959897999, -3.73951373585099 ], [ 128.240371959897999, -3.73960400620058 ], [ 128.240367949821007, -3.73972439574479 ], [ 128.240374770279004, -3.73973452570833 ], [ 128.240399429690001, -3.73977228554304 ], [ 128.240416259602995, -3.73981424611097 ], [ 128.240423789625993, -3.73983303564647 ], [ 128.240422040444997, -3.73985048609143 ], [ 128.240426379674005, -3.73989451599944 ], [ 128.240465769979011, -3.73995617621683 ], [ 128.240474220008991, -3.73995817630902 ], [ 128.240484019922008, -3.73998184556596 ], [ 128.240504580221995, -3.74002208573084 ], [ 128.240525139623003, -3.74006232589578 ], [ 128.240545699924013, -3.74010256606069 ], [ 128.240567760293999, -3.74014191589677 ], [ 128.240592979982011, -3.74017937625726 ], [ 128.240618209562996, -3.74021684561096 ], [ 128.240643440042987, -3.740254315864 ], [ 128.240669120184009, -3.74029146595834 ], [ 128.240695009867011, -3.74032847575845 ], [ 128.240720889657013, -3.74036547566601 ], [ 128.240747339617997, -3.74040207627466 ], [ 128.240774330070991, -3.7404382856781 ], [ 128.240801319625007, -3.74047447619582 ], [ 128.240828480049998, -3.74051056598948 ], [ 128.240843790109011, -3.74053079623892 ], [ 128.240881510372986, -3.74058601551182 ], [ 128.240884690375992, -3.74059035564002 ], [ 128.240896809639992, -3.74062576554621 ], [ 128.240911459595992, -3.74066854629586 ], [ 128.240926280423992, -3.74071125599917 ], [ 128.24094265977601, -3.74075338563964 ], [ 128.240959030135002, -3.74079551617951 ], [ 128.240975399594987, -3.74083765571259 ], [ 128.240991779847008, -3.74087978625243 ], [ 128.241006220260999, -3.74092252563331 ], [ 128.241016760315006, -3.74096650607859 ], [ 128.241027279684999, -3.74101047573202 ], [ 128.241027810285004, -3.74105430599055 ], [ 128.241016020172992, -3.74109796627717 ], [ 128.241004220169003, -3.74114160587943 ], [ 128.240991140429003, -3.74118470588849 ], [ 128.240967499949988, -3.74122319597266 ], [ 128.240946060113004, -3.74126292622194 ], [ 128.240925890118007, -3.74130335614382 ], [ 128.240915900447987, -3.74134687613626 ], [ 128.240910490126993, -3.74139177568868 ], [ 128.240909660053006, -3.74143632630416 ], [ 128.240921989757993, -3.74147982561213 ], [ 128.24093432036301, -3.74152332581943 ], [ 128.240955910386987, -3.74156109554667 ], [ 128.240989080081988, -3.74159167609349 ], [ 128.24102927977799, -3.74161144589004 ], [ 128.241069760061009, -3.74163096567504 ], [ 128.241104070097009, -3.7416545854692 ], [ 128.241106910155992, -3.74165653609872 ], [ 128.241144039565995, -3.74168210562311 ], [ 128.241164830092998, -3.74172196627409 ], [ 128.241184939833005, -3.74176243576616 ], [ 128.241192530110993, -3.74180020549339 ], [ 128.241181120411994, -3.74180346553581 ], [ 128.241170860046992, -3.74186504571351 ], [ 128.241170860046992, -3.74191379616298 ], [ 128.241170860046992, -3.74195228624717 ], [ 128.241183689775994, -3.74199847632672 ], [ 128.241196520403008, -3.74207032586287 ], [ 128.241186250145006, -3.74211650604988 ], [ 128.241173420416999, -3.74216269612943 ], [ 128.24115033032399, -3.74220631594663 ], [ 128.241147760061011, -3.74223197630251 ], [ 128.241152899686995, -3.74224994565632 ], [ 128.241165730314009, -3.74226790601686 ], [ 128.241193950140996, -3.74229099611037 ], [ 128.24121960959701, -3.74229869610575 ], [ 128.241240179790992, -3.74229983554673 ], [ 128.241265799676995, -3.74230126546879 ], [ 128.241294030294995, -3.74233975555297 ], [ 128.241296589765994, -3.74237054564187 ], [ 128.24126323031399, -3.74239363573535 ], [ 128.24126166009799, -3.74239678606047 ], [ 128.241279579988998, -3.74242562551986 ], [ 128.24130779981499, -3.74246078631386 ], [ 128.241336939647994, -3.74249527621362 ], [ 128.241359420001004, -3.7425327662517 ], [ 128.24136575032901, -3.74257754619427 ], [ 128.24136753997999, -3.74262200597826 ], [ 128.241355130235007, -3.74266549629297 ], [ 128.24134973969899, -3.74268470581189 ], [ 128.241324820383994, -3.74272208613273 ], [ 128.241306860023997, -3.74274517622623 ], [ 128.241314550126987, -3.74276313568741 ], [ 128.241324820383994, -3.74283498612295 ], [ 128.241258099682, -3.74282728612754 ], [ 128.241278630305004, -3.74285551584657 ], [ 128.241306860023997, -3.74288630593543 ], [ 128.241337650112996, -3.74291453565441 ], [ 128.241371009564006, -3.74296841583678 ], [ 128.24139409965801, -3.74300690592099 ], [ 128.241399009956012, -3.7430088754363 ], [ 128.24138549044801, -3.74304274570315 ], [ 128.241364010141012, -3.74308173581042 ], [ 128.241356720236013, -3.74308971549495 ], [ 128.241309420393009, -3.74305565547112 ], [ 128.241270930309014, -3.74303769600984 ], [ 128.241245269952998, -3.74303769600984 ], [ 128.241188820408013, -3.74301973564926 ], [ 128.241152899686995, -3.74299920592565 ], [ 128.241142630328, -3.74302230591173 ], [ 128.241132369962997, -3.7430505257381 ], [ 128.241091309615996, -3.74307875545715 ], [ 128.24101689970999, -3.74310697618293 ], [ 128.241047689798989, -3.74315573562555 ], [ 128.241080710207001, -3.74317106546915 ], [ 128.241083179745004, -3.74318713545476 ], [ 128.241112649629002, -3.74322098593657 ], [ 128.241145709606997, -3.74325168609318 ], [ 128.241178769584991, -3.74328239614237 ], [ 128.241210149629012, -3.7433141754855 ], [ 128.241223769860994, -3.74335728628641 ], [ 128.241237380200999, -3.74340039618798 ], [ 128.241242800414994, -3.74344516623797 ], [ 128.241272559880997, -3.7434754257268 ], [ 128.241308690143995, -3.74350234603292 ], [ 128.241341519895002, -3.74353330609366 ], [ 128.24137420035899, -3.74356434619401 ], [ 128.241389549988014, -3.74360687603287 ], [ 128.241404910407994, -3.7436493959792 ], [ 128.241420260036989, -3.7436919159255 ], [ 128.241432030363995, -3.74373547548802 ], [ 128.241441549688005, -3.74377967626725 ], [ 128.241443760220989, -3.74382368549082 ], [ 128.241431880177004, -3.74386730620738 ], [ 128.241418840008009, -3.74391049614857 ], [ 128.241398660120012, -3.74395092607036 ], [ 128.241374579872996, -3.74398872547526 ], [ 128.24134490044699, -3.74402273603641 ], [ 128.24131522012101, -3.74405674569812 ], [ 128.241281670012995, -3.74408539629984 ], [ 128.241240259829993, -3.74410318578923 ], [ 128.241196679582998, -3.74409725565967 ], [ 128.24116004030401, -3.74407117621969 ], [ 128.241154129959, -3.74405816572762 ], [ 128.241152899686995, -3.74405895623174 ], [ 128.241127240230014, -3.7440563958619 ], [ 128.241075920416989, -3.74402046614749 ], [ 128.241068220421994, -3.74395631570745 ], [ 128.241086179883013, -3.74388447606381 ], [ 128.24115033032399, -3.74365096619546 ], [ 128.24115612015899, -3.74363721556138 ], [ 128.241154440224989, -3.74363038610984 ], [ 128.241140810100006, -3.7435872663157 ], [ 128.241128090089006, -3.74354389561078 ], [ 128.241116079643007, -3.74350029557867 ], [ 128.241093199991013, -3.74346196557384 ], [ 128.241066740137995, -3.74342536586453 ], [ 128.241040149882991, -3.74338888576508 ], [ 128.241012520011992, -3.74335315570019 ], [ 128.240984909925999, -3.74331743552792 ], [ 128.240949880432993, -3.74328918602385 ], [ 128.240914820363002, -3.74326084568828 ], [ 128.240905319924991, -3.74325248559048 ], [ 128.240796230362008, -3.74316856625319 ], [ 128.240762870010997, -3.74306079599593 ], [ 128.240772519735998, -3.74299967627106 ], [ 128.24073450988999, -3.74299611585513 ], [ 128.240689960173995, -3.74298967580993 ], [ 128.240645479704995, -3.74298265570204 ], [ 128.240601000135996, -3.74297564548666 ], [ 128.240556980120999, -3.74296629613471 ], [ 128.240513159753988, -3.74295589547526 ], [ 128.240469340288001, -3.74294550560768 ], [ 128.240426850018991, -3.74293160568618 ], [ 128.240387269957012, -3.74291004623875 ], [ 128.240353639809001, -3.7428917162568 ], [ 128.240347689894008, -3.74288847599953 ], [ 128.240309000160011, -3.74286536612093 ], [ 128.240270740302009, -3.74284152599282 ], [ 128.240234029976989, -3.74281565609485 ], [ 128.240201139970992, -3.74278476618129 ], [ 128.240164569938997, -3.74276214553389 ], [ 128.240119719848991, -3.74275818581891 ], [ 128.240075099986001, -3.74275580621277 ], [ 128.240033269820003, -3.74277256597843 ], [ 128.23999146033799, -3.74278932574401 ], [ 128.239969970137992, -3.74282899573881 ], [ 128.23995484983601, -3.74287120631827 ], [ 128.239944500438014, -3.74291522543446 ], [ 128.239906100285992, -3.74293439628243 ], [ 128.239863920283995, -3.74295022614913 ], [ 128.239821740281002, -3.74296605601575 ], [ 128.239780810335986, -3.74298435632003 ], [ 128.239743000138986, -3.74300892579829 ], [ 128.239705199834987, -3.74303350606843 ], [ 128.23966660992599, -3.74305660605449 ], [ 128.239625599941007, -3.74307528587267 ], [ 128.239584589956991, -3.74309395579835 ], [ 128.239543579972008, -3.74311263561654 ], [ 128.239503089795988, -3.74313218597846 ], [ 128.23946745955601, -3.74315983563479 ], [ 128.239431830215011, -3.74318748619036 ], [ 128.239400079650011, -3.74321887612699 ], [ 128.23937412971199, -3.74325583556512 ], [ 128.239347890192988, -3.74329257556861 ], [ 128.239319729722013, -3.74332786586497 ], [ 128.239291570149987, -3.7433631660539 ], [ 128.239247769569005, -3.74336422545529 ], [ 128.239202770192009, -3.74336268581592 ], [ 128.239161840246993, -3.74337993571208 ], [ 128.239122670275009, -3.7434018063249 ], [ 128.239088860262996, -3.743431675508 ], [ 128.239055040358011, -3.74346153569787 ], [ 128.239021140413001, -3.74349128617043 ], [ 128.238986580366003, -3.74352028570907 ], [ 128.238952030212005, -3.74354928614707 ], [ 128.238917480058007, -3.74357828568575 ], [ 128.23888494978101, -3.74360922596141 ], [ 128.238857899972004, -3.74364537600966 ], [ 128.238844849910009, -3.74368833572439 ], [ 128.238841159992006, -3.74373146631039 ], [ 128.238859419826014, -3.74377280544684 ], [ 128.238891090352013, -3.74380450564958 ], [ 128.238930100244005, -3.74382582587729 ], [ 128.238971780224006, -3.74384293547919 ], [ 128.239011759584997, -3.74386357581952 ], [ 128.239050940348989, -3.7438858655164 ], [ 128.239073120327987, -3.74391158612686 ], [ 128.239080160220993, -3.7439197456758 ], [ 128.239107889916994, -3.74395538580839 ], [ 128.239104420333007, -3.74399857574957 ], [ 128.239095470280006, -3.74404284577663 ], [ 128.239076710422012, -3.74408396547846 ], [ 128.23905794966501, -3.7441250860797 ], [ 128.239041180007007, -3.74415218625023 ], [ 128.239034470164995, -3.74416302577881 ], [ 128.239003719646007, -3.74419604618634 ], [ 128.238968989627011, -3.74422484607552 ], [ 128.238931149753, -3.74424853601685 ], [ 128.238889850186013, -3.744266526055 ], [ 128.23884581038601, -3.74426950550895 ], [ 128.238802390218012, -3.74427430609003 ], [ 128.238762790370004, -3.74429581607465 ], [ 128.238739440372996, -3.74430985629044 ], [ 128.238724169884989, -3.74431904556311 ], [ 128.23868237029501, -3.7443269056378 ], [ 128.238637750431991, -3.74432088557599 ], [ 128.238593990320993, -3.74431116570336 ], [ 128.238551279717996, -3.74429683590593 ], [ 128.238524540175007, -3.74426127581291 ], [ 128.238499139724013, -3.74422392606906 ], [ 128.238473740171003, -3.74418657632522 ], [ 128.238450060122005, -3.74414812581118 ], [ 128.238428800148995, -3.74410854574864 ], [ 128.238417920150994, -3.74406465613489 ], [ 128.238396199725003, -3.74402567592012 ], [ 128.238363459905997, -3.74399553604114 ], [ 128.238334529615003, -3.74396262625024 ], [ 128.238320269964987, -3.74392041567069 ], [ 128.238315199586992, -3.74387547564879 ], [ 128.238310120215999, -3.74383053562686 ], [ 128.238305039945999, -3.74378558571239 ], [ 128.238301119801008, -3.74374055575831 ], [ 128.238298789657989, -3.74369538550995 ], [ 128.238296460413011, -3.74365021616087 ], [ 128.23828895017499, -3.74360569612237 ], [ 128.23827878963499, -3.74356217612996 ], [ 128.238243410304989, -3.74353419552313 ], [ 128.238200429905987, -3.74352402598949 ], [ 128.238166129762988, -3.74349639611831 ], [ 128.238133589594014, -3.74346514557654 ], [ 128.238111680309999, -3.74342630565607 ], [ 128.238103039624008, -3.74340921583923 ], [ 128.238091469846012, -3.74338634607961 ], [ 128.238056890014008, -3.74335737621862 ], [ 128.238022329967009, -3.74332838567315 ], [ 128.237989279880992, -3.74329767562397 ], [ 128.237949820327998, -3.74327823587862 ], [ 128.237906710425989, -3.74326520560148 ], [ 128.237865730119012, -3.74324728571042 ], [ 128.237827009808996, -3.74322419561691 ], [ 128.237789339905987, -3.74319956588405 ], [ 128.23775382028299, -3.74317177593354 ], [ 128.237711080001986, -3.74316506609177 ], [ 128.237666050048006, -3.74316502562227 ], [ 128.237623260305014, -3.74317669612448 ], [ 128.237586270289995, -3.74319863598507 ], [ 128.237566880007989, -3.74323946610524 ], [ 128.237535710405012, -3.74326958619918 ], [ 128.237497230212995, -3.74329306569916 ], [ 128.237485739574993, -3.7433011955704 ], [ 128.237460439847013, -3.74331908578388 ], [ 128.237424160296996, -3.74334587568831 ], [ 128.237387899632012, -3.74337267548523 ], [ 128.237349389763011, -3.74339574579364 ], [ 128.237308820446003, -3.74341536630272 ], [ 128.237267090104012, -3.74343131577916 ], [ 128.237222699568008, -3.74343885569519 ], [ 128.237178300038011, -3.74344640550381 ], [ 128.237133889717001, -3.74345369630759 ], [ 128.23708892001801, -3.74345140573432 ], [ 128.237045130229006, -3.74344222545486 ], [ 128.237001969965007, -3.74342934626388 ], [ 128.236959389763996, -3.74341469630779 ], [ 128.236917039790001, -3.74339933588725 ], [ 128.236877099997997, -3.74337855615208 ], [ 128.236837480365011, -3.74335708573754 ], [ 128.236795210431012, -3.74334171632382 ], [ 128.236752509720986, -3.74332738562704 ], [ 128.236709530220992, -3.74331401630551 ], [ 128.236665719747009, -3.74330361564609 ], [ 128.236621900280994, -3.7432932257785 ], [ 128.236578079914011, -3.74328282601836 ], [ 128.236534120154005, -3.74327360616871 ], [ 128.236489090199001, -3.74327356569925 ], [ 128.236444529690999, -3.74327571597826 ], [ 128.236403370418998, -3.74329404596015 ], [ 128.236362140100994, -3.74331221586275 ], [ 128.236320220002, -3.74332871572431 ], [ 128.236278290011001, -3.74334520569335 ], [ 128.236236369913001, -3.74336170555493 ], [ 128.236194449814008, -3.74337820631576 ], [ 128.236154080147003, -3.74339821623132 ], [ 128.236113789619992, -3.74341840601124 ], [ 128.236073490100011, -3.74343859579113 ], [ 128.236033199573001, -3.743458785571 ], [ 128.235992919837997, -3.74347896545843 ], [ 128.235952620316993, -3.74349915613766 ], [ 128.235913800182004, -3.74352186581795 ], [ 128.235876480115991, -3.7435471754382 ], [ 128.235839150157005, -3.74357247606539 ], [ 128.235803769927998, -3.74360035594806 ], [ 128.235769319598006, -3.74362948588839 ], [ 128.235734880060988, -3.74365861582878 ], [ 128.235702939739014, -3.74369043564142 ], [ 128.235671660419001, -3.74372296591841 ], [ 128.23564215995799, -3.7437566257439 ], [ 128.235626310306003, -3.74379897571835 ], [ 128.235606490147006, -3.74383911605848 ], [ 128.235579450231995, -3.7438752759993 ], [ 128.235554010209995, -3.74391259606551 ], [ 128.23552975009801, -3.74395057623417 ], [ 128.235511969601987, -3.74399212581189 ], [ 128.235494289830001, -3.74403371585925 ], [ 128.235478440178014, -3.74407605594111 ], [ 128.235462589626991, -3.744118396023 ], [ 128.235450250029004, -3.74416181619065 ], [ 128.235439360138997, -3.74420571569696 ], [ 128.235431730290003, -3.74425021595037 ], [ 128.235416910362005, -3.74429183567532 ], [ 128.235390269745011, -3.74432807565577 ], [ 128.23536011997399, -3.74436165544163 ], [ 128.235348360438991, -3.74440235605939 ], [ 128.235346110335001, -3.74444698581525 ], [ 128.235323510372012, -3.74448611621671 ], [ 128.235299049710989, -3.74452404602334 ], [ 128.235273300323001, -3.74456114575567 ], [ 128.235276340030993, -3.74460122584122 ], [ 128.235287509610998, -3.74464470626348 ], [ 128.235294589972995, -3.74468936569685 ], [ 128.235288599589012, -3.74473392620487 ], [ 128.23525527970699, -3.74475046563663 ], [ 128.235210409833002, -3.74475428595668 ], [ 128.235169559926987, -3.74476620557108 ], [ 128.235139400262995, -3.74479979614881 ], [ 128.235109249592, -3.7448333858272 ], [ 128.235071930424994, -3.74485343621212 ], [ 128.235027350131986, -3.74485979621764 ], [ 128.234982539612986, -3.74486347624348 ], [ 128.234974559927991, -3.74486374604006 ], [ 128.234937540234995, -3.74486499609774 ], [ 128.234902279616989, -3.74488560586106 ], [ 128.234873340332996, -3.74491927557908 ], [ 128.234872909556998, -3.74491977560212 ], [ 128.234841050173998, -3.74495172581644 ], [ 128.234803060112995, -3.74496490628034 ], [ 128.234758540075006, -3.74495809571448 ], [ 128.234714190007992, -3.7449504955439 ], [ 128.234670519828995, -3.74493948604336 ], [ 128.234626849649004, -3.7449284756436 ], [ 128.234582329610987, -3.74492377578661 ], [ 128.234537310449014, -3.74492265613068 ], [ 128.234492300278987, -3.74492154546792 ], [ 128.234447309896012, -3.7449226462381 ], [ 128.234402920258987, -3.74492651602089 ], [ 128.234364129801008, -3.74494948560521 ], [ 128.234324830327012, -3.74497151629738 ], [ 128.23432035979701, -3.74497375560927 ], [ 128.234284539800001, -3.74499171596982 ], [ 128.234247850157999, -3.74497372593164 ], [ 128.234212069731001, -3.74494628581736 ], [ 128.234185340081012, -3.74490991543521 ], [ 128.234145730340998, -3.74490034574937 ], [ 128.234100730064995, -3.74490192585816 ], [ 128.234056049946986, -3.74490714552334 ], [ 128.234011449869001, -3.74491341559666 ], [ 128.233966859682994, -3.74491966588482 ], [ 128.23392429027399, -3.74490562566908 ], [ 128.233892969585014, -3.74487791575819 ], [ 128.23388312021001, -3.74483474560207 ], [ 128.233886429715, -3.74479064554697 ], [ 128.233910320205013, -3.74475297564443 ], [ 128.233941909791014, -3.74472087614269 ], [ 128.233974199948989, -3.74468984593488 ], [ 128.233987279688989, -3.74467064630848 ], [ 128.23399938006699, -3.74465286581233 ], [ 128.234002230019001, -3.74460771624844 ], [ 128.234002370312993, -3.74456249563806 ], [ 128.233992709796013, -3.74451883625074 ], [ 128.233947679842004, -3.74451879578122 ], [ 128.233902839644003, -3.74452226626499 ], [ 128.233858090279, -3.7445272161335 ], [ 128.233813330120995, -3.74453217589458 ], [ 128.23376857985599, -3.74453712576313 ], [ 128.233766579763994, -3.74453735598959 ], [ 128.233723860167999, -3.74454235622015 ], [ 128.233679129687999, -3.74454760556292 ], [ 128.233635099780003, -3.74454271594902 ], [ 128.233591499748002, -3.7445314159675 ], [ 128.233548729789987, -3.74451830565066 ], [ 128.233523980446989, -3.74450133544375 ], [ 128.233511540125988, -3.7444927954816 ], [ 128.233477279553, -3.74446419614122 ], [ 128.23344995994799, -3.74442823584989 ], [ 128.233424599964991, -3.74439270543459 ], [ 128.233380849746993, -3.74438200620017 ], [ 128.233337100427008, -3.74437131595899 ], [ 128.233293239591006, -3.74436111584835 ], [ 128.233249090073997, -3.74435307590932 ], [ 128.233204079904993, -3.74435178628144 ], [ 128.233159069734995, -3.74435048586182 ], [ 128.233114500233995, -3.74435574599645 ], [ 128.233070080020013, -3.74436314561825 ], [ 128.233025259608013, -3.7443656061634 ], [ 128.233010410002009, -3.7443655962708 ], [ 128.232980240446011, -3.7443655656939 ], [ 128.232935209592, -3.7443655360162 ], [ 128.232890829848003, -3.7443585761629 ], [ 128.232846559821013, -3.74435035546011 ], [ 128.232806370018011, -3.74433633592874 ], [ 128.232784059636998, -3.74429704544792 ], [ 128.23276832959499, -3.74425521618101 ], [ 128.232758300354988, -3.74422311577986 ], [ 128.23275498995099, -3.74421252626283 ], [ 128.232731159715001, -3.74417415578844 ], [ 128.232690649754005, -3.74415514591903 ], [ 128.232649410442008, -3.7441369958015 ], [ 128.232606160246007, -3.74412682626782 ], [ 128.232561290370995, -3.74412302573285 ], [ 128.232516309879998, -3.74412417596575 ], [ 128.232472250293995, -3.74412860602618 ], [ 128.232435580437993, -3.74415485543796 ], [ 128.232396500398011, -3.7441757457898 ], [ 128.232352660246988, -3.74418606551032 ], [ 128.232308829988995, -3.74419638613004 ], [ 128.232265009623006, -3.74420681556779 ], [ 128.232248651854007, -3.74421683311612 ], [ 128.232233720409994, -3.74422597562398 ], [ 128.232228890150992, -3.74422893619217 ], [ 128.232202139816991, -3.74426531556752 ], [ 128.232211079976992, -3.74430646584636 ], [ 128.232230249926005, -3.74434628602786 ], [ 128.232268220202002, -3.74437059560212 ], [ 128.232299000398996, -3.74438968551115 ], [ 128.232306530421994, -3.74439435569047 ], [ 128.232345509737996, -3.74441698623047 ], [ 128.232383450335988, -3.74444115551046 ], [ 128.232418590446002, -3.74446943559143 ], [ 128.232440339649997, -3.74450592558345 ], [ 128.232442399997012, -3.74451614547919 ], [ 128.232449289702998, -3.74455025586496 ], [ 128.232458229863994, -3.744594576254 ], [ 128.23246036035701, -3.74463898567592 ], [ 128.232452399559008, -3.74468350571446 ], [ 128.232435459929007, -3.74472395632072 ], [ 128.232407480221013, -3.74475938601202 ], [ 128.232379979851999, -3.744795186224 ], [ 128.232353369811989, -3.74483167621592 ], [ 128.23232975001801, -3.74486928586387 ], [ 128.232326060100007, -3.74491435628752 ], [ 128.23232238007401, -3.74495943570433 ], [ 128.232328509853005, -3.74500343593473 ], [ 128.232341829711999, -3.74504664566105 ], [ 128.232340669585994, -3.74508935626357 ], [ 128.232324470098007, -3.74513156594376 ], [ 128.232297369928006, -3.74516572579231 ], [ 128.232262180355008, -3.74519394561879 ], [ 128.232230550299988, -3.74522551631917 ], [ 128.232204899836006, -3.7452626763061 ], [ 128.232180049769994, -3.7453002760615 ], [ 128.232164069715992, -3.74534256578133 ], [ 128.23214809955499, -3.74538485550116 ], [ 128.232130599647007, -3.74542646623282 ], [ 128.232112439637007, -3.74546778558426 ], [ 128.232097590031998, -3.74551033610751 ], [ 128.232101410351987, -3.74555439569313 ], [ 128.232126360243001, -3.74559205570304 ], [ 128.232152300288988, -3.7456289261083 ], [ 128.232182989653012, -3.74566200587107 ], [ 128.232193709571987, -3.74570417598107 ], [ 128.232195320258, -3.7457492257203 ], [ 128.232192290441986, -3.74579435549911 ], [ 128.23218327024199, -3.74583768573461 ], [ 128.232161080369991, -3.74587703557072 ], [ 128.232130950383009, -3.74590875555855 ], [ 128.232092749880991, -3.74593268561886 ], [ 128.232054390197987, -3.7459563755602 ], [ 128.232015910005998, -3.74597985595948 ], [ 128.231976839858987, -3.74600231562819 ], [ 128.231937509808006, -3.7460243463203 ], [ 128.23189810961, -3.74604617556428 ], [ 128.231854759589993, -3.74605838565976 ], [ 128.231811399675991, -3.74607058586262 ], [ 128.23176683017499, -3.74607484595114 ], [ 128.231721829898987, -3.74607621561865 ], [ 128.231676829621989, -3.74607792612915 ], [ 128.231631859922004, -3.74607996579155 ], [ 128.231586880330013, -3.74608198566884 ], [ 128.231541979879012, -3.74608467554107 ], [ 128.231497760214012, -3.74609323618765 ], [ 128.231453550440989, -3.7461017860423 ], [ 128.231412460417005, -3.74612007555477 ], [ 128.231371609612012, -3.74613908632342 ], [ 128.23133030015299, -3.74615709614671 ], [ 128.231288909754994, -3.74617487574356 ], [ 128.231246069650012, -3.746188515761 ], [ 128.231202660274988, -3.74620050552249 ], [ 128.231158759869004, -3.74621045562162 ], [ 128.231114599558992, -3.74621928606477 ], [ 128.231070440149011, -3.7462281156086 ], [ 128.231026529850993, -3.74623809628465 ], [ 128.230982669913999, -3.74624830628787 ], [ 128.230938800085994, -3.74625850549917 ], [ 128.230895739646996, -3.74627163560102 ], [ 128.230852869864009, -3.74628548605989 ], [ 128.230815420294988, -3.74630869576316 ], [ 128.230782130091001, -3.74633916569341 ], [ 128.23075736006399, -3.74637503605248 ], [ 128.230744210176994, -3.74641829614082 ], [ 128.230734840140997, -3.74646248612819 ], [ 128.230726599652996, -3.74650694591211 ], [ 128.230694379641989, -3.7465368159945 ], [ 128.230658959842998, -3.74656472555486 ], [ 128.230619850126004, -3.74657618561568 ], [ 128.230575949719992, -3.74656611590676 ], [ 128.230533810187012, -3.74655036607973 ], [ 128.230491509675005, -3.746538685685 ], [ 128.230447549914004, -3.74654844602718 ], [ 128.230410620154004, -3.74657380600955 ], [ 128.230372229895011, -3.74659615596102 ], [ 128.230328389743988, -3.74660462577605 ], [ 128.230304560407006, -3.74660337571838 ], [ 128.230283429936009, -3.74660227584752 ], [ 128.23023846023699, -3.74659991602655 ], [ 128.230194209995005, -3.74659286624094 ], [ 128.230150539816009, -3.74658181627099 ], [ 128.230106890320997, -3.74657075550919 ], [ 128.230063220142, -3.74655969564665 ], [ 128.23002423003399, -3.74653749588197 ], [ 128.229985829881997, -3.74651388598033 ], [ 128.229949869590996, -3.74649177614786 ], [ 128.229947419837998, -3.74649026618612 ], [ 128.229910169918014, -3.7464648657343 ], [ 128.229872929891997, -3.74643944549741 ], [ 128.229830939646007, -3.74642600602875 ], [ 128.229786499646991, -3.74641876558697 ], [ 128.229742649603992, -3.74642143567413 ], [ 128.229699400306998, -3.74643400549828 ], [ 128.229657419954009, -3.74644951610563 ], [ 128.229618710435005, -3.74647261609173 ], [ 128.229579990124989, -3.74649571607775 ], [ 128.229541289599013, -3.74651880617121 ], [ 128.229504609850011, -3.74654502590544 ], [ 128.229468119858012, -3.74657151543636 ], [ 128.229431219774995, -3.74659744558887 ], [ 128.229393870031004, -3.74662268596133 ], [ 128.229356499603, -3.74664792543457 ], [ 128.229319130074003, -3.74667315591453 ], [ 128.229280270368008, -3.74669588627923 ], [ 128.229240550011014, -3.74671719571503 ], [ 128.229198969857009, -3.74673354628918 ], [ 128.229155170175005, -3.74674402608896 ], [ 128.229111369593994, -3.74675450588878 ], [ 128.229067339685997, -3.74676343615669 ], [ 128.22902240955699, -3.74676639582552 ], [ 128.228977529789006, -3.74676801550451 ], [ 128.228933030435002, -3.74676119594544 ], [ 128.228888510397013, -3.74675438627895 ], [ 128.228843580267011, -3.74675431613181 ], [ 128.228798570098007, -3.7467554960423 ], [ 128.22875404016699, -3.74675992610275 ], [ 128.228710649676998, -3.74677199590386 ], [ 128.228667260086013, -3.74678405581249 ], [ 128.22862294958901, -3.74679160562112 ], [ 128.228578300048014, -3.74679748628794 ], [ 128.228533660399989, -3.74680336605549 ], [ 128.228489019851992, -3.74680923593047 ], [ 128.228444319949006, -3.74681463546 ], [ 128.22839954000699, -3.74681932632378 ], [ 128.228354760064008, -3.74682401628827 ], [ 128.228309970228992, -3.74682871614525 ], [ 128.22826677039501, -3.74683954578133 ], [ 128.228225370105008, -3.74685731548564 ], [ 128.22818496986099, -3.74687705560452 ], [ 128.228146209979997, -3.74690008544347 ], [ 128.228107499561986, -3.74692319622134 ], [ 128.228068989691991, -3.74694662625864 ], [ 128.228030479822991, -3.74697006618841 ], [ 128.227989330442995, -3.74698839617034 ], [ 128.22794809023199, -3.74700654628785 ], [ 128.227921710418997, -3.74701814574359 ], [ 128.227906840129009, -3.74702467572089 ], [ 128.227865300443, -3.74704212616589 ], [ 128.227823730181001, -3.74705948577937 ], [ 128.227782980099988, -3.74707840571654 ], [ 128.227745490062006, -3.74710345543277 ], [ 128.227708000023995, -3.74712850604834 ], [ 128.227690859845012, -3.7471700862031 ], [ 128.227674320413996, -3.74721215558902 ], [ 128.227659350299007, -3.74725478615195 ], [ 128.227645749851007, -3.74729790594607 ], [ 128.227632140411004, -3.74734102574016 ], [ 128.227618549856004, -3.74738413564174 ], [ 128.227603610317999, -3.74742677609717 ], [ 128.227586849652994, -3.7474687555509 ], [ 128.22757008988799, -3.74751072601139 ], [ 128.227553330121992, -3.74755271625701 ], [ 128.22753655956501, -3.74759469571074 ], [ 128.227519180166013, -3.74763641615972 ], [ 128.227501770190997, -3.74767812581691 ], [ 128.227484370107987, -3.74771984626591 ], [ 128.227466970025006, -3.74776155592305 ], [ 128.227449569941996, -3.74780327547269 ], [ 128.227434269776012, -3.74784581610338 ], [ 128.22741901997199, -3.74788836572729 ], [ 128.227403199998008, -3.74793068602411 ], [ 128.227382629804993, -3.7479709162965 ], [ 128.22736207040299, -3.74801115556207 ], [ 128.227341500210002, -3.74805139572698 ], [ 128.227319410163005, -3.7480907959251 ], [ 128.227296820091993, -3.74812990564221 ], [ 128.227271360284988, -3.74816721581588 ], [ 128.227241830146994, -3.74820098625798 ], [ 128.227208219783989, -3.74823102631224 ], [ 128.227172559866005, -3.74825865618345 ], [ 128.227134950217987, -3.74828281557087 ], [ 128.227093049903999, -3.74829937568697 ], [ 128.227051160383013, -3.74831595558827 ], [ 128.227008029796991, -3.74832810542907 ], [ 128.226963679730005, -3.74833592593355 ], [ 128.226919329662991, -3.74834374553879 ], [ 128.226874510150992, -3.74834701547373 ], [ 128.226829509873994, -3.74834864594457 ], [ 128.226788239985012, -3.74836572586888 ], [ 128.226744999682012, -3.74837474606898 ], [ 128.226700010196993, -3.74837659597441 ], [ 128.226655339972012, -3.74837120543808 ], [ 128.226634449620008, -3.74836910552113 ], [ 128.226610589707008, -3.74836669623739 ], [ 128.226565600221988, -3.74836484543257 ], [ 128.226520750132011, -3.74836113572916 ], [ 128.226475980082995, -3.74835628568535 ], [ 128.226431419573998, -3.74834996614937 ], [ 128.226386930112994, -3.7483429757191 ], [ 128.226342439751988, -3.74833598618813 ], [ 128.226299839766, -3.74832262585989 ], [ 128.226258770426, -3.74830409622839 ], [ 128.226217399813009, -3.74828625547774 ], [ 128.226175539969006, -3.74826961622124 ], [ 128.226147279673, -3.74825838548752 ], [ 128.226133670232997, -3.74825297606542 ], [ 128.226090060307996, -3.7482465054433 ], [ 128.22607494000701, -3.74824705582843 ], [ 128.226063899928988, -3.74824556565178 ], [ 128.226060620102004, -3.74824757563652 ], [ 128.226045069923998, -3.7482481359142 ], [ 128.226000319658993, -3.74825278630843 ], [ 128.225955689903003, -3.74825871553872 ], [ 128.225910970215011, -3.74826396578082 ], [ 128.225866200165001, -3.74826878614696 ], [ 128.225832960323004, -3.74827222605376 ], [ 128.225821420223014, -3.74827342574937 ], [ 128.225776429837993, -3.74827518572265 ], [ 128.225732479969992, -3.7482707862392 ], [ 128.225690559871992, -3.74825427558582 ], [ 128.225646680149993, -3.74824931582467 ], [ 128.225601679873989, -3.74825089593351 ], [ 128.225556669705014, -3.74825042558806 ], [ 128.225511660434989, -3.74824912606772 ], [ 128.22546742008501, -3.74824416630669 ], [ 128.22542561959699, -3.74822733549459 ], [ 128.225383540318006, -3.74821130597847 ], [ 128.225340970009995, -3.74819657598267 ], [ 128.225298260306005, -3.74818267606114 ], [ 128.225253230351996, -3.74818263559164 ], [ 128.225208429725001, -3.7481859657812 ], [ 128.225163819755011, -3.7481920955602 ], [ 128.225119330293012, -3.7481990257359 ], [ 128.225074910079002, -3.74820642625704 ], [ 128.225030530335005, -3.74821399585071 ], [ 128.224986370024993, -3.74822282629385 ], [ 128.224941900348995, -3.74822906579024 ], [ 128.224896909964997, -3.74823090580312 ], [ 128.224852630045007, -3.74822452601255 ], [ 128.224808629813992, -3.74821493564223 ], [ 128.224785820308995, -3.74820962604492 ], [ 128.22477125039299, -3.74821360554492 ], [ 128.224720120336997, -3.74818921593104 ], [ 128.224679679623989, -3.74817525575494 ], [ 128.224634670353993, -3.74817411631396 ], [ 128.224589660184989, -3.74817297597355 ], [ 128.224544640123014, -3.74817184552576 ], [ 128.224499639847011, -3.7481707456549 ], [ 128.224454619785007, -3.7481696556766 ], [ 128.224410429798013, -3.74817287614886 ], [ 128.22436903040699, -3.74819065574566 ], [ 128.224333890297004, -3.74821774602365 ], [ 128.224293380335013, -3.74823262620621 ], [ 128.224250560015008, -3.74822952624306 ], [ 128.224210620224, -3.74820862599874 ], [ 128.22417055992301, -3.74818800544358 ], [ 128.224130299973012, -3.74816774551655 ], [ 128.224089639824996, -3.74814857556786 ], [ 128.224045959752999, -3.74813757595989 ], [ 128.224002169963995, -3.74812723555506 ], [ 128.223957530316, -3.74812135578752 ], [ 128.223921950438012, -3.74809948607399 ], [ 128.223900290265988, -3.74806111559964 ], [ 128.223886789644013, -3.7480197962482 ], [ 128.223851660326005, -3.74799151616724 ], [ 128.223813190026988, -3.74796812570016 ], [ 128.223774229597012, -3.74794544569751 ], [ 128.223737250374, -3.74791972598633 ], [ 128.223700850314003, -3.74789310605379 ], [ 128.223671039587003, -3.74785935629612 ], [ 128.223642680365003, -3.74782423597162 ], [ 128.22361458014899, -3.74778889621249 ], [ 128.223587989894014, -3.74775281631138 ], [ 128.223577719636012, -3.74770877561151 ], [ 128.223571630326006, -3.7476639956689 ], [ 128.223541619949998, -3.74763402576175 ], [ 128.22350480979901, -3.7476079759994 ], [ 128.223468370169002, -3.74758141632142 ], [ 128.223431919746986, -3.74755486563666 ], [ 128.223397859723008, -3.7475252761428 ], [ 128.223365199943999, -3.74749417578784 ], [ 128.22333339002401, -3.74746217611079 ], [ 128.223304000179013, -3.74742849560091 ], [ 128.223285389609003, -3.74738729585938 ], [ 128.223269610104012, -3.74734503581715 ], [ 128.223245500180013, -3.7473083857458 ], [ 128.223201900148013, -3.74730773553599 ], [ 128.223157120205002, -3.7473029556393 ], [ 128.223116100328014, -3.74728529565235 ], [ 128.223079270391992, -3.74725979627507 ], [ 128.223051850063001, -3.74722499610918 ], [ 128.223035139759986, -3.74718392587003 ], [ 128.223035789969998, -3.74713881587629 ], [ 128.223052559628002, -3.74709683552319 ], [ 128.223075799908003, -3.7470586961746 ], [ 128.223103499926992, -3.74702311629655 ], [ 128.223119499765005, -3.74699639563989 ], [ 128.223126709630009, -3.7469843555164 ], [ 128.223128240275997, -3.74693953600363 ], [ 128.223121532232994, -3.74691948292064 ], [ 128.223114219845996, -3.74689762579769 ], [ 128.223079790199989, -3.74687047616445 ], [ 128.22303836023201, -3.74685390615579 ], [ 128.222994830347005, -3.74684235616278 ], [ 128.222951289669993, -3.74683081606229 ], [ 128.222906460264994, -3.74682991584089 ], [ 128.222861450095991, -3.74683060562089 ], [ 128.22281642014201, -3.74683129630021 ], [ 128.222771409973006, -3.74683198608021 ], [ 128.222727239769995, -3.74683906554335 ], [ 128.222683619952988, -3.74685028548523 ], [ 128.222640320295, -3.74686241554098 ], [ 128.222599310309988, -3.74688109625847 ], [ 128.222558300325005, -3.74689976618416 ], [ 128.222539373193996, -3.74690801116862 ], [ 128.222516999860005, -3.74691775622233 ], [ 128.222475520428986, -3.7469353460622 ], [ 128.222438050176009, -3.74695984629266 ], [ 128.222402419936003, -3.74698749594895 ], [ 128.222366789695997, -3.74701515549774 ], [ 128.222341169808999, -3.74705232627652 ], [ 128.222315620069992, -3.74708956630316 ], [ 128.222295649724003, -3.74712913557383 ], [ 128.222287410136005, -3.74717360614962 ], [ 128.222283339803994, -3.7472183959847 ], [ 128.222284710371014, -3.74726360580323 ], [ 128.222282950398011, -3.74730843610785 ], [ 128.222270910274005, -3.74735201545551 ], [ 128.222258880043, -3.74739560559506 ], [ 128.222247130401001, -3.74743925598913 ], [ 128.222238790087999, -3.74748370588056 ], [ 128.222207990106995, -3.74751622626508 ], [ 128.222176119931987, -3.74754817557999 ], [ 128.222139389820995, -3.74757385572103 ], [ 128.222100760341988, -3.74759708610876 ], [ 128.222060319628014, -3.74761682622767 ], [ 128.222019160356012, -3.74763516610214 ], [ 128.221978010077009, -3.74765351586912 ], [ 128.221940240349994, -3.74767812581691 ], [ 128.221904000368994, -3.74770476553448 ], [ 128.221870450261008, -3.74773491620541 ], [ 128.221836890259993, -3.74776507586948 ], [ 128.221800250081003, -3.7477911256318 ], [ 128.221762179980999, -3.74781528591859 ], [ 128.221731499609007, -3.7478342355334 ], [ 128.221708600172008, -3.74784111624634 ], [ 128.221678599688005, -3.74786454628364 ], [ 128.221645359845013, -3.74788333581907 ], [ 128.221606560394008, -3.74790621547122 ], [ 128.221570020039991, -3.74793265553941 ], [ 128.221533489579002, -3.74795908571501 ], [ 128.221497590441004, -3.74798634596485 ], [ 128.221462560048991, -3.74801473576308 ], [ 128.221426320069014, -3.74804157602953 ], [ 128.221388689735988, -3.74806603579055 ], [ 128.221347679752, -3.74808471560877 ], [ 128.221306669766989, -3.74810339542692 ], [ 128.221264569803992, -3.74811935569531 ], [ 128.221222200044991, -3.74813462618356 ], [ 128.221180430132989, -3.74815151545165 ], [ 128.221138670113987, -3.74816844608843 ], [ 128.221096919986991, -3.74818537582594 ], [ 128.221060060373986, -3.74821101549744 ], [ 128.221017650144006, -3.74822456558272 ], [ 128.220973890033008, -3.74823524593132 ], [ 128.220930149706987, -3.74824591548807 ], [ 128.220885719600005, -3.74825321618442 ], [ 128.220841240031007, -3.7482602255004 ], [ 128.220798149914998, -3.74827133572495 ], [ 128.220758669676997, -3.74829309572119 ], [ 128.220725580021991, -3.74832303595068 ], [ 128.220687339948995, -3.74834316547603 ], [ 128.220647140252993, -3.74833676590031 ], [ 128.220608300332998, -3.74832713595988 ], [ 128.220575990389989, -3.74835472626094 ], [ 128.22055003955299, -3.74839141590243 ], [ 128.220517399557991, -3.74842226624583 ], [ 128.220476779879988, -3.74844179592334 ], [ 128.22046121980901, -3.74844813614381 ], [ 128.220435420059005, -3.7484586555137 ], [ 128.220426729910002, -3.74845960609711 ], [ 128.220435640392992, -3.74843954581958 ], [ 128.220432929835994, -3.74843863570571 ], [ 128.220411140162014, -3.74845134582416 ], [ 128.220400680147009, -3.74845744592556 ], [ 128.220390230025004, -3.74846358559721 ], [ 128.220345889850989, -3.74846841585594 ], [ 128.220300990298995, -3.7484677755386 ], [ 128.220256019700003, -3.74846555601178 ], [ 128.220211030215012, -3.74846370610637 ], [ 128.220167049769003, -3.74845458608149 ], [ 128.220124199771988, -3.74844128600776 ], [ 128.220080620424, -3.74843868606768 ], [ 128.220035819797005, -3.74843987587079 ], [ 128.219991059639995, -3.74844172577625 ], [ 128.219949500169008, -3.74845623543817 ], [ 128.219908170026002, -3.74846935564744 ], [ 128.21986453042399, -3.74847753588079 ], [ 128.219840969985, -3.74848521609103 ], [ 128.219821800035987, -3.74849146547994 ], [ 128.219777000308, -3.7484959261173 ], [ 128.219732220366012, -3.74850004591158 ], [ 128.219688939592999, -3.7484875759121 ], [ 128.219650669842991, -3.74846756599655 ], [ 128.219645819799013, -3.74842288587876 ], [ 128.219643409615998, -3.74837776599238 ], [ 128.219643450084988, -3.74833253548949 ], [ 128.219628909845994, -3.74829155608183 ], [ 128.219591050187006, -3.74826707563644 ], [ 128.219566049933007, -3.74822948577363 ], [ 128.219545889831011, -3.7481891556765 ], [ 128.219504270106, -3.74817524586243 ], [ 128.219459529733996, -3.74817126546309 ], [ 128.219422740266992, -3.74814934628681 ], [ 128.219402369724008, -3.74811200553623 ], [ 128.219396329876986, -3.74806718602345 ], [ 128.219388190112994, -3.74802270555506 ], [ 128.219359589872994, -3.74799067620048 ], [ 128.21931884968501, -3.74797138574257 ], [ 128.219274419578994, -3.7479641462001 ], [ 128.219231590265991, -3.74795263577724 ], [ 128.219193549842004, -3.74792845570546 ], [ 128.219163620404998, -3.74789554591451 ], [ 128.219134770154, -3.74786098586768 ], [ 128.219098379986008, -3.74783811610808 ], [ 128.219053830270013, -3.747831506091 ], [ 128.219009290446991, -3.74782488618146 ], [ 128.218964270384987, -3.74782482592683 ], [ 128.218919240431006, -3.74782477556481 ], [ 128.218874349870987, -3.74782139591259 ], [ 128.218829479996003, -3.74781768620918 ], [ 128.218784809770995, -3.74781201598362 ], [ 128.218740140444993, -3.74780633586566 ], [ 128.218695179739001, -3.74780714615476 ], [ 128.218650180362005, -3.74780877572634 ], [ 128.218605529921007, -3.74780620546391 ], [ 128.218561390296003, -3.74779730577292 ], [ 128.218517440428002, -3.74778781612668 ], [ 128.21847719037001, -3.74776755619965 ], [ 128.218435040044994, -3.74775438562836 ], [ 128.218390100022987, -3.74775169575612 ], [ 128.218364220233013, -3.74778413610094 ], [ 128.218338850358009, -3.74781697574474 ], [ 128.218294219703012, -3.74781095568296 ], [ 128.218261280234003, -3.74778351556875 ], [ 128.218231019846002, -3.74775023615644 ], [ 128.218195350034989, -3.74772263596287 ], [ 128.218155299627995, -3.74770297588362 ], [ 128.218113109732002, -3.74768718558716 ], [ 128.218070900051998, -3.74767140608259 ], [ 128.218028679579987, -3.74765572550339 ], [ 128.217986329605992, -3.74764037587474 ], [ 128.217943969738997, -3.74762500556162 ], [ 128.217907299882, -3.74759949629187 ], [ 128.217879300389001, -3.74756491556057 ], [ 128.217855919815008, -3.74752625550449 ], [ 128.21783515986499, -3.7474965859709 ], [ 128.217830440222997, -3.74748983565962 ], [ 128.217790610148995, -3.74746874565835 ], [ 128.217750020147008, -3.74745034552936 ], [ 128.217705099910006, -3.74744719610353 ], [ 128.217660189566004, -3.74744404577834 ], [ 128.21765852042401, -3.74744408624787 ], [ 128.217615379946011, -3.74744501614686 ], [ 128.217570699828002, -3.74745058564827 ], [ 128.21754013007299, -3.74741768574992 ], [ 128.217504909924003, -3.74739072587363 ], [ 128.21746465986601, -3.74737046594661 ], [ 128.217424940408989, -3.74734918618836 ], [ 128.217385960194008, -3.74732655564845 ], [ 128.217346979978998, -3.7473039260078 ], [ 128.217316179997994, -3.74727210619525 ], [ 128.217289499810988, -3.7472356755585 ], [ 128.217261930194013, -3.74719993560108 ], [ 128.217230899985992, -3.74716852587932 ], [ 128.217188510442014, -3.7471532760754 ], [ 128.217146129890011, -3.74713802627149 ], [ 128.217102740298998, -3.74712685579238 ], [ 128.217089249569, -3.7471250157795 ], [ 128.217058130328013, -3.747120755691 ], [ 128.217013509565987, -3.74711466548205 ], [ 128.216968899595003, -3.7471085959576 ], [ 128.216932629936991, -3.74710856627999 ], [ 128.216924179907011, -3.74710171614393 ], [ 128.216917360347992, -3.74710854559557 ], [ 128.21687884957899, -3.74710851591789 ], [ 128.216833959919001, -3.74711145580164 ], [ 128.216789129614995, -3.74711562595798 ], [ 128.216744300209001, -3.74711981589943 ], [ 128.216699610198987, -3.74711647581735 ], [ 128.216654969650989, -3.74711053579527 ], [ 128.216610339894999, -3.7471045858806 ], [ 128.216592769840986, -3.7471021559124 ], [ 128.216565729925009, -3.74709842552458 ], [ 128.216521260247987, -3.74709139552421 ], [ 128.21647677978001, -3.74708438620811 ], [ 128.216444190147001, -3.74705784631525 ], [ 128.216417730294012, -3.74702125559917 ], [ 128.216390450259013, -3.74698535556247 ], [ 128.216358640338996, -3.74695335588547 ], [ 128.216343590185005, -3.74691240615542 ], [ 128.21633500975301, -3.74686799583427 ], [ 128.216326420327988, -3.74682360619742 ], [ 128.216317830003987, -3.7467791958762 ], [ 128.216322369782006, -3.74673447618813 ], [ 128.216328780149013, -3.74668970613811 ], [ 128.216350680440001, -3.74665047591188 ], [ 128.216373880249989, -3.74661171603103 ], [ 128.216397119631011, -3.74657298582786 ], [ 128.216420500205999, -3.74653432577177 ], [ 128.216443879881012, -3.74649566571567 ], [ 128.216467249663992, -3.74645701555219 ], [ 128.216488440389014, -3.7464171360154 ], [ 128.216508610384011, -3.74637670609351 ], [ 128.216531540397995, -3.74633795610526 ], [ 128.216558289832989, -3.7463015758306 ], [ 128.216586300117996, -3.74626627564163 ], [ 128.216618160400003, -3.74623432542739 ], [ 128.216647609599988, -3.74620023572593 ], [ 128.216675170222999, -3.74616446609088 ], [ 128.216704280377996, -3.74612997619111 ], [ 128.216733400425994, -3.74609546560701 ], [ 128.216762530366992, -3.74606097570724 ], [ 128.216791559582987, -3.74602640576781 ], [ 128.216820610382996, -3.74599184572096 ], [ 128.216844630375988, -3.74595388623674 ], [ 128.216865560297009, -3.74591384572137 ], [ 128.216877389979999, -3.74587153621639 ], [ 128.216877430448989, -3.74582630571345 ], [ 128.21687328997001, -3.74578136569156 ], [ 128.216867260015988, -3.74573654617876 ], [ 128.216853719823007, -3.74569378611348 ], [ 128.216836020265987, -3.74565220595876 ], [ 128.216817380018, -3.7456110457874 ], [ 128.216797930380011, -3.74557024624418 ], [ 128.216778479842986, -3.74552946558668 ], [ 128.216754910410998, -3.74549092603977 ], [ 128.216731289716989, -3.74545242606304 ], [ 128.216726210345996, -3.74544415589751 ], [ 128.216707650138005, -3.74541392608623 ], [ 128.216681110244991, -3.7453778560777 ], [ 128.216647880295994, -3.74534732589285 ], [ 128.216614650346003, -3.74531680560065 ], [ 128.21657975035501, -3.74528840590983 ], [ 128.21654265961601, -3.74526275544645 ], [ 128.21650557966899, -3.74523709598985 ], [ 128.216468489828998, -3.74521143563393 ], [ 128.216426870103987, -3.74519467586828 ], [ 128.216384510236992, -3.74517935591727 ], [ 128.216342139577989, -3.74516404585874 ], [ 128.216299830073012, -3.74514857572091 ], [ 128.216258869551012, -3.74512982575563 ], [ 128.216230334962006, -3.74511677029751 ], [ 128.216217999860987, -3.74511112615228 ], [ 128.216217890143014, -3.74511107579031 ], [ 128.216176919729008, -3.74509232582496 ], [ 128.216133579601006, -3.74508116613772 ], [ 128.216089260111005, -3.74507317566137 ], [ 128.216044890260008, -3.74506597568901 ], [ 128.21599988009001, -3.74506723563924 ], [ 128.215954879814007, -3.74506848569686 ], [ 128.215909869645003, -3.74506972586196 ], [ 128.215866269613002, -3.74508036574108 ], [ 128.215822899806994, -3.74509251558194 ], [ 128.215784430407012, -3.74511344550384 ], [ 128.215751480146992, -3.74514426616968 ], [ 128.215728290227986, -3.74518171573831 ], [ 128.215712169880987, -3.74522394610288 ], [ 128.215696050432996, -3.74526617556818 ], [ 128.215679000185986, -3.74530800573447 ], [ 128.215658830190989, -3.7453484356563 ], [ 128.215638650303987, -3.74538887547071 ], [ 128.21561848030899, -3.74542930629187 ], [ 128.215598300420993, -3.74546974610627 ], [ 128.215592190427003, -3.74551352600277 ], [ 128.215592149958013, -3.74555875560634 ], [ 128.215592110388002, -3.74560398610936 ], [ 128.215592069917989, -3.74564921571294 ], [ 128.215592030348006, -3.7456944462159 ], [ 128.215591989878988, -3.74573967581947 ], [ 128.215588350322008, -3.74578431546785 ], [ 128.215574069987014, -3.74582721582734 ], [ 128.215548420423005, -3.74586380564409 ], [ 128.215519869645988, -3.7458987757818 ], [ 128.215490440232003, -3.74593289606022 ], [ 128.215456939586005, -3.74596312587141 ], [ 128.215423439840009, -3.74599334579015 ], [ 128.215389940094013, -3.74602356570878 ], [ 128.215355829707988, -3.74605308595494 ], [ 128.215321009756991, -3.74608175544241 ], [ 128.215286189805994, -3.74611042582925 ], [ 128.215251170204994, -3.74613883631192 ], [ 128.215214729676006, -3.74616540588243 ], [ 128.215178290045998, -3.74619196556035 ], [ 128.215141850415989, -3.74621853603018 ], [ 128.215106009734995, -3.74624587631972 ], [ 128.215071179890998, -3.74627455569968 ], [ 128.215036359940001, -3.74630322608647 ], [ 128.215001469842008, -3.74633180564177 ], [ 128.214964460042012, -3.74635755592989 ], [ 128.214927440348987, -3.74638330621804 ], [ 128.214890419757012, -3.74640905560684 ], [ 128.214853400063987, -3.74643479600238 ], [ 128.214816380372014, -3.74646054629051 ], [ 128.214789280200989, -3.74649516569264 ], [ 128.214767209938998, -3.74653437613379 ], [ 128.214732600428988, -3.74656329563278 ], [ 128.214697980127994, -3.74659221603117 ], [ 128.214662689830988, -3.74662029556337 ], [ 128.21462732039501, -3.74664829595522 ], [ 128.214592790024994, -3.74667729549392 ], [ 128.214574489721002, -3.74669310557545 ], [ 128.214558649961987, -3.74670679595493 ], [ 128.214524519791013, -3.74673628562408 ], [ 128.214489150354012, -3.74676364569872 ], [ 128.214446710446992, -3.74677873632264 ], [ 128.214424679755012, -3.74678655592779 ], [ 128.214404249855988, -3.74679381615467 ], [ 128.214362399905013, -3.74681008578974 ], [ 128.214324909867003, -3.746835135506 ], [ 128.214287419828992, -3.74686018612157 ], [ 128.214249929789986, -3.74688523583781 ], [ 128.214214009968998, -3.74691248619512 ], [ 128.214178490345006, -3.74694027614564 ], [ 128.214142969822007, -3.74696806609612 ], [ 128.214107450199009, -3.7469958659392 ], [ 128.214090940445004, -3.74700882606921 ], [ 128.214071980038, -3.74702371614435 ], [ 128.214041760118988, -3.74705724556812 ], [ 128.214011550093005, -3.74709077589124 ], [ 128.213981330173993, -3.74712431610691 ], [ 128.213952909798991, -3.74715904612565 ], [ 128.213933690387989, -3.74719994549366 ], [ 128.213914479968992, -3.74724085565351 ], [ 128.213895269550989, -3.74728176581328 ], [ 128.213884779859001, -3.74732533616771 ], [ 128.213877999869993, -3.74737005585577 ], [ 128.213871209988014, -3.7474147755438 ], [ 128.21385201036199, -3.74745434571376 ], [ 128.21382550014701, -3.74749089596029 ], [ 128.213798120287009, -3.74752666559534 ], [ 128.213764619642006, -3.74755689630588 ], [ 128.213731119894987, -3.74758711622459 ], [ 128.213695760350987, -3.74761502578492 ], [ 128.213659380075995, -3.74764168618693 ], [ 128.213622999801999, -3.74766833579712 ], [ 128.213587820122001, -3.74769652594595 ], [ 128.213553199820012, -3.7477254562368 ], [ 128.213518580417997, -3.74775436584326 ], [ 128.213481659650995, -3.74778018627851 ], [ 128.213444169613012, -3.74780523599475 ], [ 128.213406690367009, -3.74783028571099 ], [ 128.213369190435998, -3.74785533542723 ], [ 128.213330419762997, -3.74787817550925 ], [ 128.213290290215014, -3.74789867555519 ], [ 128.213250149874995, -3.74791918549383 ], [ 128.213209729845005, -3.74793905601439 ], [ 128.21316819015999, -3.74795650556004 ], [ 128.213126649575003, -3.74797396589751 ], [ 128.213085740314995, -3.74799249552891 ], [ 128.213050020141992, -3.74802003546793 ], [ 128.213018599629009, -3.74805202615173 ], [ 128.213001699568991, -3.74808950629726 ], [ 128.213013510364988, -3.74813315579205 ], [ 128.213028850101011, -3.7481748357716 ], [ 128.213059370394006, -3.74820809629805 ], [ 128.213068459841992, -3.74824768625313 ], [ 128.213060699592006, -3.74829223596931 ], [ 128.213038829878002, -3.74832500546601 ], [ 128.21299665976801, -3.74834084612446 ], [ 128.212952100158986, -3.74834340559503 ], [ 128.212907080098006, -3.74834336602481 ], [ 128.212890639590995, -3.7483433462398 ], [ 128.212862050143997, -3.74834332555537 ], [ 128.21281865965301, -3.74835530632369 ], [ 128.212775309633003, -3.74836750562716 ], [ 128.212731949719995, -3.74837971572257 ], [ 128.212687620336993, -3.74838748586513 ], [ 128.212643200124006, -3.74839488548686 ], [ 128.212599949928006, -3.74838752543522 ], [ 128.21255724022501, -3.74837318574522 ], [ 128.212515900189004, -3.74835730551655 ], [ 128.212496900211988, -3.74831630632382 ], [ 128.212484879872989, -3.74827326567005 ], [ 128.212483440059003, -3.74826465556081 ], [ 128.212477449674992, -3.74822881577868 ], [ 128.212456939736001, -3.74819081582494 ], [ 128.212414450366992, -3.74817583581769 ], [ 128.212371479859996, -3.74816380558668 ], [ 128.212326449905987, -3.74816375612394 ], [ 128.212281419952006, -3.74816371565451 ], [ 128.212236399890003, -3.74816404570565 ], [ 128.212227549662003, -3.74816433618668 ], [ 128.212191399613005, -3.7481655160972 ], [ 128.212146400236009, -3.74816698558942 ], [ 128.212101489892007, -3.74816983554101 ], [ 128.212056670379013, -3.74817414599155 ], [ 128.212011849967013, -3.74817846543536 ], [ 128.211966970199995, -3.74817817585368 ], [ 128.211922049962993, -3.74817501563602 ], [ 128.211877139617997, -3.74817186621017 ], [ 128.211833050355011, -3.74818053567467 ], [ 128.211789020446986, -3.74818997585816 ], [ 128.211752189612014, -3.74820877618553 ], [ 128.211732009723988, -3.74824920610738 ], [ 128.211723680203988, -3.74829337630965 ], [ 128.21170550040901, -3.74833314612909 ], [ 128.211678009932001, -3.74836896612615 ], [ 128.211650520354993, -3.74840478612323 ], [ 128.211617480163, -3.74843454558908 ], [ 128.211579650180994, -3.74845907549713 ], [ 128.211544080195011, -3.74848668558321 ], [ 128.211509610079986, -3.74851578584601 ], [ 128.211473850337995, -3.74854312613547 ], [ 128.21143602035599, -3.74856764615105 ], [ 128.211394680320012, -3.74858271609051 ], [ 128.211350100027005, -3.74858907609607 ], [ 128.211305519733997, -3.748595426209 ], [ 128.211260860300996, -3.74860108564263 ], [ 128.211216000317989, -3.74860480613793 ], [ 128.211171119651993, -3.74860851584137 ], [ 128.21112623988401, -3.74861222554483 ], [ 128.211081280076996, -3.74861054561123 ], [ 128.211036299585999, -3.74860849605632 ], [ 128.210991319993013, -3.74860644560208 ], [ 128.210946340400994, -3.74860439604711 ], [ 128.210901469627004, -3.74860713628135 ], [ 128.210891640037005, -3.74860801581834 ], [ 128.210856620436999, -3.74861115625088 ], [ 128.210811770346993, -3.74861517622043 ], [ 128.210773380087005, -3.74861861612725 ], [ 128.210766920256987, -3.74861919618999 ], [ 128.210723679953986, -3.74863134603086 ], [ 128.210680939674006, -3.74864523605975 ], [ 128.210651830417987, -3.74867973585205 ], [ 128.210640620367997, -3.74868855550339 ], [ 128.210617290155994, -3.74870689627719 ], [ 128.210576020267013, -3.7487249861401 ], [ 128.210532270047992, -3.74872078630612 ], [ 128.210488050382992, -3.74871228591416 ], [ 128.210459069730007, -3.74867948584056 ], [ 128.210432400335009, -3.74864305610317 ], [ 128.210399659616996, -3.74861251602583 ], [ 128.21037225997199, -3.74859231545402 ], [ 128.210363729902014, -3.74858602559564 ], [ 128.210318740417989, -3.74858424583736 ], [ 128.210273759925997, -3.74858246607899 ], [ 128.210232460360004, -3.74859634621546 ], [ 128.210193079947004, -3.74861825549916 ], [ 128.210149569847005, -3.7486269654331 ], [ 128.210122910344012, -3.74862970566745 ], [ 128.210104780011989, -3.74863157625723 ], [ 128.210060060323997, -3.74863505573428 ], [ 128.210016109555994, -3.74862520545991 ], [ 128.209979890260001, -3.74861708548116 ], [ 128.209972169579999, -3.74861535608482 ], [ 128.209928219711998, -3.74860550581047 ], [ 128.209921689733989, -3.74860413614301 ], [ 128.209884140340989, -3.74859629585345 ], [ 128.209839999816012, -3.74858739616248 ], [ 128.209795749573999, -3.74857903606476 ], [ 128.209751309575012, -3.74857179562298 ], [ 128.209709259974005, -3.74856494548691 ], [ 128.209706869575996, -3.74856455608052 ], [ 128.209662450261987, -3.74855713577431 ], [ 128.209618069617989, -3.74854948614097 ], [ 128.209573699766992, -3.74854182571583 ], [ 128.209529329915, -3.74853418597504 ], [ 128.20948454997199, -3.74853118583669 ], [ 128.209439520018009, -3.74853114626649 ], [ 128.209394499956005, -3.74853110579701 ], [ 128.209349479894996, -3.74853058598887 ], [ 128.209304469725993, -3.74852970555264 ], [ 128.209259439770989, -3.74852882601565 ], [ 128.209214429602014, -3.74852794557935 ], [ 128.209169410440012, -3.74852707593489 ], [ 128.209167440025993, -3.74852701568035 ], [ 128.209124410163014, -3.74852572605256 ], [ 128.209079419778988, -3.74852407579658 ], [ 128.209034469865003, -3.748522186321 ], [ 128.208992070427996, -3.74850693561775 ], [ 128.208983079905011, -3.74850370615227 ], [ 128.208976969910992, -3.74850150551124 ], [ 128.208949679983988, -3.74849169570635 ], [ 128.208907210400014, -3.748476695914 ], [ 128.208864499796988, -3.74846235622397 ], [ 128.208821809878998, -3.74844801563465 ], [ 128.208779610091, -3.74843233595482 ], [ 128.208738299733, -3.7484143558091 ], [ 128.208696990274007, -3.74839636577094 ], [ 128.208655670023006, -3.74837838562528 ], [ 128.208613390196007, -3.74836297574206 ], [ 128.208570589661008, -3.74834892563372 ], [ 128.208527790024988, -3.74833488631727 ], [ 128.208484990389991, -3.74832084610151 ], [ 128.208443430019997, -3.74830457556708 ], [ 128.208409139769998, -3.74827525586972 ], [ 128.208374860312006, -3.74824593617245 ], [ 128.208339120353997, -3.74821847627313 ], [ 128.208302830012002, -3.74819168546944 ], [ 128.208290029961006, -3.74818223629267 ], [ 128.208266549562012, -3.7481649162494 ], [ 128.208262779604013, -3.74816232620192 ], [ 128.208229439937014, -3.74813939618775 ], [ 128.208202970190996, -3.74812401598211 ], [ 128.208190459722005, -3.74811675575528 ], [ 128.208151480406997, -3.74809412611461 ], [ 128.20812555025401, -3.74807980620972 ], [ 128.208112029846006, -3.74807233554146 ], [ 128.208072179986999, -3.74805127611714 ], [ 128.208032330127992, -3.748030225686 ], [ 128.20799249016099, -3.74800916626173 ], [ 128.207953310297, -3.74798694581259 ], [ 128.207915220410996, -3.74796281610284 ], [ 128.207877140417992, -3.74793869628557 ], [ 128.207838109840992, -3.74791625550255 ], [ 128.207797849890994, -3.7478959955755 ], [ 128.207757589940996, -3.74787573564851 ], [ 128.207717710404012, -3.7478547760489 ], [ 128.207678529640987, -3.74783248545268 ], [ 128.207639349776002, -3.74781019575582 ], [ 128.207599460347012, -3.74778921547181 ], [ 128.207559509763996, -3.74776836558952 ], [ 128.207519220135993, -3.74774832599637 ], [ 128.207506490231992, -3.74774421609467 ], [ 128.207476350353005, -3.74773450611455 ], [ 128.207433469779005, -3.74772068623269 ], [ 128.207397059826008, -3.74769551600725 ], [ 128.207363429678992, -3.7476654462754 ], [ 128.207331170097007, -3.74763394572215 ], [ 128.207300399794008, -3.74760092621387 ], [ 128.207271679944, -3.74756622587278 ], [ 128.207245349592995, -3.74752953623134 ], [ 128.20722424969901, -3.74749019628774 ], [ 128.207210509856992, -3.74744711606384 ], [ 128.207196760122002, -3.74740403583993 ], [ 128.207185389994009, -3.74736030630547 ], [ 128.207175000126, -3.74731629618257 ], [ 128.207173070181, -3.74731189579977 ], [ 128.207156949833006, -3.74727517558139 ], [ 128.207135910194012, -3.7472351962198 ], [ 128.207099949903011, -3.74720836584592 ], [ 128.20706301025001, -3.74718261555784 ], [ 128.207020570342991, -3.74716752583325 ], [ 128.206977179852998, -3.74715887615377 ], [ 128.206932210153013, -3.74716109568062 ], [ 128.206889700099993, -3.74717278596786 ], [ 128.20684940957301, -3.74719297574777 ], [ 128.206809379849005, -3.74721356572598 ], [ 128.206773489705, -3.74724089612296 ], [ 128.206737620245008, -3.74726822562061 ], [ 128.206704160068995, -3.74729763614942 ], [ 128.206703339887014, -3.74729918568136 ], [ 128.206687209646987, -3.74727913619564 ], [ 128.20665568207059, -3.74693371122329 ], [ 128.20674385939293, -3.746706368323925 ], [ 128.20706200082833, -3.746102315467835 ], [ 128.208163019717489, -3.7447600913074 ], [ 128.20963708767178, -3.742436757774852 ], [ 128.210202476117985, -3.741481879510141 ], [ 128.210629658499556, -3.740690335685446 ], [ 128.210635825060791, -3.740513177985022 ], [ 128.210621285738853, -3.740347052495577 ], [ 128.210617094311885, -3.74017520399001 ], [ 128.210516580810321, -3.739999305362301 ], [ 128.210416067308785, -3.739622379731494 ], [ 128.210026577490282, -3.738994170346816 ], [ 128.209750165361015, -3.738604680528316 ], [ 128.20939836810561, -3.738278011648283 ], [ 128.20897118572401, -3.737989035331331 ], [ 128.208801569190172, -3.737905797587861 ], [ 128.20876703846335, -3.737902255974854 ], [ 128.208770499059, -3.73789706507994 ], [ 128.208782864737003, -3.73787851566346 ], [ 128.208474410765007, -3.73590441114427 ], [ 128.208482869789009, -3.7358201761449 ], [ 128.208442090031014, -3.73537891568956 ], [ 128.208387389666001, -3.73515825623395 ], [ 128.208442799596014, -3.73459298556384 ], [ 128.208457320049007, -3.73369675628726 ], [ 128.208385449828995, -3.73320892623844 ], [ 128.208361830034988, -3.73304862568119 ], [ 128.20826436960499, -3.73275401587313 ] ] ] ] } },
{ "type": "Feature", "properties": { "gid": 122501, "kdkec": "020", "nmkab": "AMBON", "nmkec": "SIRIMAU", "nmsls": "RT 03 RW 05", "kddesa": "009", "nmdesa": "KEL BATU MEJA", "nmprov": "MALUKU", "sumber": "", "dom_sls": null, "kdprov": "81", "kdkab": "71", "iddesa": "8171020009", "idkec": "8171020" }, "geometry": { "type": "MultiPolygon", "coordinates": [ [ [ [ 128.185663715907992, -3.70924561620529 ], [ 128.185532228728988, -3.70911099848697 ], [ 128.185325587905993, -3.70888096359905 ], [ 128.185148922384997, -3.70843320913922 ], [ 128.184762111382014, -3.70804079176345 ], [ 128.184628469427992, -3.707926240618 ], [ 128.184358825699007, -3.70801203684037 ], [ 128.184335729310988, -3.70802262276018 ], [ 128.183771765355004, -3.70819061162164 ], [ 128.183285576546552, -3.70798321667488 ], [ 128.183230644387493, -3.707575679440554 ], [ 128.182712998006991, -3.70728391513573 ], [ 128.182716678565981, -3.707280659381558 ], [ 128.182706912691231, -3.707275878883425 ], [ 128.182707609167068, -3.707267521173173 ], [ 128.182718849213728, -3.707107350508341 ], [ 128.182730089260389, -3.706947179843508 ], [ 128.182724469237058, -3.706719568898746 ], [ 128.182730089260389, -3.70651162803563 ], [ 128.182786289493663, -3.706455427802355 ], [ 128.182909930006872, -3.706376747475771 ], [ 128.182971750263476, -3.706241866915912 ], [ 128.18301671045009, -3.705960865749539 ], [ 128.182977370286807, -3.705752924886423 ], [ 128.182954890193486, -3.705606804279909 ], [ 128.182893069936881, -3.705337043160191 ], [ 128.18287058984356, -3.705202162600332 ], [ 128.182865381641761, -3.704952168913139 ], [ 128.18285540115599, -3.70496464452035 ], [ 128.182643341916986, -3.705051963295 ], [ 128.182637472041989, -3.70506957291996 ], [ 128.182539859627013, -3.70503052795403 ], [ 128.182560990098011, -3.70499279599833 ], [ 128.182574749725006, -3.70491376627497 ], [ 128.182588510252003, -3.7048278657312 ], [ 128.182629629953993, -3.70475917551338 ], [ 128.182687850263989, -3.70467674635267 ], [ 128.182708489704993, -3.70455648631087 ], [ 128.182729130045004, -3.70442935634793 ], [ 128.18272474585001, -3.70438638404267 ], [ 128.182520192225297, -3.70438361963009 ], [ 128.182517669004795, -3.704307923014524 ], [ 128.182515905896963, -3.704223293838298 ], [ 128.182528247651817, -3.704143953985586 ], [ 128.182507090357774, -3.704018773329084 ], [ 128.182433039828567, -3.703964116986105 ], [ 128.182392488348313, -3.703893592672583 ], [ 128.182417171858049, -3.703803674172844 ], [ 128.182471828201017, -3.703708466349589 ], [ 128.182521195220488, -3.703579759477412 ], [ 128.182582903994813, -3.703452815713073 ], [ 128.18265695452402, -3.703368186536847 ], [ 128.182682519587729, -3.703287083576297 ], [ 128.182746873023802, -3.70307727374357 ], [ 128.182787672441123, -3.702989008157429 ], [ 128.182788809956008, -3.702987894844966 ], [ 128.182788809956008, -3.70298771523061 ], [ 128.182788809956008, -3.7029830657356 ], [ 128.182813769739994, -3.70287078627766 ], [ 128.18293436972499, -3.70278760618306 ], [ 128.182936600044002, -3.70278705579796 ], [ 128.182835429910995, -3.70257392636579 ], [ 128.182837099951996, -3.70256118567039 ], [ 128.182822869979987, -3.70253136594995 ], [ 128.182822578599001, -3.70253075620968 ], [ 128.182765729755005, -3.70241161582378 ], [ 128.182672780324992, -3.70219906555502 ], [ 128.182560480181991, -3.7021063157745 ], [ 128.182415639869987, -3.70199030862666 ], [ 128.182266159954992, -3.70187058548004 ], [ 128.181936980207013, -3.70162711562011 ], [ 128.181611680135006, -3.70138751554284 ], [ 128.181474755656012, -3.70134449827147 ], [ 128.181402559880013, -3.70132181557087 ], [ 128.181368339777009, -3.70131074581581 ], [ 128.181359959893996, -3.70131795568065 ], [ 128.181358888802009, -3.70131764631387 ], [ 128.181357160304998, -3.70131714629079 ], [ 128.181185690168007, -3.70126771595389 ], [ 128.1810424, -3.70118269592474 ], [ 128.181039129462988, -3.70117420792132 ], [ 128.180984320269999, -3.70103197576688 ], [ 128.180949459850012, -3.70085033609619 ], [ 128.180955329725009, -3.70078887552826 ], [ 128.180956724573008, -3.70077424086067 ], [ 128.180962150183007, -3.7007173362582 ], [ 128.180971780123997, -3.70067560591671 ], [ 128.180939730084987, -3.70057361560216 ], [ 128.180936118407004, -3.70055723624975 ], [ 128.180922349787011, -3.7004947963202 ], [ 128.180919439580009, -3.70049027632756 ], [ 128.180909410341002, -3.70044794613824 ], [ 128.180881339801999, -3.70036998570881 ], [ 128.180765949588988, -3.70029201628612 ], [ 128.180710140360986, -3.70028364629589 ], [ 128.180709849880003, -3.70028836593796 ], [ 128.180709820201997, -3.70028889563868 ], [ 128.180611175364987, -3.70041279074017 ], [ 128.180608722895812, -3.700415870983758 ], [ 128.180568511883934, -3.700409169148444 ], [ 128.180515813159133, -3.700447046356895 ], [ 128.180405475204083, -3.700585380509499 ], [ 128.180337954962937, -3.700677603277902 ], [ 128.180265561684934, -3.700860160239795 ], [ 128.180245139601993, -3.70089079569563 ], [ 128.180167170179004, -3.70101866580063 ], [ 128.180133059793008, -3.70106806556053 ], [ 128.180132860143004, -3.70107479608677 ], [ 128.180073489600005, -3.70112877609386 ], [ 128.180009789720003, -3.70120928610134 ], [ 128.180009999262012, -3.70122035405769 ], [ 128.180010039731997, -3.70122250613538 ], [ 128.180010170132988, -3.70122929601679 ], [ 128.180002599640005, -3.70121167559995 ], [ 128.179894170180006, -3.70121167559995 ], [ 128.179893430037993, -3.70121829550954 ], [ 128.179892992967012, -3.70121764170241 ], [ 128.179886429714998, -3.70120781660907 ], [ 128.179832209588994, -3.70112665549249 ], [ 128.179835299659004, -3.70111817578496 ], [ 128.179819619979014, -3.70109960568403 ], [ 128.179796389592013, -3.7010049259584 ], [ 128.179782829613998, -3.700863865497 ], [ 128.179807999838999, -3.70075565637057 ], [ 128.179790579971012, -3.7006030063459 ], [ 128.179790579971012, -3.70059334582852 ], [ 128.17975960012501, -3.70054697588456 ], [ 128.179699570379, -3.70050832572104 ], [ 128.179681889707012, -3.70048231552886 ], [ 128.17960269001199, -3.7004261159949 ], [ 128.179523299661014, -3.70037072585086 ], [ 128.179468590303003, -3.70033255592528 ], [ 128.179350080342005, -3.70026706549536 ], [ 128.179269809554, -3.70018119552851 ], [ 128.17923389962499, -3.70014277559138 ], [ 128.179221599597014, -3.70010519562107 ], [ 128.179212740375988, -3.70007810624245 ], [ 128.179207400200994, -3.7000768256079 ], [ 128.179160620165987, -3.69999418600577 ], [ 128.179124810062007, -3.69995837590128 ], [ 128.179124769592988, -3.69995831564671 ], [ 128.179123360354993, -3.69995620583721 ], [ 128.179098038143991, -3.69991839564044 ], [ 128.179075646824003, -3.69994662895679 ], [ 128.179075646824003, -3.69994753637268 ], [ 128.179073721375005, -3.69994569905778 ], [ 128.179037272751998, -3.69991094565664 ], [ 128.179024880094005, -3.69989912856495 ], [ 128.178930182382004, -3.69981824174159 ], [ 128.178826260324001, -3.69972947595772 ], [ 128.178594729862994, -3.69956483617166 ], [ 128.178571690131008, -3.69954845591989 ], [ 128.17848808106001, -3.69948024863806 ], [ 128.178464370434, -3.69946090601945 ], [ 128.178308439683008, -3.69935486605784 ], [ 128.17825580190916, -3.699321369637661 ], [ 128.178171220226005, -3.69926754548456 ], [ 128.178070942219989, -3.69919961879119 ], [ 128.177977859690003, -3.69913656552395 ], [ 128.178020709688013, -3.69909111558641 ], [ 128.177974739941988, -3.6991303260276 ], [ 128.177973641870011, -3.69912972168313 ], [ 128.177912370159987, -3.69909601599224 ], [ 128.177756440308002, -3.69898374552742 ], [ 128.177711490392994, -3.69895378551282 ], [ 128.177667140326008, -3.69891232586723 ], [ 128.177667109748995, -3.69891229618961 ], [ 128.177665944228011, -3.69891120621126 ], [ 128.177580049979014, -3.69883091563847 ], [ 128.177523229912993, -3.69872863574226 ], [ 128.177522370161, -3.69871890597699 ], [ 128.177522175907995, -3.69871670803398 ], [ 128.177511240152, -3.69859276616765 ], [ 128.177544120264997, -3.6985256362736 ], [ 128.177644970238987, -3.69831973559203 ], [ 128.177672649572997, -3.69824361607482 ], [ 128.177715889876993, -3.69816353594329 ], [ 128.177725250019989, -3.69806685612547 ], [ 128.177724983821008, -3.69806655035602 ], [ 128.177622329807008, -3.69794834616434 ], [ 128.177586630319013, -3.6979060357601 ], [ 128.177566269668006, -3.69788189615775 ], [ 128.177550240151987, -3.69785724574049 ], [ 128.177541380030988, -3.6978445859841 ], [ 128.177540430346994, -3.69784322620919 ], [ 128.177536770106002, -3.69784655549937 ], [ 128.177534724147989, -3.69784842429058 ], [ 128.177475019956006, -3.69790293579705 ], [ 128.177473813066001, -3.69790221184276 ], [ 128.177453900276987, -3.69789026614806 ], [ 128.177385870161999, -3.69784944592043 ], [ 128.177176359600992, -3.69769788587412 ], [ 128.177154210199006, -3.69767945606745 ], [ 128.176949750230989, -3.69750930613513 ], [ 128.176946910172006, -3.69750693552225 ], [ 128.176647919765998, -3.69725811559546 ], [ 128.176579189978014, -3.69718625616678 ], [ 128.17655733015701, -3.6971614861396 ], [ 128.17647164005399, -3.69706437554652 ], [ 128.176470239809987, -3.69706631628352 ], [ 128.176447770249013, -3.69702317580506 ], [ 128.176446889812013, -3.69702374597518 ], [ 128.176439570230002, -3.69700543577839 ], [ 128.176402949835989, -3.69693219589032 ], [ 128.176359034141996, -3.69685314997917 ], [ 128.176349620038991, -3.69683620585254 ], [ 128.176339470290003, -3.69681794601776 ], [ 128.176329700055987, -3.69680035617784 ], [ 128.176304070277013, -3.69671612567511 ], [ 128.176241810210996, -3.6966685263579 ], [ 128.176161249842011, -3.69657330613979 ], [ 128.176168109869991, -3.69656620599221 ], [ 128.176157579709013, -3.69655041569574 ], [ 128.176154167172001, -3.69654712530117 ], [ 128.176055039907993, -3.69645154602874 ], [ 128.175926870328993, -3.69638928596357 ], [ 128.175776720419009, -3.69639294620429 ], [ 128.175648549941002, -3.69645520626951 ], [ 128.175491080449007, -3.69644421565475 ], [ 128.175490807954986, -3.69644392517375 ], [ 128.175384880407989, -3.69633068613911 ], [ 128.175367554069993, -3.69631716483214 ], [ 128.175234729598998, -3.69621350627521 ], [ 128.175084579690008, -3.69610363610101 ], [ 128.174930770439005, -3.6960047655347 ], [ 128.174850200176991, -3.69593518588742 ], [ 128.17474261967601, -3.69587173601917 ], [ 128.17471997025001, -3.69585837569083 ], [ 128.174707379741989, -3.69585095628396 ], [ 128.174718370356999, -3.6958253157131 ], [ 128.174731999582008, -3.69582371581922 ], [ 128.174720980188994, -3.69582312586395 ], [ 128.174735040190001, -3.69580262581793 ], [ 128.174769420372996, -3.69577341583792 ], [ 128.174804570374988, -3.69574515554194 ], [ 128.174839970388007, -3.69571721630394 ], [ 128.174850169600006, -3.69570916557307 ], [ 128.174875370401992, -3.69568928605924 ], [ 128.174863699899987, -3.69565725580531 ], [ 128.174833589698011, -3.69562363554993 ], [ 128.174803469604996, -3.69559000630135 ], [ 128.174773370194998, -3.69555637615353 ], [ 128.174743250100988, -3.69552275589814 ], [ 128.174713149792012, -3.69548912575032 ], [ 128.174712360186987, -3.69545619617432 ], [ 128.174744019921008, -3.69542403551861 ], [ 128.174775669761004, -3.69539187576229 ], [ 128.174807330394003, -3.69535971600596 ], [ 128.174838990127, -3.69532756614215 ], [ 128.174868680345014, -3.69529533623871 ], [ 128.174839259923999, -3.69526110624305 ], [ 128.174809829610012, -3.69522686635485 ], [ 128.174780400195004, -3.69519263635919 ], [ 128.174750979773989, -3.69515840636346 ], [ 128.17472155035901, -3.69512417636779 ], [ 128.174710000365991, -3.69509099588091 ], [ 128.174743240207988, -3.69506048638057 ], [ 128.174776470158008, -3.69502998587342 ], [ 128.17480971, -3.69499947637296 ], [ 128.174842959735003, -3.69496896597331 ], [ 128.174876189684994, -3.69493845557366 ], [ 128.174909430425998, -3.69490794607318 ], [ 128.174942670267995, -3.69487743567355 ], [ 128.174975900217987, -3.69484692617309 ], [ 128.175009140060013, -3.69481642566593 ], [ 128.17504237990201, -3.69478591616559 ], [ 128.175075609851007, -3.69475540576592 ], [ 128.175108849693999, -3.69472489626549 ], [ 128.175142079642995, -3.69469437597323 ], [ 128.175175330277, -3.69466387636541 ], [ 128.175208570119992, -3.69463336596574 ], [ 128.175241800068989, -3.69460285556603 ], [ 128.175275039911014, -3.69457234606566 ], [ 128.175308279753011, -3.69454183566595 ], [ 128.175341509703003, -3.69451132616553 ], [ 128.175374750444007, -3.69448082565835 ], [ 128.175407990286004, -3.694450316158 ], [ 128.175441230128996, -3.69441980575833 ], [ 128.175474469970993, -3.69438929625792 ], [ 128.17550769991999, -3.69435878585827 ], [ 128.17554093976301, -3.69432827635785 ], [ 128.175574179605007, -3.69429777585067 ], [ 128.175607409554004, -3.69426726635033 ], [ 128.175640660188009, -3.69423675595066 ], [ 128.175673890138, -3.69420623565841 ], [ 128.175707129979997, -3.69417572615801 ], [ 128.175740369821995, -3.69414522565078 ], [ 128.175773599771986, -3.69411471615043 ], [ 128.175806839614012, -3.69408420575071 ], [ 128.175840080354988, -3.69405369625036 ], [ 128.175873310305008, -3.69402318585067 ], [ 128.175906550147005, -3.69399267635026 ], [ 128.175939789989002, -3.69396217584311 ], [ 128.175973029831994, -3.69393166634274 ], [ 128.176006269673991, -3.69390115594302 ], [ 128.176039499622988, -3.69387064554333 ], [ 128.176072740364987, -3.69384013604294 ], [ 128.176105980207012, -3.69380962564326 ], [ 128.176139210156009, -3.69377912603541 ], [ 128.176163640239992, -3.69375670593683 ], [ 128.176161730079997, -3.69373764570543 ], [ 128.176213533728003, -3.69369113636648 ], [ 128.176217220049011, -3.69368782596204 ], [ 128.176216180431993, -3.69368663615897 ], [ 128.176289420321012, -3.69361339627097 ], [ 128.176297349642994, -3.69361589548692 ], [ 128.177062696087006, -3.69292877477362 ], [ 128.177063429933014, -3.69292811557057 ], [ 128.177062589966994, -3.69292720635599 ], [ 128.177165129766991, -3.69281733618169 ], [ 128.177188450086987, -3.69281588557526 ], [ 128.177906479600011, -3.69217124613739 ], [ 128.177905990368998, -3.69217073622179 ], [ 128.178108669679006, -3.6920031358675 ], [ 128.178424390173006, -3.69170300602072 ], [ 128.179195069597, -3.69099684576039 ], [ 128.179262409931994, -3.6909351459728 ], [ 128.179330869924001, -3.69098573553579 ], [ 128.179781559770987, -3.69131885611251 ], [ 128.179785499701012, -3.69132176631867 ], [ 128.17978952956301, -3.69131456634638 ], [ 128.179817449914992, -3.69128727551954 ], [ 128.179844030277991, -3.69125077563503 ], [ 128.179870609740988, -3.69121426585801 ], [ 128.179897180210986, -3.69117775608095 ], [ 128.179923759674011, -3.6911412561964 ], [ 128.179950340035987, -3.69110474552005 ], [ 128.179976920399014, -3.69106823574293 ], [ 128.180003499862011, -3.69103172596588 ], [ 128.180030080223986, -3.69099522608134 ], [ 128.180048869759986, -3.69095983596024 ], [ 128.180063269703993, -3.6909409861702 ], [ 128.18007401030701, -3.69092258604111 ], [ 128.180103640271, -3.69087186607642 ], [ 128.180128859959012, -3.6908343958234 ], [ 128.180154079646996, -3.6907969255704 ], [ 128.180179300235011, -3.69075945621674 ], [ 128.180204510029995, -3.69072198596372 ], [ 128.180229729718008, -3.69068451571072 ], [ 128.180254950305994, -3.69064705624959 ], [ 128.180280169994006, -3.69060957610399 ], [ 128.18030538968199, -3.69057211574355 ], [ 128.180330540121986, -3.69053465628242 ], [ 128.180357669970988, -3.69049595575685 ], [ 128.180360519922004, -3.69049190610968 ], [ 128.180389970020997, -3.69045828585437 ], [ 128.180415749986992, -3.69042121579963 ], [ 128.180441529952986, -3.69038412595983 ], [ 128.180467319810987, -3.69034705590517 ], [ 128.18049309977701, -3.69030998585046 ], [ 128.18051887974201, -3.69027289601066 ], [ 128.180544669601005, -3.69023582595594 ], [ 128.180570460358012, -3.69019874600874 ], [ 128.180596230432002, -3.6901616660615 ], [ 128.180622020290002, -3.69012458611428 ], [ 128.180652140384012, -3.69009608569928 ], [ 128.180670939811989, -3.6900964858976 ], [ 128.180697149654009, -3.69009703628268 ], [ 128.180742159823012, -3.6900979958593 ], [ 128.180787179884987, -3.69009894554342 ], [ 128.180813680206995, -3.69006239619619 ], [ 128.180840200315004, -3.69002583605704 ], [ 128.180866699738004, -3.689989275918 ], [ 128.180893209954007, -3.68995271577887 ], [ 128.180919720168987, -3.68991615563978 ], [ 128.180946219591988, -3.68987959550068 ], [ 128.18097271991499, -3.6898430362609 ], [ 128.180999240022999, -3.6898064761218 ], [ 128.181025740346001, -3.68976991598267 ], [ 128.181052169622006, -3.68973329558904 ], [ 128.181078150137012, -3.68969636582855 ], [ 128.181104129751986, -3.68965942617554 ], [ 128.181130110265997, -3.6896224856232 ], [ 128.181156089881995, -3.68958554597028 ], [ 128.181182070396005, -3.68954860631724 ], [ 128.181208059904009, -3.68951166576489 ], [ 128.181234040419014, -3.68947472611188 ], [ 128.181260010140988, -3.68943778555954 ], [ 128.181285999648992, -3.68940084590658 ], [ 128.181311980163997, -3.68936390625354 ], [ 128.181338490379005, -3.68932736589951 ], [ 128.181365520403006, -3.68929119606622 ], [ 128.181392560317988, -3.68925501634035 ], [ 128.181419580448988, -3.68921884560765 ], [ 128.181435170197005, -3.68919799572543 ], [ 128.181446620364994, -3.68918267577435 ], [ 128.181473650388995, -3.68914650594104 ], [ 128.181500680412, -3.68911033610773 ], [ 128.181527710436001, -3.68907416627436 ], [ 128.181558579664994, -3.68906013595116 ], [ 128.181595889838007, -3.68906511549729 ], [ 128.181632739559006, -3.68903911609698 ], [ 128.181668260082006, -3.68901405558881 ], [ 128.181665879576997, -3.68901142597123 ], [ 128.181747750258012, -3.6889568461163 ], [ 128.181739950437986, -3.68889447633383 ], [ 128.181751059763997, -3.68889299604971 ], [ 128.181782209581002, -3.68887099593454 ], [ 128.181819040416997, -3.68884498574238 ], [ 128.181855880244996, -3.68881898634204 ], [ 128.181892710180989, -3.68879297614982 ], [ 128.181929550008988, -3.68876696595766 ], [ 128.18196637994501, -3.68874095576544 ], [ 128.182003209880008, -3.68871494557329 ], [ 128.182040049709002, -3.68868893628034 ], [ 128.182076890436008, -3.68866292608827 ], [ 128.182113720372001, -3.68863692578851 ], [ 128.182113599862987, -3.68863437621058 ], [ 128.182112109685988, -3.68860452591322 ], [ 128.182126915225012, -3.68859329787756 ], [ 128.18202029340199, -3.6884487651337 ], [ 128.182094372357994, -3.68839418078221 ], [ 128.182188790380991, -3.68852007058001 ], [ 128.182394587640005, -3.68837858473923 ], [ 128.182324407246, -3.68827331459721 ], [ 128.182392940081996, -3.68821920958443 ], [ 128.182392330341997, -3.6882183956979 ], [ 128.182867860364013, -3.68789487628337 ], [ 128.182973890433004, -3.68803996570754 ], [ 128.182995299693005, -3.68802420598804 ], [ 128.183031619714001, -3.68799745565383 ], [ 128.183065419833014, -3.68797256601689 ], [ 128.183067929841002, -3.68797071611139 ], [ 128.183104239968998, -3.68794397566975 ], [ 128.183133752120995, -3.6879222417539 ], [ 128.183140550095999, -3.68791723612739 ], [ 128.18313973980699, -3.68791541589959 ], [ 128.183141720114008, -3.68791666595719 ], [ 128.183146070134995, -3.6879194358691 ], [ 128.183139079705001, -3.68791392572295 ], [ 128.183136899748007, -3.68791221611171 ], [ 128.183138210060008, -3.68791198588525 ], [ 128.183125560196004, -3.68788354572497 ], [ 128.183096760306995, -3.68784981575226 ], [ 128.183092100019991, -3.6878497662896 ], [ 128.183051740245986, -3.68784931572926 ], [ 128.183010910125006, -3.68783935573757 ], [ 128.182980360155995, -3.68780613568059 ], [ 128.182983409756986, -3.68776224606681 ], [ 128.182974590105005, -3.687720886246 ], [ 128.182965800131996, -3.68768527579094 ], [ 128.182989109660014, -3.68765369609731 ], [ 128.182962219930999, -3.68761741564738 ], [ 128.182960309771005, -3.68758474597548 ], [ 128.182996270062006, -3.68755752619514 ], [ 128.183032230353007, -3.6875303163073 ], [ 128.183068179852995, -3.68750309562761 ], [ 128.183103610442998, -3.68748086618531 ], [ 128.183132910355994, -3.68751519600576 ], [ 128.183162230053, -3.68754952582619 ], [ 128.183193899678997, -3.6875647063823 ], [ 128.183230670259007, -3.68753860625788 ], [ 128.18326743994001, -3.68751250613355 ], [ 128.183304209622008, -3.68748640600912 ], [ 128.18334098020199, -3.68746030588475 ], [ 128.183322189767011, -3.68742552550398 ], [ 128.183295040133999, -3.68738945549532 ], [ 128.183275380054994, -3.68735439632481 ], [ 128.183311059758012, -3.68732679613116 ], [ 128.183346729568001, -3.68729920583018 ], [ 128.183382400277992, -3.68727161552912 ], [ 128.18341807008801, -3.68724401623491 ], [ 128.183449829646008, -3.68726063570632 ], [ 128.183480390407993, -3.68729173606127 ], [ 128.183516859715013, -3.68727405628921 ], [ 128.183547450155004, -3.68730724576922 ], [ 128.183588309952995, -3.68731825616906 ], [ 128.183623850261, -3.68733856555883 ], [ 128.183648620288011, -3.6873750357657 ], [ 128.183640119896012, -3.68741944608693 ], [ 128.1836494, -3.68742960572813 ], [ 128.18366958978001, -3.68745169577546 ], [ 128.183689284032994, -3.68745606468195 ], [ 128.18369996977799, -3.6874584361942 ], [ 128.183726579818, -3.68742194620223 ], [ 128.183753170073004, -3.68738545621021 ], [ 128.183779780113014, -3.68734895632573 ], [ 128.183806370367989, -3.68731247622622 ], [ 128.183832000146992, -3.68727732622415 ], [ 128.183832980407999, -3.6872759862343 ], [ 128.183859569763001, -3.68723948634974 ], [ 128.183836489561997, -3.68721013607552 ], [ 128.183828290442989, -3.68717743582665 ], [ 128.183851709689009, -3.68713880634749 ], [ 128.183875119941007, -3.68710017596903 ], [ 128.183908070200999, -3.6870926261605 ], [ 128.183946310273996, -3.68710164636062 ], [ 128.183971109979012, -3.68706390631098 ], [ 128.183995909683006, -3.68702615636879 ], [ 128.184020710287996, -3.68698839563477 ], [ 128.184024419991005, -3.68698275598629 ], [ 128.184045509991989, -3.68695065558512 ], [ 128.184070309697006, -3.686912905643 ], [ 128.184095110301001, -3.6868751557008 ], [ 128.18411991000599, -3.68683740575867 ], [ 128.184144709711006, -3.68679965581645 ], [ 128.184169510315002, -3.68676190587436 ], [ 128.18419431001999, -3.68672415593219 ], [ 128.184219109724012, -3.68668640598997 ], [ 128.184243910328007, -3.68664865604785 ], [ 128.184268710032995, -3.68661091599823 ], [ 128.184291999776008, -3.68657221637197 ], [ 128.18431484975099, -3.68653323615729 ], [ 128.18433767994, -3.68649426583506 ], [ 128.184354609677996, -3.68646536612115 ], [ 128.184360520022011, -3.68645527572781 ], [ 128.184387089592008, -3.68641885588289 ], [ 128.18441482018801, -3.6863832256428 ], [ 128.184442549884011, -3.68634758551018 ], [ 128.184450050229998, -3.68633501568596 ], [ 128.184507759724994, -3.68618903593294 ], [ 128.184386909728005, -3.68611106561093 ], [ 128.184449290303007, -3.68601360608089 ], [ 128.184460690109006, -3.68600347611741 ], [ 128.184466300080004, -3.68599485611562 ], [ 128.184490949598, -3.68595700634869 ], [ 128.184515580229998, -3.68591914578988 ], [ 128.184540219854995, -3.68588129602298 ], [ 128.184574469636004, -3.68590131583108 ], [ 128.184610009944009, -3.6859290859965 ], [ 128.184624610437993, -3.68594049569529 ], [ 128.184715409588989, -3.68575889559468 ], [ 128.184812850232987, -3.68555620549287 ], [ 128.184926547022997, -3.68540051486039 ], [ 128.184922845413013, -3.68539879265869 ], [ 128.184931138062012, -3.68539580780883 ], [ 128.184970896190009, -3.68533378516468 ], [ 128.184970806258008, -3.68533354864296 ], [ 128.185073019604005, -3.68519106635339 ], [ 128.185081230414994, -3.685188705633 ], [ 128.185245499680008, -3.68496374561934 ], [ 128.185400760437005, -3.68475216571904 ], [ 128.185489742057996, -3.68463091102707 ], [ 128.185491109927, -3.68462904583318 ], [ 128.185484290368009, -3.68462580557585 ], [ 128.185531070402988, -3.6845712257209 ], [ 128.185534239613986, -3.6845702760368 ], [ 128.185643080064011, -3.68442195624785 ], [ 128.185663009939987, -3.6844142859301 ], [ 128.185875050292992, -3.68411669576881 ], [ 128.185874099709991, -3.68411628567795 ], [ 128.185881493036987, -3.68410570965065 ], [ 128.18609863974001, -3.68379507572244 ], [ 128.186109349767008, -3.68379235617252 ], [ 128.18646551007501, -3.68329939639077 ], [ 128.186516079852993, -3.68330875563531 ], [ 128.186525699901011, -3.68329413625617 ], [ 128.186547969813006, -3.68325493570756 ], [ 128.186567539960009, -3.68321420631143 ], [ 128.186587110107013, -3.68317346612341 ], [ 128.186606690146988, -3.68313273582804 ], [ 128.186631690399992, -3.68309559562622 ], [ 128.186661189961995, -3.68306142588511 ], [ 128.186690700316007, -3.68302726603657 ], [ 128.186717240208992, -3.68299083629912 ], [ 128.186742080382999, -3.68295312592715 ], [ 128.186752480143014, -3.68291047557918 ], [ 128.186755599891001, -3.68286536558537 ], [ 128.186757539729001, -3.68283757383625 ], [ 128.186758750216001, -3.68282024569904 ], [ 128.186762000366002, -3.68277512581274 ], [ 128.186765260408009, -3.68273001581899 ], [ 128.186768509659004, -3.68268490582518 ], [ 128.18677676993201, -3.68264044604121 ], [ 128.186785110245012, -3.68259599614981 ], [ 128.186793439766006, -3.68255155615093 ], [ 128.186816580221006, -3.68251377563186 ], [ 128.186854279800997, -3.68249183577124 ], [ 128.186894850017012, -3.68247297608863 ], [ 128.186928279616012, -3.68244419598453 ], [ 128.186944640082999, -3.68240205555216 ], [ 128.186944669761004, -3.68240196561997 ], [ 128.186961040119996, -3.68235993580414 ], [ 128.186977450049, -3.68231780616361 ], [ 128.186993859978998, -3.68227568551636 ], [ 128.187011459710988, -3.68223406579139 ], [ 128.187029070235013, -3.68219243617393 ], [ 128.187048779777996, -3.68215207549984 ], [ 128.187064050266002, -3.68213316635454 ], [ 128.187077149791008, -3.68211695607471 ], [ 128.187084089859013, -3.68210836575047 ], [ 128.187105509910992, -3.68208183575017 ], [ 128.187106400239998, -3.68208088606611 ], [ 128.187136450187012, -3.68204914629319 ], [ 128.187169670244003, -3.68201861610837 ], [ 128.187202890300995, -3.6819880859236 ], [ 128.187239120388995, -3.6819613059117 ], [ 128.187275849601008, -3.6819351563246 ], [ 128.187312659751996, -3.68190911555547 ], [ 128.187350399801005, -3.68188444625246 ], [ 128.187387090342014, -3.68185839559078 ], [ 128.187420920139004, -3.68182856597789 ], [ 128.187433630257999, -3.68181615623295 ], [ 128.187453050218011, -3.68179718593377 ], [ 128.187478879646989, -3.68176013566412 ], [ 128.187504690189002, -3.6817230862938 ], [ 128.187519990355014, -3.68168113561843 ], [ 128.187531349691994, -3.68163737550702 ], [ 128.187542690143005, -3.68159360550308 ], [ 128.187553900192, -3.68154979592901 ], [ 128.187565110241991, -3.68150599624738 ], [ 128.187576320290987, -3.68146218577397 ], [ 128.187587530340011, -3.68141837619988 ], [ 128.187589366755986, -3.68141119960999 ], [ 128.187598740390001, -3.68137457561898 ], [ 128.187603149766005, -3.6813298163608 ], [ 128.187604360253005, -3.6812845957504 ], [ 128.187605569840997, -3.68123938593187 ], [ 128.187606530316998, -3.68120363608197 ], [ 128.187606780328991, -3.68119417611331 ], [ 128.187621489640009, -3.68115222633725 ], [ 128.18764168031899, -3.68111182609297 ], [ 128.187664399891986, -3.68107278562368 ], [ 128.187681989731999, -3.68103119557641 ], [ 128.187691390345009, -3.68100796608799 ], [ 128.187698950046013, -3.6809892961623 ], [ 128.187711769881986, -3.68094640569536 ], [ 128.187715299720992, -3.680901316386 ], [ 128.187718829559998, -3.68085622617727 ], [ 128.187718879921988, -3.68085553549797 ], [ 128.187722370191011, -3.68081113596859 ], [ 128.187725890138012, -3.68076604575992 ], [ 128.187729429868995, -3.68072095555123 ], [ 128.187732959708001, -3.68067586624184 ], [ 128.187740309866996, -3.68063135609585 ], [ 128.187750039632988, -3.68058718589361 ], [ 128.187759770296992, -3.6805430255839 ], [ 128.187769500063013, -3.68049886617351 ], [ 128.187779239719987, -3.68045469597123 ], [ 128.187788959593007, -3.68041053566155 ], [ 128.187798690257011, -3.68036638614369 ], [ 128.187808000039013, -3.68032625569607 ], [ 128.18780890026099, -3.68032235623568 ], [ 128.187823790336012, -3.68027967621007 ], [ 128.187824293955998, -3.68027842525314 ], [ 128.187840520424004, -3.68023818598753 ], [ 128.187873299812992, -3.68020718635666 ], [ 128.187906099886987, -3.68017619571901 ], [ 128.187920130209989, -3.68013676584322 ], [ 128.187910240364999, -3.6801209863386 ], [ 128.187901800227991, -3.68010752618555 ], [ 128.187900610425004, -3.68010731214691 ], [ 128.187900300158987, -3.68010725638897 ], [ 128.187898229919995, -3.68010395587704 ], [ 128.187853899637986, -3.68009607601726 ], [ 128.187809570256007, -3.68008817637244 ], [ 128.187765239973999, -3.68008029561331 ], [ 128.18772090969199, -3.68007240586105 ], [ 128.187695330275005, -3.68005502556321 ], [ 128.187691689820014, -3.68005255602487 ], [ 128.187694469624006, -3.68000740556161 ], [ 128.187697250328, -3.67996227578275 ], [ 128.187700020239987, -3.67991712621879 ], [ 128.187702800044008, -3.67987198564806 ], [ 128.187705569955995, -3.67982683608409 ], [ 128.18770834976101, -3.67978169551339 ], [ 128.187711119672997, -3.67973655584192 ], [ 128.187735670264999, -3.67969934639231 ], [ 128.187785130279991, -3.67966341577865 ], [ 128.187797960007998, -3.67965144580224 ], [ 128.187856290035995, -3.67959698555716 ], [ 128.187929900444999, -3.67954286615513 ], [ 128.18799614001, -3.67949119560704 ], [ 128.188072200172002, -3.67943461565987 ], [ 128.18812863982501, -3.67938540565693 ], [ 128.188185069584989, -3.67933989636416 ], [ 128.188241500244999, -3.67929437627949 ], [ 128.188295480252009, -3.67925255600571 ], [ 128.188312150086006, -3.67923664609945 ], [ 128.188347009607014, -3.67920334600278 ], [ 128.188401020191009, -3.67913442555855 ], [ 128.188451339956998, -3.67907166636957 ], [ 128.188501649831011, -3.67900890628136 ], [ 128.188525099653987, -3.67896189602007 ], [ 128.188531129608009, -3.67894981632639 ], [ 128.188549599883999, -3.67885993628257 ], [ 128.188568070159988, -3.67877004634618 ], [ 128.188578909688999, -3.67864541559921 ], [ 128.188588310302009, -3.67856667635685 ], [ 128.188591260078994, -3.67854197557758 ], [ 128.188603609568986, -3.67843853555597 ], [ 128.188617159654001, -3.6783671257882 ], [ 128.188624040366989, -3.67833087591531 ], [ 128.188630709738987, -3.67829570612804 ], [ 128.188644259824997, -3.67822428556846 ], [ 128.188657809910012, -3.67815287580087 ], [ 128.188667080122002, -3.67807221560664 ], [ 128.188676340440992, -3.67799156620426 ], [ 128.188685609753009, -3.67791090601004 ], [ 128.188694879964999, -3.67783024581581 ], [ 128.188705789640011, -3.67775959597526 ], [ 128.18871345006599, -3.67771001635094 ], [ 128.188716710107997, -3.67768894613472 ], [ 128.188727619784004, -3.67761829629416 ], [ 128.18873854025199, -3.67754763566178 ], [ 128.188749449927002, -3.67747698582124 ], [ 128.188757280324012, -3.67739858562334 ], [ 128.188765119714986, -3.67732018632467 ], [ 128.188772950111996, -3.67724178612677 ], [ 128.188780790401012, -3.67716338592887 ], [ 128.188788619898986, -3.6770849857309 ], [ 128.188792020236008, -3.67705096617659 ], [ 128.188796460188996, -3.67700658553299 ], [ 128.188805629676011, -3.67693504626297 ], [ 128.188814790170994, -3.67686349620109 ], [ 128.188823959658009, -3.67679194613914 ], [ 128.188833130044998, -3.67672039607722 ], [ 128.188842300431986, -3.67664885590783 ], [ 128.188851460026996, -3.67657730584592 ], [ 128.188860630414013, -3.67650575578402 ], [ 128.188865080259006, -3.67646617572151 ], [ 128.188870319709991, -3.67641949551143 ], [ 128.188871229823008, -3.67641144567979 ], [ 128.188880019797011, -3.67633324603071 ], [ 128.188886469734996, -3.67628847598062 ], [ 128.188892909780009, -3.67624371582314 ], [ 128.188899359717993, -3.67619895566561 ], [ 128.188905809655012, -3.6761541955081 ], [ 128.188912259592996, -3.67610942635741 ], [ 128.188918699638009, -3.67606465630737 ], [ 128.188925149575994, -3.67601989614987 ], [ 128.188931600413014, -3.67597513599233 ], [ 128.188934249815986, -3.67595672597076 ], [ 128.188937710407004, -3.67596105620638 ], [ 128.188941619759987, -3.6759339362508 ], [ 128.188948059805, -3.67588917609328 ], [ 128.188954509743013, -3.6758444159358 ], [ 128.188960959680998, -3.67579964588572 ], [ 128.18896739972601, -3.67575488572819 ], [ 128.188973859556, -3.67571012557065 ], [ 128.188980299601013, -3.67566535552069 ], [ 128.188986750438005, -3.67562058636995 ], [ 128.188991050097002, -3.67559072618004 ], [ 128.189242680404988, -3.67558568637935 ], [ 128.189336219790988, -3.67553891623709 ], [ 128.189554499640991, -3.67567923565715 ], [ 128.189582410100002, -3.67566900586885 ], [ 128.189724779974995, -3.67561679572755 ], [ 128.189788370136995, -3.67559348619939 ], [ 128.189789040132013, -3.6755926363401 ], [ 128.18975648017701, -3.67556900575403 ], [ 128.189812599671995, -3.67542245583083 ], [ 128.189959149595012, -3.67525097580126 ], [ 128.189970222947011, -3.67525189760635 ], [ 128.189970222947011, -3.67525182835856 ], [ 128.190106758020988, -3.67503151064532 ], [ 128.190111990275994, -3.67501232630743 ], [ 128.190123579839991, -3.67496983603879 ], [ 128.190136435647986, -3.67496212255357 ], [ 128.190214755806011, -3.67472520425467 ], [ 128.190260265998006, -3.67458753693536 ], [ 128.190272727903988, -3.67457645908642 ], [ 128.190252889758995, -3.67456771587754 ], [ 128.190261220178996, -3.67448890558875 ], [ 128.190257600407989, -3.67448578584054 ], [ 128.190213649639986, -3.67444785603399 ], [ 128.190213789934006, -3.6744475061977 ], [ 128.190217120124004, -3.67443974594774 ], [ 128.190349649616991, -3.67435399559077 ], [ 128.190423367045014, -3.67428553380075 ], [ 128.190428678441009, -3.67422888190783 ], [ 128.190475459374994, -3.67416026903171 ], [ 128.190528478006996, -3.67411660694644 ], [ 128.190539221308001, -3.67410801302494 ], [ 128.190544072250987, -3.67410413155107 ], [ 128.190598677286999, -3.67414384471322 ], [ 128.190599099969006, -3.67414351556132 ], [ 128.19065366993101, -3.67416689613585 ], [ 128.190786200323004, -3.67408114577887 ], [ 128.190867079952, -3.67402232562052 ], [ 128.190871949781013, -3.67401878588888 ], [ 128.191043449596009, -3.6738784655696 ], [ 128.191129199952996, -3.67386287582191 ], [ 128.191160380346986, -3.67383168553476 ], [ 128.191168180167011, -3.67378491629179 ], [ 128.191246139697995, -3.67374593607709 ], [ 128.191277320092013, -3.6737303463294 ], [ 128.19142543033999, -3.67370696575488 ], [ 128.191471598834994, -3.67364840729924 ], [ 128.191533720405005, -3.67356961589624 ], [ 128.191539989579013, -3.67357719628175 ], [ 128.191540350206992, -3.67357688601565 ], [ 128.191543569780009, -3.67358076569093 ], [ 128.191573189850999, -3.67355529599131 ], [ 128.191670509986011, -3.67351289565491 ], [ 128.191734030000987, -3.67342371618285 ], [ 128.191845730295995, -3.67339942639376 ], [ 128.191839499792991, -3.6733908162845 ], [ 128.191924349928996, -3.6734029355484 ], [ 128.19202273100899, -3.67337424006169 ], [ 128.192111440390988, -3.67334836558599 ], [ 128.192214579139005, -3.67328865689748 ], [ 128.192259559630998, -3.67326261612833 ], [ 128.19274287958001, -3.67305213609887 ], [ 128.192748500342987, -3.67306524731502 ], [ 128.192792683135991, -3.67300633632509 ], [ 128.192798522434003, -3.67300845872516 ], [ 128.192792683135991, -3.67299386092971 ], [ 128.192568134112008, -3.67278802409997 ], [ 128.192817633027005, -3.67242625022363 ], [ 128.192850461879004, -3.67242460896092 ], [ 128.194204435286991, -3.6710706346559 ], [ 128.194226090061989, -3.67100556600799 ], [ 128.194302789641995, -3.67089660594762 ], [ 128.194303259988004, -3.67089615628664 ], [ 128.194299259802989, -3.67089304553166 ], [ 128.19442380961101, -3.67077449600032 ], [ 128.194656930072995, -3.6706624755471 ], [ 128.194759079568001, -3.6706529463307 ], [ 128.194867609752009, -3.67064983557572 ], [ 128.194947390409993, -3.67066273635043 ], [ 128.194954600274997, -3.67065933601381 ], [ 128.19517509965101, -3.67040943600118 ], [ 128.195337607874421, -3.670199527886406 ], [ 128.195362190113002, -3.67016777557722 ], [ 128.195533689927998, -3.66997288619471 ], [ 128.195586202530706, -3.669906557556692 ], [ 128.195681810066986, -3.6697857957331 ], [ 128.195728580209988, -3.66952074574135 ], [ 128.195751969778001, -3.6694116058166 ], [ 128.195769240358004, -3.66941112557859 ], [ 128.195767560424997, -3.66939601606888 ], [ 128.195853309882011, -3.66925569574955 ], [ 128.195923469592003, -3.66902182615244 ], [ 128.195993630201997, -3.66881134612299 ], [ 128.196063789911989, -3.66861646573379 ], [ 128.196055990091992, -3.6684761355218 ], [ 128.196196310411011, -3.66841377563196 ], [ 128.196266470121998, -3.6683436159219 ], [ 128.196321040084001, -3.66808636575024 ], [ 128.196391199793993, -3.66794604633016 ], [ 128.196406790440989, -3.66776674579606 ], [ 128.196453569576988, -3.66755626576665 ], [ 128.196531520114007, -3.6674003556996 ], [ 128.196586090076011, -3.6672834258473 ], [ 128.196625070290992, -3.66708073574546 ], [ 128.196710819748006, -3.66692482567841 ], [ 128.196757589891007, -3.66691702585836 ], [ 128.196796570105988, -3.66687025571607 ], [ 128.196851140067992, -3.6667922961859 ], [ 128.196866729816009, -3.66671434564901 ], [ 128.19690571003099, -3.66650386561963 ], [ 128.196929099598009, -3.66631677605728 ], [ 128.196936890425008, -3.66617645573789 ], [ 128.196929099598009, -3.66604392624539 ], [ 128.196765389711004, -3.66598156635551 ], [ 128.19681215985301, -3.66588021635827 ], [ 128.196968069921013, -3.6659425861408 ], [ 128.197061620097998, -3.66605172606549 ], [ 128.19714264991299, -3.66614748587687 ], [ 128.197415009595005, -3.66625752602301 ], [ 128.197449659574005, -3.6662607455959 ], [ 128.197683500392998, -3.66641273551809 ], [ 128.197685610202996, -3.66641811616195 ], [ 128.197755429968993, -3.66641811616195 ], [ 128.197965909998999, -3.66641811616195 ], [ 128.197994709888007, -3.66642476574911 ], [ 128.198067250104003, -3.66644150572968 ], [ 128.198269930312989, -3.66649606579954 ], [ 128.198280699695005, -3.66651831592627 ], [ 128.198300670039998, -3.66655958581488 ], [ 128.198303070330013, -3.66656454557597 ], [ 128.198304270026, -3.66656311565394 ], [ 128.198416660101003, -3.66646641605103 ], [ 128.198419080175995, -3.66646433591911 ], [ 128.198436849881006, -3.66644904564576 ], [ 128.198438890442986, -3.66644577571073 ], [ 128.198489690446991, -3.66636427554975 ], [ 128.198576879719013, -3.66641431562698 ], [ 128.198505239724994, -3.66636835577384 ], [ 128.198507499720989, -3.66636958604642 ], [ 128.198486339573009, -3.66635622571815 ], [ 128.198401209747999, -3.6661414856002 ], [ 128.198225219617996, -3.66569758563468 ], [ 128.198232130008989, -3.6656762357293 ], [ 128.198158970159994, -3.66540918564527 ], [ 128.198194040123013, -3.66518314554582 ], [ 128.198215419706003, -3.66518212571467 ], [ 128.198269930312989, -3.66514743616538 ], [ 128.198355679770998, -3.66494475595612 ], [ 128.198386870057988, -3.66477325614139 ], [ 128.198449229948011, -3.66462513600194 ], [ 128.19849223013199, -3.66461464630965 ], [ 128.19876884990299, -3.66454717557253 ], [ 128.19876884990299, -3.66443024572016 ], [ 128.198612939834987, -3.66428213637262 ], [ 128.198355679770998, -3.66431331586788 ], [ 128.198363479590995, -3.66387676606143 ], [ 128.198737670407013, -3.66387676606143 ], [ 128.198784439650012, -3.66411842558615 ], [ 128.198987119859993, -3.6642509460854 ], [ 128.199463100441989, -3.66452580588206 ], [ 128.199467839868987, -3.66452854611632 ], [ 128.199601939578002, -3.66443329622061 ], [ 128.199646660165001, -3.66430922575122 ], [ 128.199703107012994, -3.66425261972371 ], [ 128.199763439831003, -3.66419211603452 ], [ 128.199749149604003, -3.6641440157949 ], [ 128.199897439714988, -3.6639957256836 ], [ 128.199760449585, -3.66368877627776 ], [ 128.200144999691986, -3.66345123564797 ], [ 128.200474319734013, -3.66356530565619 ], [ 128.200544369726998, -3.66348876615558 ], [ 128.200662850011014, -3.66342513552359 ], [ 128.200802469758003, -3.66337427616395 ], [ 128.200843289986011, -3.66337663598501 ], [ 128.200902649737998, -3.66333973590219 ], [ 128.201152080304013, -3.66267719635828 ], [ 128.201269000264006, -3.66272006614089 ], [ 128.200960250414994, -3.6634703858116 ], [ 128.201242079958007, -3.66364051595881 ], [ 128.201241880308004, -3.66364148632732 ], [ 128.201245609797013, -3.66363982617881 ], [ 128.201354739828986, -3.66364761610638 ], [ 128.201357140119995, -3.66365359569868 ], [ 128.201472220066989, -3.66364829599386 ], [ 128.201472290214014, -3.66356280554089 ], [ 128.201651179757988, -3.66334497625179 ], [ 128.201815129763986, -3.66318054600766 ], [ 128.201813049632989, -3.66312284640455 ], [ 128.201917329621011, -3.6630866055248 ], [ 128.201923820027986, -3.66296264567204 ], [ 128.202308979875994, -3.66283262618739 ], [ 128.202542460066013, -3.66342911592296 ], [ 128.202576459835996, -3.66346761589977 ], [ 128.202636030028998, -3.66345698591313 ], [ 128.202844519859013, -3.66344648632828 ], [ 128.203018959556999, -3.66345091638865 ], [ 128.203161399578988, -3.66346058589926 ], [ 128.202834999635996, -3.66359172593926 ], [ 128.202981519881007, -3.6639315356733 ], [ 128.203283909725002, -3.66421833576879 ], [ 128.203463578081994, -3.6643954707354 ], [ 128.203505249967009, -3.66443655626297 ], [ 128.203558636422002, -3.66449828932543 ], [ 128.203584429877992, -3.6645281162404 ], [ 128.203585930846003, -3.66452985103268 ], [ 128.203605009963013, -3.66455190600647 ], [ 128.203606480355006, -3.66455156606273 ], [ 128.203606570287008, -3.66455190600647 ], [ 128.203622259859003, -3.66456397490835 ], [ 128.203670139764995, -3.66460080574339 ], [ 128.203849729881, -3.66473895599864 ], [ 128.204161479868986, -3.66497587609616 ], [ 128.204298649863006, -3.66511304609035 ], [ 128.204379736335994, -3.66515572521672 ], [ 128.204379890120009, -3.66515580615571 ], [ 128.204535569960996, -3.66523774608518 ], [ 128.204784969949998, -3.6653499760805 ], [ 128.205071779939004, -3.66538114568327 ], [ 128.205327410432005, -3.66545596568015 ], [ 128.205535409231999, -3.66547907825666 ], [ 128.205551859630987, -3.66548090567908 ], [ 128.205779827876995, -3.66555890028275 ], [ 128.205782318099011, -3.66551923478465 ], [ 128.205976312656986, -3.66559683278732 ], [ 128.205977148127005, -3.66559715924116 ], [ 128.205999776867998, -3.66565572938803 ], [ 128.206013249611999, -3.66566171617484 ], [ 128.206200289712001, -3.66586123616653 ], [ 128.206218572929004, -3.66589106577945 ], [ 128.206246001352014, -3.66593581604438 ], [ 128.206434430005004, -3.66624324568828 ], [ 128.206477750348, -3.66646602574524 ], [ 128.206649019936009, -3.66670278576348 ], [ 128.206661259708994, -3.66669080589451 ], [ 128.206795839655996, -3.66648839638106 ], [ 128.206900970404007, -3.6663408059423 ], [ 128.207014550281002, -3.66612993560719 ], [ 128.207062567782998, -3.66601124038569 ], [ 128.207073609659005, -3.66598394596161 ], [ 128.207806850306014, -3.66637838591261 ], [ 128.208172613574988, -3.66665888086118 ], [ 128.208210443556993, -3.66668789119176 ], [ 128.208575699609014, -3.66696799583453 ], [ 128.209066439863989, -3.66721622580615 ], [ 128.209113954645005, -3.66726404635656 ], [ 128.209173729883986, -3.66732420560544 ], [ 128.209204546952009, -3.66742119928662 ], [ 128.209219011648003, -3.66746672476725 ], [ 128.209198106906996, -3.66763397168796 ], [ 128.209180580019989, -3.6676766256332 ], [ 128.209115989811011, -3.66785637582836 ], [ 128.209080069989, -3.66800018551727 ], [ 128.208994010265002, -3.66817991592726 ], [ 128.208830959581007, -3.66839792598023 ], [ 128.208778989558994, -3.66846741569529 ], [ 128.208664120052987, -3.66883412595041 ], [ 128.20857079020999, -3.66913611559516 ], [ 128.208498949666989, -3.66942373587228 ], [ 128.208419919942997, -3.66973293628125 ], [ 128.208383760002988, -3.67015005623493 ], [ 128.208472149870005, -3.67050999639371 ], [ 128.208479429882004, -3.67051614595777 ], [ 128.208474749809994, -3.67057068624256 ], [ 128.208670460273993, -3.67095320567988 ], [ 128.208798968897014, -3.67115483907832 ], [ 128.208830070152004, -3.67120363629251 ], [ 128.208894071304002, -3.67130404469948 ], [ 128.208928439796011, -3.67135796625064 ], [ 128.209277320092013, -3.67163964560639 ], [ 128.209311621134987, -3.67164330404847 ], [ 128.209549339830005, -3.67166865593691 ], [ 128.20963220875899, -3.67172305772605 ], [ 128.210124633444991, -3.67184902666424 ], [ 128.210313658349008, -3.67185658816404 ], [ 128.210401110222989, -3.67184202634144 ], [ 128.210529959690007, -3.67185651621826 ], [ 128.210578292853995, -3.67188571270848 ], [ 128.210609174674005, -3.67190436824495 ], [ 128.210637280285994, -3.6719213456465 ], [ 128.210692641652003, -3.67208869059333 ], [ 128.210694399826991, -3.67209400558659 ], [ 128.210751499581988, -3.67229544563085 ], [ 128.210830090435991, -3.67247531633511 ], [ 128.210894390163986, -3.67262641592855 ], [ 128.210944409556987, -3.67272714629279 ], [ 128.211009656270988, -3.67276468039771 ], [ 128.211044590435989, -3.67278477574881 ], [ 128.211135331131004, -3.67278486118438 ], [ 128.211151970386993, -3.67278487557357 ], [ 128.211173455190988, -3.67277074092893 ], [ 128.211419679675004, -3.67267954607628 ], [ 128.21188420739, -3.67251062731588 ], [ 128.211985739050988, -3.67243765092923 ], [ 128.212075830434998, -3.67239011636315 ], [ 128.212106714053988, -3.67235069997727 ], [ 128.212154670401986, -3.67228949571615 ], [ 128.212247799696001, -3.67221765607258 ], [ 128.212317285814009, -3.67219935127171 ], [ 128.212342254591988, -3.67219277273093 ], [ 128.212383850034996, -3.67218181629041 ], [ 128.212448239694993, -3.6722322160965 ], [ 128.212554713129009, -3.67235801866012 ], [ 128.212612720300996, -3.67242655599316 ], [ 128.212657261922999, -3.67245893068744 ], [ 128.212913512948006, -3.67273653701364 ], [ 128.21291352014299, -3.6727383356577 ], [ 128.21296054029699, -3.67282527581773 ], [ 128.213062300384991, -3.67290946585103 ], [ 128.213072593125986, -3.67291760651421 ], [ 128.21316151988799, -3.67298793619611 ], [ 128.213260760075997, -3.67310199631177 ], [ 128.213258307625011, -3.67311406971023 ], [ 128.213481242365987, -3.67327330906747 ], [ 128.213517092040007, -3.67329891636334 ], [ 128.213784547719001, -3.67346783512376 ], [ 128.213953892758013, -3.67337664926432 ], [ 128.213967542668001, -3.67336929910524 ], [ 128.213974224630988, -3.67333588839191 ], [ 128.213978041354011, -3.67331680927477 ], [ 128.214023850121009, -3.67308776723836 ], [ 128.213996029593005, -3.67262874787059 ], [ 128.213996252625009, -3.67262156858271 ], [ 128.213998789612987, -3.67253978603459 ], [ 128.214062760188, -3.67238309625531 ], [ 128.214091414387013, -3.67233608689337 ], [ 128.214130924302992, -3.67227126735767 ], [ 128.214140889689986, -3.67225491588421 ], [ 128.214226059985009, -3.67218373634298 ], [ 128.214313660247001, -3.67214698554767 ], [ 128.214341996086006, -3.67213934670621 ], [ 128.214467259955995, -3.6721055762641 ], [ 128.214569284444991, -3.6721358195651 ], [ 128.214607420195989, -3.67215488789041 ], [ 128.214701199701011, -3.67221977577465 ], [ 128.214800439887995, -3.67227686563739 ], [ 128.214977719645987, -3.67231264606426 ], [ 128.215147880370012, -3.67236267624895 ], [ 128.215217479802988, -3.67237387550636 ], [ 128.215224999934009, -3.67237508599386 ], [ 128.215282620397005, -3.67238416554925 ], [ 128.215417399992987, -3.67234866571081 ], [ 128.215440360584012, -3.67234356115892 ], [ 128.215477009756, -3.67233541330116 ], [ 128.215608930407996, -3.67230608550997 ], [ 128.215786280313012, -3.67224923576624 ], [ 128.21597780982799, -3.67219952574019 ], [ 128.216176470068007, -3.67210707633329 ], [ 128.216438189871013, -3.6718498558392 ], [ 128.216588179701006, -3.67169418589117 ], [ 128.216649449611992, -3.67163452576597 ], [ 128.216735649631005, -3.67155058574428 ], [ 128.216850779939989, -3.67147353632806 ], [ 128.216957239885005, -3.67139525573996 ], [ 128.21699278019301, -3.67129553621367 ], [ 128.217000029627997, -3.6711174056975 ], [ 128.216978880271, -3.67096776570377 ], [ 128.216865550405004, -3.67080378601999 ], [ 128.216801839732994, -3.67066834632141 ], [ 128.216752299679001, -3.67055430599076 ], [ 128.216716959920007, -3.670404646212 ], [ 128.216766710414987, -3.67029068592111 ], [ 128.216894440226014, -3.67020529619223 ], [ 128.216993770345994, -3.6701626359517 ], [ 128.217071809916007, -3.67013420568391 ], [ 128.217185229715, -3.67019842627112 ], [ 128.217285819784991, -3.67029702614151 ], [ 128.217376580265011, -3.67035534627687 ], [ 128.217475930169996, -3.67029131634582 ], [ 128.217518549940991, -3.67020584567801 ], [ 128.217653520194006, -3.66995658598269 ], [ 128.217866619949007, -3.66957201609113 ], [ 128.218044219864993, -3.66923728572797 ], [ 128.218285560130994, -3.66899524578999 ], [ 128.218463029644994, -3.66880302559545 ], [ 128.21866882960299, -3.66866070608314 ], [ 128.218817789708993, -3.66863233606994 ], [ 128.218952490165009, -3.66868945561027 ], [ 128.219058840392989, -3.6687322957152 ], [ 128.219193590311988, -3.66872528639918 ], [ 128.219335499734001, -3.66865415632065 ], [ 128.219498670028003, -3.66859730567753 ], [ 128.219761139865, -3.6685262862157 ], [ 128.220158400090014, -3.66841262629835 ], [ 128.220683200368995, -3.66843446633419 ], [ 128.221172609628013, -3.66837788638708 ], [ 128.221449300444988, -3.66827125557077 ], [ 128.22171887043001, -3.66819311617632 ], [ 128.221903240442003, -3.66821464594604 ], [ 128.222080469838005, -3.66830742630348 ], [ 128.22223639968999, -3.66841444562683 ], [ 128.222385199716996, -3.66857132606234 ], [ 128.222562369758009, -3.6687282361755 ], [ 128.222725389864991, -3.668849506156 ], [ 128.222909400149007, -3.66929142581438 ], [ 128.223012000203994, -3.67041992569354 ], [ 128.223233780214997, -3.67121556579942 ], [ 128.223727589856992, -3.67175784620071 ], [ 128.224112850428014, -3.67201983579964 ], [ 128.225152499988013, -3.6721010859491 ], [ 128.22619257043101, -3.67170024552305 ], [ 128.227019370248001, -3.67109940576678 ], [ 128.227370710190002, -3.6707764061604 ], [ 128.227999759880987, -3.67070347563909 ], [ 128.229228449633013, -3.67073392578423 ], [ 128.229711069909996, -3.67083721561907 ], [ 128.230471569906996, -3.67099952616108 ], [ 128.230837120036995, -3.67116149586008 ], [ 128.230911570413014, -3.67138292603469 ], [ 128.231201820308002, -3.67230806581711 ], [ 128.231698460116007, -3.67313144551143 ], [ 128.232282690293999, -3.6741606359551 ], [ 128.232427859757991, -3.67524104638656 ], [ 128.232646900433991, -3.67589502618318 ], [ 128.233040760323007, -3.67715918609484 ], [ 128.233361910024001, -3.67793832633915 ], [ 128.233624909561996, -3.67829124639002 ], [ 128.233902479915997, -3.67870296591485 ], [ 128.234443219778996, -3.67927655621318 ], [ 128.234908260108, -3.67968605621115 ], [ 128.234922130352004, -3.67969152588785 ], [ 128.235393470432001, -3.6798814060465 ], [ 128.236022069563006, -3.67996615635735 ], [ 128.236598140192001, -3.68022981599722 ], [ 128.236996070412005, -3.68050384571964 ], [ 128.237373069811014, -3.68073575569406 ], [ 128.237854860014011, -3.68096775560067 ], [ 128.238284350143005, -3.68109443590262 ], [ 128.238493869695986, -3.68113672562243 ], [ 128.238724380326005, -3.68114744554123 ], [ 128.238923439865005, -3.68116867583677 ], [ 128.239478649820001, -3.68131651628712 ], [ 128.239930999816011, -3.68158634617557 ], [ 128.240127919868002, -3.68173813554891 ], [ 128.24056765956999, -3.68212798625957 ], [ 128.240724600259995, -3.68240181633249 ], [ 128.241169389655994, -3.68307921627383 ], [ 128.241254589627999, -3.68311106576405 ], [ 128.241381930031991, -3.68317286627566 ], [ 128.241562639803988, -3.68337290607548 ], [ 128.241942240041993, -3.68366397615194 ], [ 128.242231579823994, -3.6837369057739 ], [ 128.243027169567995, -3.68404649558923 ], [ 128.24384102994, -3.68415622636858 ], [ 128.244257040130009, -3.68415657620488 ], [ 128.244673070105989, -3.68413875613855 ], [ 128.244759840294989, -3.68407107585942 ], [ 128.244835969704013, -3.68401169632273 ], [ 128.245161810268996, -3.68370305619142 ], [ 128.245632269912988, -3.68348540586733 ], [ 128.245957849674994, -3.68348567566399 ], [ 128.246229149955013, -3.68350407579298 ], [ 128.246482290225998, -3.68361332633438 ], [ 128.246600380203006, -3.68367514573174 ], [ 128.246934279593006, -3.68384993616577 ], [ 128.247097039797012, -3.68388641626522 ], [ 128.247368369755009, -3.68386847568972 ], [ 128.247657759898004, -3.68388689560388 ], [ 128.248019530177004, -3.68386902607486 ], [ 128.248218540252992, -3.68381468633891 ], [ 128.24848997003599, -3.68366953576082 ], [ 128.248689089830009, -3.68348799591487 ], [ 128.248978690413992, -3.68325200571632 ], [ 128.249214079865993, -3.68296146623986 ], [ 128.249594080303012, -3.68276189588613 ], [ 128.249793149733989, -3.68263486574792 ], [ 128.249992200279991, -3.68254417631424 ], [ 128.250209450406004, -3.6823081357537 ], [ 128.250300069692997, -3.68209014638522 ], [ 128.250227849635991, -3.68192654621535 ], [ 128.250191900136002, -3.68165394551573 ], [ 128.250192240079997, -3.68125417618223 ], [ 128.250174259933999, -3.6811269562871 ], [ 128.250156340042992, -3.68092705588222 ], [ 128.250156549585, -3.6806726556621 ], [ 128.250193039576999, -3.68029108590884 ], [ 128.250193230233009, -3.68007302639327 ], [ 128.250193359735988, -3.67990948557868 ], [ 128.250084940167994, -3.67978218564392 ], [ 128.249832100270993, -3.6793276862687 ], [ 128.249687560333001, -3.67912768603907 ], [ 128.249615319590987, -3.67900041578192 ], [ 128.249597379915002, -3.67881868617898 ], [ 128.249488990024986, -3.67865505633156 ], [ 128.24936255973401, -3.67843688619929 ], [ 128.249380830360991, -3.67821884556948 ], [ 128.24945334, -3.67803719600615 ], [ 128.249580130019012, -3.67781924620789 ], [ 128.24963454979499, -3.67763757596016 ], [ 128.249653270082007, -3.67687438609165 ], [ 128.249672799759992, -3.67657422566793 ], [ 128.249862400230001, -3.67630046574216 ], [ 128.250148470075999, -3.6758813960583 ], [ 128.250218279949991, -3.67566382577383 ], [ 128.250249439659996, -3.67541513624874 ], [ 128.250272820233988, -3.67520530552986 ], [ 128.250249749926013, -3.67503429584568 ], [ 128.250164799966001, -3.67486323579949 ], [ 128.250095330035009, -3.6746688662252 ], [ 128.250041299666009, -3.67452114628402 ], [ 128.250080100016987, -3.67438128551819 ], [ 128.250191240034013, -3.67425217614741 ], [ 128.250552430250991, -3.67388425630424 ], [ 128.250707299802002, -3.67372116604994 ], [ 128.250792530350992, -3.67355801554113 ], [ 128.250784940073004, -3.67337924560706 ], [ 128.250684570337, -3.67313822639964 ], [ 128.250607330263989, -3.67299825591651 ], [ 128.250592000420994, -3.67282725612494 ], [ 128.250607580276011, -3.67269513582399 ], [ 128.250824309693996, -3.67255541625171 ], [ 128.251126150051988, -3.67241576592723 ], [ 128.251327320299993, -3.67238484633602 ], [ 128.251427940047989, -3.6723227562427 ], [ 128.251505399554986, -3.67221400572443 ], [ 128.251572919754011, -3.67206193576249 ], [ 128.251776490292997, -3.67182562630467 ], [ 128.251792060255013, -3.67170904628866 ], [ 128.251745719989003, -3.67162351626548 ], [ 128.251652929739009, -3.67156903623533 ], [ 128.251629800074994, -3.6714757459623 ], [ 128.25162989000799, -3.67136693608873 ], [ 128.251668829752987, -3.67132051578275 ], [ 128.251728849606991, -3.67124898640522 ], [ 128.251746120186993, -3.67114163613134 ], [ 128.251707509594013, -3.67104833596579 ], [ 128.251746290158991, -3.67093178562737 ], [ 128.251824249689008, -3.6708941561944 ], [ 128.25197841956799, -3.67088534553632 ], [ 128.252125439836988, -3.67085437558303 ], [ 128.252195139994001, -3.67076893639144 ], [ 128.252187500253001, -3.67065234558361 ], [ 128.252133459991001, -3.67051240567741 ], [ 128.252118089677992, -3.67038803573385 ], [ 128.252141370428006, -3.67030255607279 ], [ 128.252218880296994, -3.67012385628581 ], [ 128.252300080085007, -3.67000330576296 ], [ 128.252373689594009, -3.66992962610643 ], [ 128.252443459897989, -3.66985978565572 ], [ 128.252489970135997, -3.66975101625163 ], [ 128.25253651005201, -3.66959560620771 ], [ 128.252621829633995, -3.66933919600279 ], [ 128.252598789902009, -3.66912932571373 ], [ 128.252615629708004, -3.66899818567373 ], [ 128.25267633034801, -3.66891953636365 ], [ 128.252769250101011, -3.66881857577289 ], [ 128.252823509796997, -3.66868648604887 ], [ 128.252953210023009, -3.66828047631975 ], [ 128.253025480442005, -3.66786140573656 ], [ 128.253063959733993, -3.66766895621487 ], [ 128.25325568979801, -3.6675023055446 ], [ 128.253690180158003, -3.66723319601311 ], [ 128.254265019614991, -3.66714385556247 ], [ 128.254597089783999, -3.66715696587926 ], [ 128.255031299554986, -3.66723431566907 ], [ 128.255049500034005, -3.66724479636819 ], [ 128.255021760445999, -3.66732817611226 ], [ 128.255013900371011, -3.66747584569142 ], [ 128.255067910055999, -3.66765464620246 ], [ 128.255121999779988, -3.66773241597562 ], [ 128.255199339678001, -3.66776357568583 ], [ 128.255268920225006, -3.66781026578849 ], [ 128.255307529919008, -3.66790356595404 ], [ 128.25523780997699, -3.66801231557297 ], [ 128.255129379616989, -3.66815990601179 ], [ 128.255059659675993, -3.66827642577324 ], [ 128.254866159746001, -3.66837730632433 ], [ 128.254695849733992, -3.66851706636608 ], [ 128.254610590406003, -3.66871130553867 ], [ 128.254579339864989, -3.66907657597917 ], [ 128.254651739785999, -3.66936584561294 ], [ 128.254632989821005, -3.66950623607939 ], [ 128.254573680431008, -3.66995028623175 ], [ 128.254573360271991, -3.67033995617865 ], [ 128.254513229802001, -3.67079524605788 ], [ 128.254417499667994, -3.67119709552323 ], [ 128.254417239763995, -3.67150883561763 ], [ 128.254455770318003, -3.67182059639641 ], [ 128.254533180361989, -3.67201549567143 ], [ 128.25476554989001, -3.67244433558996 ], [ 128.255153090242999, -3.67283432569549 ], [ 128.255230309631003, -3.67326302621918 ], [ 128.255304549565011, -3.6736639260005 ], [ 128.255423600018986, -3.6740425261923 ], [ 128.255500879662009, -3.67439329596416 ], [ 128.255500560402993, -3.67478296591103 ], [ 128.255539150311989, -3.67501679593796 ], [ 128.255577459632008, -3.67560133638156 ], [ 128.255577230304993, -3.67587410615377 ], [ 128.255576970400995, -3.67618584624818 ], [ 128.255499109796006, -3.67653648561832 ], [ 128.25542124019799, -3.67688711599522 ], [ 128.25530472043701, -3.67708185609025 ], [ 128.255271450017005, -3.67749450551402 ], [ 128.255066880332009, -3.6779729358488 ], [ 128.255173469780004, -3.67840279559853 ], [ 128.255308990418001, -3.67912569583943 ], [ 128.255571189558992, -3.67948731593171 ], [ 128.255639029917006, -3.67975109608075 ], [ 128.255774820352002, -3.68014190636805 ], [ 128.255949310412007, -3.68075739608046 ], [ 128.25631831034201, -3.68129491637018 ], [ 128.256648320164004, -3.68195937596664 ], [ 128.256755049905991, -3.68222318579331 ], [ 128.256783970304014, -3.68251623617699 ], [ 128.256686570129006, -3.68273103565015 ], [ 128.256521200093005, -3.68283834635387 ], [ 128.255996190271986, -3.6828379056861 ], [ 128.255733660179999, -3.68286698616372 ], [ 128.255558570272001, -3.68297427618303 ], [ 128.255373690343987, -3.68315970559684 ], [ 128.255276300061013, -3.68336473573466 ], [ 128.255169019933987, -3.68376511570781 ], [ 128.25523638005501, -3.68459540579275 ], [ 128.255633910076995, -3.68591434610813 ], [ 128.255565409615997, -3.68644172564254 ], [ 128.255428899723995, -3.68692021623186 ], [ 128.255351290030006, -3.68714793626486 ], [ 128.255244789615006, -3.68726141631789 ], [ 128.254991109752012, -3.6873511254905 ], [ 128.254737480251009, -3.68738088585562 ], [ 128.254603170100012, -3.68742573594533 ], [ 128.254468699871012, -3.68768040596204 ], [ 128.254289629563004, -3.68774020638144 ], [ 128.254021100094008, -3.68773997615502 ], [ 128.25373766975801, -3.68772475602872 ], [ 128.253543780421012, -3.68766464624251 ], [ 128.25324542044001, -3.68766438633847 ], [ 128.253006660328992, -3.68773912629565 ], [ 128.252693100007008, -3.68806858573229 ], [ 128.252558510167006, -3.68845813606937 ], [ 128.252480459805014, -3.6889462556999 ], [ 128.252438539706986, -3.68920739633875 ], [ 128.252320799565013, -3.68948934549108 ], [ 128.252195210140997, -3.68972318630995 ], [ 128.252042779551005, -3.68993000609858 ], [ 128.251870910114008, -3.69009116550837 ], [ 128.251467729652006, -3.69055543601754 ], [ 128.251307629643009, -3.69078419566691 ], [ 128.251217889894008, -3.6909910658176 ], [ 128.251181890032001, -3.69120698584604 ], [ 128.251154770076994, -3.69149489570485 ], [ 128.251145589797005, -3.69176482631741 ], [ 128.251138319678006, -3.69199392591047 ], [ 128.251100420448012, -3.69222368560588 ], [ 128.250965889963993, -3.69244852600971 ], [ 128.250794720199991, -3.69256315629545 ], [ 128.250511070430008, -3.69280270601074 ], [ 128.250033489954006, -3.69304210553912 ], [ 128.249421559756996, -3.69337130597102 ], [ 128.24924676033001, -3.69353113618283 ], [ 128.249120529689009, -3.69366923607609 ], [ 128.248977089621008, -3.69383035591569 ], [ 128.248810689862012, -3.69403752554067 ], [ 128.248638459797007, -3.69434259626274 ], [ 128.248525409619987, -3.69465438581988 ], [ 128.248430970013004, -3.69492045564287 ], [ 128.248330489660987, -3.69524017632112 ], [ 128.248304500153012, -3.69558257610269 ], [ 128.248291120038999, -3.6958261062172 ], [ 128.248252120039012, -3.69621499555259 ], [ 128.248212760310992, -3.69652918629957 ], [ 128.248302400236014, -3.69674447590324 ], [ 128.248459869726986, -3.6968818158694 ], [ 128.248512280417003, -3.69701905601076 ], [ 128.248564610169012, -3.69726184598327 ], [ 128.248679979696988, -3.69748358552467 ], [ 128.248890000172992, -3.69759990563661 ], [ 128.248385350104002, -3.6980427057313 ], [ 128.24787015998001, -3.69853831581511 ], [ 128.247670360298997, -3.69875978555994 ], [ 128.247460109596005, -3.69891791605306 ], [ 128.247344419909012, -3.69907613557907 ], [ 128.247207720260008, -3.69922377548059 ], [ 128.247133990241991, -3.69944534594946 ], [ 128.247144350431995, -3.69961422603901 ], [ 128.247259809892, -3.69974097558873 ], [ 128.247396249637006, -3.69989939566361 ], [ 128.247585020033, -3.70030061560355 ], [ 128.247584820382997, -3.70053280616641 ], [ 128.247574149927004, -3.70072277625729 ], [ 128.247510940177989, -3.70093380577249 ], [ 128.24738467985901, -3.7011658956113 ], [ 128.247342429708993, -3.70142970633729 ], [ 128.247300169667, -3.70171463584287 ], [ 128.247373229690993, -3.70228462615507 ], [ 128.247415059856991, -3.70250629554929 ], [ 128.247488199921008, -3.70298129586983 ], [ 128.247624440016011, -3.70338246634705 ], [ 128.247907800205013, -3.70373099590768 ], [ 128.248054719750002, -3.70392109550086 ], [ 128.248054549778004, -3.7041216263305 ], [ 128.247980829651993, -3.70433264595315 ], [ 128.247959559786011, -3.70463870592949 ], [ 128.24795931966699, -3.70492366601206 ], [ 128.24800118041, -3.70511367567308 ], [ 128.248106089923994, -3.70529318574918 ], [ 128.248473499851997, -3.70564178635627 ], [ 128.248625110261003, -3.70580889568074 ], [ 128.248593839933989, -3.70588986614107 ], [ 128.248474450435992, -3.70618371602201 ], [ 128.248216899889997, -3.7065711061875 ], [ 128.248130949883006, -3.70682943554565 ], [ 128.248045029554987, -3.70704469547171 ], [ 128.248041620224996, -3.70704896635215 ], [ 128.248014440014003, -3.70708303626846 ], [ 128.247662879737987, -3.70739821626971 ], [ 128.247144079735989, -3.70786219629785 ], [ 128.246672110129992, -3.70833552567803 ], [ 128.246243059769, -3.7087658260956 ], [ 128.245985180072012, -3.70954080607608 ], [ 128.245819970116003, -3.70997627579675 ], [ 128.245769789744003, -3.71009269573348 ], [ 128.245641510447001, -3.71039023553277 ], [ 128.245633879699994, -3.71040793598926 ], [ 128.245527620303989, -3.7105571056376 ], [ 128.245208869993007, -3.71097798565674 ], [ 128.244996370086994, -3.71126034579925 ], [ 128.244916620005995, -3.71143619563464 ], [ 128.244826280409001, -3.71158538596729 ], [ 128.244871890425003, -3.71161827597319 ], [ 128.244877930271997, -3.71162262599394 ], [ 128.244915090259013, -3.71164940600578 ], [ 128.244914930179988, -3.71164956608506 ], [ 128.244904530420001, -3.71167636588203 ], [ 128.244777309624993, -3.71195814596181 ], [ 128.244639439958007, -3.71232059612839 ], [ 128.244511729931986, -3.71254542574033 ], [ 128.244482180008987, -3.71256764618945 ], [ 128.244438439682, -3.7127427963523 ], [ 128.244347750248011, -3.71310586615168 ], [ 128.244079530145996, -3.71344209568476 ], [ 128.243945169634003, -3.7139130256737 ], [ 128.243743869884014, -3.71431660633394 ], [ 128.243542689743009, -3.71458559625562 ], [ 128.243418079680993, -3.71465164606388 ], [ 128.242738769579006, -3.71471949631489 ], [ 128.242250390043012, -3.71474574572675 ], [ 128.242059099747991, -3.71480962547097 ], [ 128.241800819851989, -3.71492055594589 ], [ 128.241563010324995, -3.71486061613156 ], [ 128.240981739815993, -3.71478318630215 ], [ 128.240583969674987, -3.71478284635843 ], [ 128.240205249872986, -3.71464931592045 ], [ 128.239724789766996, -3.71438043571607 ], [ 128.239122160358988, -3.71411074612194 ], [ 128.238452380372991, -3.7140428760858 ], [ 128.237983499938991, -3.71404246599493 ], [ 128.237380529688011, -3.71417653602614 ], [ 128.236909749885001, -3.71426589626183 ], [ 128.236246720210005, -3.71436046627012 ], [ 128.236036720418014, -3.71445693564657 ], [ 128.235791950138008, -3.71456938597575 ], [ 128.235426560088001, -3.71464587601368 ], [ 128.234977310055001, -3.71473993610634 ], [ 128.234499709793994, -3.7147796555638 ], [ 128.234030760111011, -3.71484653634565 ], [ 128.233762770236012, -3.71491359609261 ], [ 128.233565489556014, -3.71502662558513 ], [ 128.233293649681997, -3.71518235578781 ], [ 128.233226369600999, -3.71551875619199 ], [ 128.232891110435986, -3.71592221634312 ], [ 128.232756620422009, -3.71652772627882 ], [ 128.232622179869992, -3.71706593634858 ], [ 128.232487810364006, -3.71753686633753 ], [ 128.232353490321003, -3.71794049556122 ], [ 128.232085209964993, -3.71834400607437 ], [ 128.232017869629004, -3.71874770634446 ], [ 128.231749359945013, -3.71942038574438 ], [ 128.231681960254008, -3.71989136609533 ], [ 128.231614399584998, -3.72056422625904 ], [ 128.231480250413, -3.72076597567 ], [ 128.231145469687988, -3.72128241585101 ], [ 128.230809480272995, -3.72184205586579 ], [ 128.230535519797996, -3.72220787579207 ], [ 128.230289739580002, -3.72217452623264 ], [ 128.229994809613004, -3.72211938610006 ], [ 128.229716250004998, -3.72206975611373 ], [ 128.229574300113995, -3.72198182580003 ], [ 128.229306779684009, -3.72181147621831 ], [ 128.228995570189994, -3.72161912562198 ], [ 128.228629779940007, -3.72138283594918 ], [ 128.228444190446993, -3.72121255561523 ], [ 128.228258639623988, -3.72100385624351 ], [ 128.227887559562987, -3.72056450594811 ], [ 128.227762159896002, -3.72029549624145 ], [ 128.227710750151005, -3.72025608615079 ], [ 128.22764751971701, -3.72020759560541 ], [ 128.227292419708988, -3.72010284617089 ], [ 128.227199689714013, -3.72007549598883 ], [ 128.226633849772014, -3.72001810575251 ], [ 128.226166660063001, -3.72001769566165 ], [ 128.225855199658014, -3.72001741597251 ], [ 128.225768510407988, -3.72003033563301 ], [ 128.225588139681008, -3.72015639630204 ], [ 128.225435090356996, -3.72026052610372 ], [ 128.22538765022, -3.72043419598249 ], [ 128.225292609865988, -3.72078173628881 ], [ 128.225210449602997, -3.72102860558614 ], [ 128.225118969665004, -3.72105973561871 ], [ 128.224920840024993, -3.72112713620871 ], [ 128.224713459957997, -3.72122518569402 ], [ 128.224631199870004, -3.72126407597655 ], [ 128.224348630185006, -3.72137194605856 ], [ 128.224037040277011, -3.72152811602965 ], [ 128.223964859789987, -3.72157730624761 ], [ 128.223655029855991, -3.72178851562721 ], [ 128.223634480346988, -3.72180252616527 ], [ 128.222953670175997, -3.72182234632382 ], [ 128.222626409581011, -3.72183186564773 ], [ 128.222462959598005, -3.72183661586674 ], [ 128.222271830280988, -3.72184217547562 ], [ 128.221773560001992, -3.72185195560285 ], [ 128.221579890100003, -3.72186757592746 ], [ 128.221529199813006, -3.72187166604412 ], [ 128.221413350045992, -3.72188101629545 ], [ 128.221271730206013, -3.721733345817 ], [ 128.221197119750997, -3.72158829596297 ], [ 128.221176580134994, -3.72150025593201 ], [ 128.221172509803012, -3.72144560593002 ], [ 128.221156050410997, -3.72140961596108 ], [ 128.221096839946995, -3.72132671555563 ], [ 128.221052659852006, -3.72125269595533 ], [ 128.221028649751986, -3.72100930613504 ], [ 128.221087110181998, -3.72067169614268 ], [ 128.221086799916009, -3.72066247629315 ], [ 128.221082090165993, -3.72052411559646 ], [ 128.22115630042299, -3.72025814559821 ], [ 128.221169489879998, -3.72022944553382 ], [ 128.221211279577005, -3.72013847551166 ], [ 128.221227040195998, -3.7200455755444 ], [ 128.221226989834008, -3.7198640554835 ], [ 128.221241360101004, -3.71982014608457 ], [ 128.221269640181987, -3.71973376620225 ], [ 128.221306149958991, -3.71962480614189 ], [ 128.221374270007004, -3.71942146583016 ], [ 128.221397539963988, -3.71933345547682 ], [ 128.221402749736995, -3.71927650590838 ], [ 128.221389900224011, -3.71923507594039 ], [ 128.221364159827999, -3.71920139632982 ], [ 128.22132035025399, -3.7191961757653 ], [ 128.221284229882997, -3.71919512625649 ], [ 128.221194070150005, -3.7191908859531 ], [ 128.221127079651012, -3.71917529620536 ], [ 128.221034370339993, -3.71909494627731 ], [ 128.220991136332003, -3.71901515302951 ], [ 128.220988059750994, -3.71900947560945 ], [ 128.220952079674987, -3.71889552611039 ], [ 128.220970290047006, -3.71870136607814 ], [ 128.221001340040004, -3.71855640615629 ], [ 128.221032380140002, -3.71842698562013 ], [ 128.22105828960801, -3.71826908625275 ], [ 128.22106095969599, -3.71817070581694 ], [ 128.22105331995499, -3.71806454624544 ], [ 128.221017199583997, -3.71797583621961 ], [ 128.22100452004301, -3.71787032595864 ], [ 128.221009790070013, -3.71774606573235 ], [ 128.221040849954989, -3.71758557631747 ], [ 128.221059050435002, -3.71740176568328 ], [ 128.221053999842013, -3.71729302595682 ], [ 128.22104375026899, -3.71721793616336 ], [ 128.221030919641009, -3.71715579570799 ], [ 128.220989749577001, -3.71709695576452 ], [ 128.220922810339005, -3.71701329633135 ], [ 128.220863580089997, -3.71695628560894 ], [ 128.220796610274988, -3.71691221613074 ], [ 128.220707740170013, -3.7168840862365 ], [ 128.220637200047008, -3.7168698454719 ], [ 128.220549269732999, -3.7168420959909 ], [ 128.220474560353011, -3.71681354611324 ], [ 128.220443649754998, -3.71679022579327 ], [ 128.220415330103009, -3.71675653629013 ], [ 128.22041157993101, -3.71669954625215 ], [ 128.220446419667013, -3.71657015629293 ], [ 128.220467079792002, -3.71651839581265 ], [ 128.220461969843996, -3.71647179564217 ], [ 128.22042078988801, -3.71640703546173 ], [ 128.220387329711997, -3.71636298576863 ], [ 128.220343590285012, -3.71628268620258 ], [ 128.220313269641991, -3.71617498609244 ], [ 128.220299910212987, -3.71613248593117 ], [ 128.220263840204012, -3.71611951590862 ], [ 128.220186529984005, -3.71611167561904 ], [ 128.220116980015007, -3.71607795553895 ], [ 128.220093829667007, -3.71602615548849 ], [ 128.220091299874014, -3.71597696616987 ], [ 128.220111950106997, -3.7159329758321 ], [ 128.220172409729003, -3.71590553571781 ], [ 128.220271200256008, -3.71587727632118 ], [ 128.220328499661008, -3.71586067573557 ], [ 128.220364620031006, -3.71581151609465 ], [ 128.220362149593996, -3.71568982613075 ], [ 128.22036226021001, -3.7155629659644 ], [ 128.220375230233003, -3.7154697755162 ], [ 128.220469230070989, -3.71532461594483 ], [ 128.220525770448006, -3.71521126629358 ], [ 128.220525829802995, -3.71514039611913 ], [ 128.220488939613006, -3.71510482613364 ], [ 128.220434830102988, -3.71509442547418 ], [ 128.220380729586992, -3.71506848632844 ], [ 128.220344760302993, -3.71495194588261 ], [ 128.220329319841994, -3.71492345625953 ], [ 128.220303569554005, -3.71490013593954 ], [ 128.220257199609989, -3.71487678594194 ], [ 128.220190200117997, -3.71486378624178 ], [ 128.220116870297005, -3.71487070562563 ], [ 128.220046260027004, -3.71494151554544 ], [ 128.219975590400992, -3.71508320553233 ], [ 128.219876700050008, -3.71521069612346 ], [ 128.219735549656008, -3.71526726617804 ], [ 128.219608559986995, -3.71526715556144 ], [ 128.219504350145996, -3.71523858589863 ], [ 128.21942519991299, -3.71518194569695 ], [ 128.219385889646986, -3.71514527584053 ], [ 128.21936791040099, -3.71507794629701 ], [ 128.219354839653988, -3.71496925603331 ], [ 128.219326850053989, -3.71469990548348 ], [ 128.219228320331013, -3.71443049557842 ], [ 128.219030900256001, -3.71428856547261 ], [ 128.218917539812992, -3.71420301566437 ], [ 128.218899649598995, -3.7141895060486 ], [ 128.218716740085995, -3.71410390587841 ], [ 128.218565490304997, -3.71403300602632 ], [ 128.218212900304991, -3.71384841568002 ], [ 128.218015419976012, -3.71377736564112 ], [ 128.217944869960007, -3.71377730628589 ], [ 128.217846029969991, -3.71384808562878 ], [ 128.217761349807006, -3.7138763657098 ], [ 128.217634360137993, -3.71387624610002 ], [ 128.217507369569006, -3.71387613548337 ], [ 128.217394519940996, -3.71383351571233 ], [ 128.217338109965993, -3.71380511602147 ], [ 128.217253429802014, -3.71381921559247 ], [ 128.21718612993601, -3.71386435616327 ], [ 128.217124219706989, -3.7139342056072 ], [ 128.217088039981007, -3.71404032560847 ], [ 128.217057029557992, -3.71414126551484 ], [ 128.217027360025014, -3.71417338570101 ], [ 128.21695675964699, -3.71423002590269 ], [ 128.216884220330996, -3.71429386607671 ], [ 128.216855809847999, -3.71436373620505 ], [ 128.216866029742988, -3.71446730572908 ], [ 128.216894239677003, -3.71462267620286 ], [ 128.216904509935006, -3.71467446546146 ], [ 128.216901870425005, -3.71473659602427 ], [ 128.216871610037003, -3.71478277621131 ], [ 128.216814899687989, -3.71482067634025 ], [ 128.216757870079988, -3.71483852608421 ], [ 128.216193479845003, -3.71493250613726 ], [ 128.216152841281001, -3.71494006493902 ], [ 128.215744049948, -3.71501609632265 ], [ 128.215048877604005, -3.71512842524343 ], [ 128.215033340016987, -3.71513093615058 ], [ 128.21436440989001, -3.71526681561765 ], [ 128.213810489562007, -3.71532931580186 ], [ 128.213716690273003, -3.71533177634695 ], [ 128.21342382964599, -3.71533946555043 ], [ 128.212911899565, -3.7151920360903 ], [ 128.212159829812009, -3.71481342600587 ], [ 128.211501859723001, -3.71437191553906 ], [ 128.21093783011699, -3.71405646574121 ], [ 128.210331890305014, -3.71386695610331 ], [ 128.209882540447012, -3.71386655590494 ], [ 128.208910529797009, -3.71403364634364 ], [ 128.208887560212986, -3.71404153609595 ], [ 128.208178790119007, -3.71428494570138 ], [ 128.207875629557009, -3.7144106556348 ], [ 128.207300690274991, -3.71460959556375 ], [ 128.207070610420004, -3.71480885565127 ], [ 128.206882140398989, -3.71522861601447 ], [ 128.206850559806014, -3.71548054579695 ], [ 128.206871299970004, -3.71565902614936 ], [ 128.207090249814996, -3.71622612604051 ], [ 128.207172220322008, -3.71640299570713 ], [ 128.207309279700013, -3.71669874585553 ], [ 128.207380380100005, -3.71680705570604 ], [ 128.207695409915004, -3.71728698610999 ], [ 128.20776823971201, -3.71737402609478 ], [ 128.207855109726012, -3.7177985258852 ], [ 128.207897269943004, -3.71800452549213 ], [ 128.207950800289012, -3.71825917572383 ], [ 128.207942979785003, -3.71842118589227 ], [ 128.207917730419013, -3.71850783557128 ], [ 128.207916650333004, -3.71851155606662 ], [ 128.207889050140011, -3.71860629604678 ], [ 128.207849649941011, -3.71874973611436 ], [ 128.207804299829007, -3.71891482556146 ], [ 128.207673640026997, -3.71903043610839 ], [ 128.207542980223991, -3.71913832597547 ], [ 128.207181080442012, -3.7193474363374 ], [ 128.20656466982399, -3.71968287626568 ], [ 128.206527470266991, -3.7197031263001 ], [ 128.206523329788013, -3.71970537550457 ], [ 128.20650869961699, -3.71971333630329 ], [ 128.206485176049995, -3.71971600009525 ], [ 128.205663759575003, -3.71980901607498 ], [ 128.205049179975987, -3.71996277586304 ], [ 128.204770089768004, -3.72017902594265 ], [ 128.204626459943, -3.72029031614644 ], [ 128.204491700131996, -3.72078857563295 ], [ 128.204069070032006, -3.72090707570158 ], [ 128.203166499633994, -3.7210219955691 ], [ 128.202398410258013, -3.72105987591298 ], [ 128.20178004990899, -3.72110265126674 ], [ 128.201737039833006, -3.72110562622407 ], [ 128.201643888055003, -3.72104624129145 ], [ 128.201641369952995, -3.72104463600157 ], [ 128.20105207029701, -3.7209160761166 ], [ 128.201007589828009, -3.72090757572462 ], [ 128.200462759848989, -3.72080351607013 ], [ 128.19985752960099, -3.7206749355007 ], [ 128.199182529950008, -3.72055101431882 ], [ 128.199156720306007, -3.72054627579096 ], [ 128.199156158230011, -3.72054585131093 ], [ 128.198900460288002, -3.72035282622314 ], [ 128.198838339617993, -3.72030593557175 ], [ 128.198535849949991, -3.72009761571389 ], [ 128.198281279756998, -3.71976131603374 ], [ 128.197838010216003, -3.71928333625932 ], [ 128.197787880206988, -3.71928077588947 ], [ 128.197134779945998, -3.71924817546524 ], [ 128.197054359871004, -3.71920768618822 ], [ 128.196989460294986, -3.71913471609678 ], [ 128.196869280292987, -3.71903413591925 ], [ 128.196680539574999, -3.71890502564913 ], [ 128.19660050980599, -3.71883853607243 ], [ 128.196517120169005, -3.71878157571204 ], [ 128.196477870157992, -3.71875476602253 ], [ 128.196410000121006, -3.71870987546335 ], [ 128.196324560030007, -3.71865335577076 ], [ 128.196241370042998, -3.71856522580763 ], [ 128.196140649570992, -3.71846386591789 ], [ 128.196034689648997, -3.71835721621589 ], [ 128.196026799896998, -3.71834928599414 ], [ 128.19602596892301, -3.71834716089608 ], [ 128.195969960046, -3.71820393576653 ], [ 128.195953909845002, -3.71802191568251 ], [ 128.195861800382005, -3.71664518583185 ], [ 128.195783009877999, -3.7165306454782 ], [ 128.195708560402011, -3.71646452552276 ], [ 128.195616590333003, -3.71638959580865 ], [ 128.195485210174013, -3.71627940547574 ], [ 128.19535818003601, -3.71619562553334 ], [ 128.195226770199014, -3.71611625586622 ], [ 128.195091000448997, -3.71601486629893 ], [ 128.194924560219988, -3.71589583563024 ], [ 128.194902171056071, -3.715887314283752 ], [ 128.194727400049004, -3.71582079619877 ], [ 128.194539060429008, -3.7156797357374 ], [ 128.19438576019499, -3.71557392600222 ], [ 128.194193010298989, -3.71546807579752 ], [ 128.194070359859012, -3.71539311550639 ], [ 128.193965290265993, -3.71526533623293 ], [ 128.193847110355989, -3.71509350546772 ], [ 128.193838459776998, -3.71496581612649 ], [ 128.193847319897998, -3.7148601556787 ], [ 128.193759760104996, -3.71475880568148 ], [ 128.193606440085006, -3.71467060557127 ], [ 128.193418009633007, -3.71463520555758 ], [ 128.193308929256915, -3.714612164734066 ], [ 128.19322958997401, -3.7145954060605 ], [ 128.193129679791014, -3.7145309057841 ], [ 128.193036869756014, -3.71445433570656 ], [ 128.192953650090999, -3.71440142589262 ], [ 128.192927409671995, -3.71433976567527 ], [ 128.19298370992999, -3.71408864618191 ], [ 128.193019830301012, -3.71392156563585 ], [ 128.193085690352007, -3.71378953616635 ], [ 128.193164720075998, -3.71363110619892 ], [ 128.193493780213998, -3.71324394625993 ], [ 128.193634149996001, -3.713120795797 ], [ 128.193765690233988, -3.71305046611508 ], [ 128.193879719773008, -3.71297131588261 ], [ 128.194037579570988, -3.71288340625337 ], [ 128.194191100138994, -3.71275145592424 ], [ 128.194309479699001, -3.71269432559206 ], [ 128.194366559668993, -3.71258870561376 ], [ 128.194379779703013, -3.71250946634839 ], [ 128.194349139801005, -3.71245659610467 ], [ 128.194300990099009, -3.71239931558565 ], [ 128.194305449837003, -3.71230685628617 ], [ 128.194318669870995, -3.71223202549745 ], [ 128.194358220255992, -3.71211317559261 ], [ 128.194323209649014, -3.71205150548265 ], [ 128.194235610285006, -3.71199858577618 ], [ 128.194201065158524, -3.711993350382319 ], [ 128.194165944302995, -3.71198802773539 ], [ 128.194160649993989, -3.71198722554018 ], [ 128.194147959660995, -3.71198530548761 ], [ 128.194055899659986, -3.71200723635497 ], [ 128.193920069655007, -3.71197188580407 ], [ 128.193736039587009, -3.71191447578261 ], [ 128.193639670034997, -3.71185715569345 ], [ 128.193565229552007, -3.71179103573806 ], [ 128.193521470339988, -3.71171614559404 ], [ 128.19349960961901, -3.71165008589327 ], [ 128.19350460985001, -3.71162379601193 ], [ 128.193544260060008, -3.71141513621029 ], [ 128.193625199943, -3.71125482576053 ], [ 128.193635700426995, -3.71123402624026 ], [ 128.193745620063993, -3.71101628598397 ], [ 128.193767620180012, -3.71092824595301 ], [ 128.193754609687005, -3.71077853581222 ], [ 128.193693349667996, -3.71066399635785 ], [ 128.193623309568011, -3.71057587628728 ], [ 128.19358393005399, -3.71050098614333 ], [ 128.193544660257999, -3.71030282592659 ], [ 128.193536019572008, -3.71017072631008 ], [ 128.193436790176008, -3.71006318627917 ], [ 128.193422169896991, -3.71004733572815 ], [ 128.193276090318989, -3.71017761601624 ], [ 128.193262038412001, -3.7101829561905 ], [ 128.193158879878013, -3.71022215583983 ], [ 128.193045710091013, -3.71027481564216 ], [ 128.192976890371, -3.71031966573189 ], [ 128.192964860139995, -3.71032750602149 ], [ 128.192823410272013, -3.71037608559974 ], [ 128.192722369642013, -3.71041657577614 ], [ 128.192641490012988, -3.71050579571765 ], [ 128.192512010120993, -3.7107207858471 ], [ 128.19246338018101, -3.71088309548975 ], [ 128.192394629709014, -3.71096014580535 ], [ 128.192144719802997, -3.71095884628499 ], [ 128.192062320319991, -3.71101392616292 ], [ 128.191979949614989, -3.7110276363275 ], [ 128.191842630333014, -3.7111102363594 ], [ 128.19173278983601, -3.71115150624802 ], [ 128.191677780106005, -3.71127554614041 ], [ 128.191609070102999, -3.7113582163194 ], [ 128.191526669719991, -3.71141328630485 ], [ 128.191416820229989, -3.71146834549842 ], [ 128.191348159689994, -3.71150964596406 ], [ 128.191265770098994, -3.71155093563774 ], [ 128.191197079880993, -3.71161980571997 ], [ 128.191198060142, -3.7117261460552 ], [ 128.191153499633998, -3.71185597578291 ], [ 128.191112930318013, -3.71203452628244 ], [ 128.191065956579394, -3.712197203370486 ], [ 128.190958323141103, -3.712130723893889 ], [ 128.190817661849906, -3.71219564448983 ], [ 128.190455188522577, -3.712406636426637 ], [ 128.190284930465367, -3.712520952550761 ], [ 128.190076485046234, -3.712660908760739 ], [ 128.189746472016878, -3.712861080598223 ], [ 128.189524659980748, -3.713017972038413 ], [ 128.189177286863725, -3.713195894854439 ], [ 128.189138279908008, -3.71311509589392 ], [ 128.188938092618997, -3.71299190765948 ], [ 128.188936315559005, -3.712993908651 ], [ 128.188847861839008, -3.71294599726906 ], [ 128.188797121189992, -3.71291851218869 ], [ 128.188789000311999, -3.71292798564714 ], [ 128.188758731830006, -3.71289771806437 ], [ 128.188751580421012, -3.71289056575614 ], [ 128.18873250220301, -3.71287771714211 ], [ 128.188140349896997, -3.71247891547916 ], [ 128.187479219589989, -3.71175541628981 ], [ 128.186793140291002, -3.71100696630962 ], [ 128.18673696414001, -3.7109507901581 ], [ 128.186515367590005, -3.71072919360887 ], [ 128.186230133213996, -3.71104485474736 ], [ 128.186229986878658, -3.71104422319242 ], [ 128.186122450190993, -3.71058011569139 ], [ 128.185878807660998, -3.71005436303062 ], [ 128.185663715907992, -3.70924561620529 ] ], [ [ 128.204040220680014, -3.66932208280355 ], [ 128.20394902762601, -3.6693778965283 ], [ 128.204074244731004, -3.66935513109009 ], [ 128.204040220680014, -3.66932208280355 ] ] ] ] } },
{ "type": "Feature", "properties": { "gid": 123161, "kdkec": "031", "nmkab": "AMBON", "nmkec": "TELUK AMBON", "nmsls": "RT 01 RW 01", "kddesa": "003", "nmdesa": "HATIVE BESAR", "nmprov": "MALUKU", "sumber": "", "dom_sls": null, "kdprov": "81", "kdkab": "71", "iddesa": "8171031003", "idkec": "8171031" }, "geometry": { "type": "MultiPolygon", "coordinates": [ [ [ [ 128.086020049984995, -3.72217741575441 ], [ 128.085538380292007, -3.72237991609929 ], [ 128.084962379810008, -3.72267069569473 ], [ 128.084324399850999, -3.72270665598611 ], [ 128.083941750012002, -3.72260554610784 ], [ 128.083739149841989, -3.72247662559476 ], [ 128.082621251169996, -3.7221047046677 ], [ 128.081728952828996, -3.72178347672571 ], [ 128.080372660969999, -3.72156932566378 ], [ 128.079159134685995, -3.72149794197642 ], [ 128.077511170203991, -3.72152894610386 ], [ 128.078350138747993, -3.7189177096873 ], [ 128.078388451666001, -3.71888335558516 ], [ 128.078513183137005, -3.71826793332186 ], [ 128.079594178129014, -3.71717538294217 ], [ 128.079646349598988, -3.71710423127994 ], [ 128.07970015333899, -3.7171011268202 ], [ 128.083466327009006, -3.71340635123073 ], [ 128.083378171865007, -3.7133148622998 ], [ 128.082813001018991, -3.71272831816671 ], [ 128.08279348663001, -3.71272507161411 ], [ 128.082799989628001, -3.71271663597331 ], [ 128.082780819678987, -3.71269716565102 ], [ 128.082630360402987, -3.71254425572236 ], [ 128.082070349866996, -3.7119751863159 ], [ 128.080170594098007, -3.71004469351996 ], [ 128.080158867838009, -3.7100327775029 ], [ 128.080151190325012, -3.71002497588417 ], [ 128.079786589879006, -3.70980211578748 ], [ 128.079387319668996, -3.70941789573218 ], [ 128.078884899917995, -3.70885695619704 ], [ 128.078005700202993, -3.70740218587721 ], [ 128.077855279597003, -3.70706620635574 ], [ 128.077630979686006, -3.70656520573558 ], [ 128.077445099712008, -3.7063406459202 ], [ 128.077086219852987, -3.706260516326 ], [ 128.076412259817999, -3.70623672566063 ], [ 128.075797209873002, -3.70635165632002 ], [ 128.073955480161004, -3.70675051553962 ], [ 128.073042840054995, -3.70691565624803 ], [ 128.072144629571, -3.70696442558328 ], [ 128.071616230204995, -3.7068931561099 ], [ 128.071284109673996, -3.70684835548285 ], [ 128.070426390265993, -3.70665431595974 ], [ 128.06995380012799, -3.70644496547881 ], [ 128.069506319960993, -3.70609840633283 ], [ 128.069154329807986, -3.70564948635163 ], [ 128.068862630206013, -3.70535781552797 ], [ 128.068168500176, -3.70508752608593 ], [ 128.067635540347993, -3.70492489628463 ], [ 128.067089650067004, -3.70448806588971 ], [ 128.066623890279999, -3.70390644554476 ], [ 128.066103260157007, -3.70288850561986 ], [ 128.06590040008399, -3.70268251590544 ], [ 128.065643290205998, -3.70254889553531 ], [ 128.065029990341998, -3.70242716600122 ], [ 128.064661750340008, -3.70208540563769 ], [ 128.064440470351997, -3.701661966148 ], [ 128.064340089822991, -3.70147921581449 ], [ 128.064198979899004, -3.70122232627098 ], [ 128.064171309557992, -3.70098857628364 ], [ 128.064283220293987, -3.70075498547629 ], [ 128.064525729678991, -3.70022236559237 ], [ 128.064665839556994, -3.69972703609705 ], [ 128.064633810201997, -3.69946483605691 ], [ 128.06441912044599, -3.69934129618747 ], [ 128.063928200325989, -3.69924828560364 ], [ 128.063340639958994, -3.69900709552499 ], [ 128.06318733972401, -3.69894417625672 ], [ 128.062490300386997, -3.69861648578664 ], [ 128.062385860319011, -3.69845289550928 ], [ 128.062281510183993, -3.69820757574388 ], [ 128.062037589763008, -3.69805552556702 ], [ 128.062010250372992, -3.69804675627779 ], [ 128.061781970061986, -3.69797351549046 ], [ 128.061433400031007, -3.69785637609611 ], [ 128.061131250307, -3.69780934604972 ], [ 128.060794250055011, -3.69773893632816 ], [ 128.060682840240986, -3.69773466634708 ], [ 128.06048043972001, -3.69772692588231 ], [ 128.060224669832991, -3.69778503557624 ], [ 128.060015340035989, -3.6979015760221 ], [ 128.05993752979299, -3.69793850578252 ], [ 128.059794390099, -3.69800643607319 ], [ 128.059666400384003, -3.69813474594669 ], [ 128.059468660150998, -3.69827465617517 ], [ 128.059340729790989, -3.69834457576624 ], [ 128.059108280223001, -3.69833265615186 ], [ 128.059003789792996, -3.69822744626443 ], [ 128.058817979965994, -3.69807545634223 ], [ 128.058783320093994, -3.69787691571231 ], [ 128.058725449619999, -3.69764331591173 ], [ 128.058714000350989, -3.69747983625103 ], [ 128.058609500028012, -3.6973746362562 ], [ 128.058504979920997, -3.69729278625892 ], [ 128.058330610369012, -3.69731595549274 ], [ 128.058167830380995, -3.69737416591075 ], [ 128.057981710288004, -3.69751408603186 ], [ 128.05769275991301, -3.69768147594476 ], [ 128.057621190065987, -3.69771220577904 ], [ 128.057435230051993, -3.69770032573478 ], [ 128.057319109589002, -3.69759511584739 ], [ 128.057168199752994, -3.69741980560524 ], [ 128.056970880401991, -3.69716270562036 ], [ 128.056773460327008, -3.69699902631011 ], [ 128.056619570137002, -3.69694496626341 ], [ 128.056424890296995, -3.69688188601651 ], [ 128.056238969853013, -3.69683497557993 ], [ 128.056053720302998, -3.69684641585572 ], [ 128.055843730404007, -3.69689293598646 ], [ 128.055622829930002, -3.69695108614986 ], [ 128.055448470270989, -3.69696257588834 ], [ 128.055195480186995, -3.69689942549432 ], [ 128.055018630305995, -3.69676361617433 ], [ 128.054844519759001, -3.69654157625937 ], [ 128.054786589928995, -3.69636635594937 ], [ 128.054692490266007, -3.69601845591423 ], [ 128.054612810332998, -3.69582904610094 ], [ 128.054473490059991, -3.69568877614367 ], [ 128.05414819987999, -3.6955366360346 ], [ 128.053799559701986, -3.69548955562624 ], [ 128.05353235043799, -3.69538417576694 ], [ 128.053159649798005, -3.69522441570228 ], [ 128.052951359617992, -3.69523175596879 ], [ 128.052753679639011, -3.69531328580745 ], [ 128.052567560444999, -3.6954532059285 ], [ 128.052427959583014, -3.69556982551469 ], [ 128.052288499913999, -3.69555799583251 ], [ 128.052172359666997, -3.6954761359427 ], [ 128.052107790142003, -3.6953993860007 ], [ 128.051986819635999, -3.69506725557758 ], [ 128.051917300242991, -3.69486867627683 ], [ 128.051882580116995, -3.69472851603672 ], [ 128.051754909661014, -3.69455323637151 ], [ 128.051638760421014, -3.69448304608454 ], [ 128.051499280067986, -3.69448289589774 ], [ 128.051231909824992, -3.694517635809 ], [ 128.050953010272991, -3.69447063633967 ], [ 128.050755420227006, -3.69447042589826 ], [ 128.050627569906993, -3.69447028560405 ], [ 128.050510819918003, -3.6944125356389 ], [ 128.050488280210004, -3.6942949861537 ], [ 128.050581459866009, -3.69410825632015 ], [ 128.050570120315001, -3.69383968638195 ], [ 128.050535480228007, -3.69362946625658 ], [ 128.050430989798002, -3.69352426626169 ], [ 128.050326490374999, -3.69341906626687 ], [ 128.050163810212013, -3.69338385601013 ], [ 128.050024319966013, -3.69339538621808 ], [ 128.049931169988014, -3.69354708565928 ], [ 128.049884409738013, -3.69380391584757 ], [ 128.049849390137013, -3.69394399604803 ], [ 128.049721410314987, -3.69406062552672 ], [ 128.049558620433999, -3.69413051633946 ], [ 128.049407519941013, -3.69413035626016 ], [ 128.049268060272993, -3.69411852567861 ], [ 128.049140229737986, -3.69409503628612 ], [ 128.049047290200008, -3.69404822567435 ], [ 128.048954509843014, -3.69386130608392 ], [ 128.048850059882, -3.6937093962013 ], [ 128.048745609922008, -3.69356916581414 ], [ 128.048582400057995, -3.69345863553752 ], [ 128.048397010213989, -3.69348704602027 ], [ 128.048081279826988, -3.69353201571983 ], [ 128.047687869599997, -3.69361472636828 ], [ 128.04725777962301, -3.69364929630773 ], [ 128.046827650076011, -3.69373056624228 ], [ 128.046560269939988, -3.69377698564892 ], [ 128.046304480267992, -3.69385844623978 ], [ 128.046153289843005, -3.69394002554115 ], [ 128.046013670094993, -3.69407999602426 ], [ 128.045010710176001, -3.69385098636339 ], [ 128.0431948, -3.69142783595793 ], [ 128.043041159821996, -3.69130941592901 ], [ 128.042927589836012, -3.69126715588678 ], [ 128.042727370172003, -3.69128572598772 ], [ 128.042541390373003, -3.69129720583361 ], [ 128.042297360235011, -3.69125023604185 ], [ 128.042151699740998, -3.69115467587994 ], [ 128.041995400267012, -3.69102805583262 ], [ 128.041867680348986, -3.69089946626995 ], [ 128.041530779921999, -3.69074730637589 ], [ 128.041507650258012, -3.69064219631327 ], [ 128.041531010147992, -3.69053712582071 ], [ 128.041659050225007, -3.69036211595212 ], [ 128.041634419593009, -3.6902509156806 ], [ 128.041484870430992, -3.69021013592242 ], [ 128.041246970071995, -3.69018625622416 ], [ 128.041113030442006, -3.69011631594871 ], [ 128.040915679615011, -3.68989424635611 ], [ 128.040671719623987, -3.68978889617445 ], [ 128.040485770402, -3.68976533573555 ], [ 128.040241619754994, -3.68983513571671 ], [ 128.03991787011401, -3.6898641055778 ], [ 128.039707009670991, -3.68979952616103 ], [ 128.039556060264005, -3.68965924631115 ], [ 128.039440009948009, -3.6894956461413 ], [ 128.039319089803996, -3.68931059624139 ], [ 128.039289360015999, -3.68907512585097 ], [ 128.039243080004013, -3.6888765663353 ], [ 128.039302779699995, -3.68858497555131 ], [ 128.039371379984999, -3.68845634551914 ], [ 128.039476150104008, -3.68830466586312 ], [ 128.039534540386995, -3.68804784556728 ], [ 128.039523100111012, -3.68788435601407 ], [ 128.039474130227006, -3.68774799630899 ], [ 128.039352450155008, -3.68765761624211 ], [ 128.039139809954008, -3.68763873587509 ], [ 128.038942170445011, -3.68768522632827 ], [ 128.038732890110992, -3.6877433863842 ], [ 128.038605000220997, -3.68777827558295 ], [ 128.038477380127006, -3.68756795563283 ], [ 128.038245220140993, -3.68728746608019 ], [ 128.038082580446996, -3.68721722633053 ], [ 128.037908299928006, -3.68715865618368 ], [ 128.03762954966399, -3.68697152615187 ], [ 128.037269519572988, -3.68671425619513 ], [ 128.036863109644997, -3.68635183570619 ], [ 128.036665620321997, -3.6862582063887 ], [ 128.036491300232996, -3.68624634612961 ], [ 128.036316900104993, -3.68629285636779 ], [ 128.036142509868995, -3.68633937559924 ], [ 128.035921690333993, -3.68632745598482 ], [ 128.035852119679987, -3.68617558567247 ], [ 128.035852420053004, -3.6858953461313 ], [ 128.03574813017201, -3.68560331557887 ], [ 128.035643809714003, -3.68533464581586 ], [ 128.035481379561986, -3.68506590590574 ], [ 128.035467910416003, -3.68477218552718 ], [ 128.035458609627, -3.68462216601949 ], [ 128.035412249576012, -3.684505355777 ], [ 128.035319489903003, -3.68429507629644 ], [ 128.035178319723997, -3.68421641619449 ], [ 128.03498254990501, -3.68418961549817 ], [ 128.034854609652996, -3.68427121638328 ], [ 128.034726590259993, -3.68442286636175 ], [ 128.034645209708998, -3.68444613631967 ], [ 128.034482480082005, -3.68445763595067 ], [ 128.034343040198991, -3.68442245627091 ], [ 128.034168759680995, -3.68436387623156 ], [ 128.034041070338986, -3.68421194566455 ], [ 128.034029669634009, -3.68401343561152 ], [ 128.034111249834012, -3.68380334588792 ], [ 128.034204440282991, -3.68361661605437 ], [ 128.034274369765996, -3.68342986553648 ], [ 128.03436751974499, -3.68327817598788 ], [ 128.034449109838988, -3.68306808626421 ], [ 128.034542259816988, -3.68290470552892 ], [ 128.03472833044799, -3.68281149619487 ], [ 128.034984229837988, -3.68262495611828 ], [ 128.035112449780001, -3.68228646568965 ], [ 128.035002960019, -3.68209806581517 ], [ 128.034821469635006, -3.6819883961897 ], [ 128.034639929788995, -3.6819334655992 ], [ 128.034276930136002, -3.68173237629054 ], [ 128.033823310298004, -3.68136699613283 ], [ 128.033496809630009, -3.68100174637667 ], [ 128.033351839815992, -3.68070966636155 ], [ 128.033188770245999, -3.68036284551284 ], [ 128.033189110188999, -3.68005268552722 ], [ 128.033117169821992, -3.67939579552451 ], [ 128.033081150175008, -3.67912208596073 ], [ 128.032754809587004, -3.67861087623671 ], [ 128.032555480251006, -3.67820927588357 ], [ 128.032283470406014, -3.67784408638206 ], [ 128.032194120062996, -3.67760673550929 ], [ 128.032157210087007, -3.67704118604935 ], [ 128.032085079962997, -3.67656674600652 ], [ 128.03214081994301, -3.67539914630276 ], [ 128.032262130393008, -3.67519411616497 ], [ 128.032668079867989, -3.67483413553674 ], [ 128.032759100252008, -3.67463353635863 ], [ 128.032760040043996, -3.6737577963362 ], [ 128.03261500997499, -3.67352045625525 ], [ 128.032397320080008, -3.6733012860769 ], [ 128.032234159679007, -3.67304567626872 ], [ 128.032107330088991, -3.67277186598081 ], [ 128.031944259619991, -3.67242504603144 ], [ 128.031762889746005, -3.67220590553077 ], [ 128.03123696981001, -3.67153028624707 ], [ 128.030493199901002, -3.67078144596108 ], [ 128.029948750334995, -3.67045244607802 ], [ 128.029658700088987, -3.67023297552615 ], [ 128.029295730114001, -3.6697584356585 ], [ 128.029253780337996, -3.6694577455341 ], [ 128.029087539757995, -3.6692225656247 ], [ 128.028588819817998, -3.6685170258966 ], [ 128.028425729563992, -3.66818844599691 ], [ 128.028226679917992, -3.66753141569987 ], [ 128.028209660247995, -3.66647320593245 ], [ 128.028373850372986, -3.66578008584178 ], [ 128.029682659826989, -3.66459560586329 ], [ 128.02986461965699, -3.66426739558495 ], [ 128.030119250103013, -3.66390278614617 ], [ 128.030273789603996, -3.66375875612337 ], [ 128.031264089766012, -3.66321072635617 ], [ 128.031591219959012, -3.66297390608337 ], [ 128.031791300228008, -3.66268220558213 ], [ 128.031911130394008, -3.66236275559983 ], [ 128.032100530315006, -3.66220817563015 ], [ 128.032899770407994, -3.66202659621393 ], [ 128.033341959864003, -3.66203666592289 ], [ 128.033746060332987, -3.66198083601032 ], [ 128.033934980015005, -3.66195473588595 ], [ 128.034316750317998, -3.66157200600725 ], [ 128.03555376959099, -3.65958467605808 ], [ 128.035573370315007, -3.65823458592492 ], [ 128.035992609971004, -3.65677545569186 ], [ 128.03644737015, -3.65606440581757 ], [ 128.036749720422989, -3.65583026552444 ], [ 128.037083420164009, -3.6556454557435 ], [ 128.037392449701997, -3.65535387575141 ], [ 128.037901650341013, -3.65467936623112 ], [ 128.038865819801998, -3.65309311592759 ], [ 128.038848579798014, -3.65223558627728 ], [ 128.039067429818004, -3.65136007558194 ], [ 128.039195999595989, -3.64999185601573 ], [ 128.039306299646, -3.64873308574102 ], [ 128.03943381002199, -3.6483683261155 ], [ 128.041433869877011, -3.64603514568606 ], [ 128.042033900244007, -3.64532423610595 ], [ 128.042560859795998, -3.645014636398 ], [ 128.043015379856001, -3.64452251568375 ], [ 128.043233620135993, -3.64421258592462 ], [ 128.043506329653013, -3.64392095557052 ], [ 128.043833399591989, -3.64373885634625 ], [ 128.04430588001199, -3.64342920627624 ], [ 128.045341389993013, -3.64304716617756 ], [ 128.045706950016012, -3.64309417553948 ], [ 128.045977010130997, -3.64302959612278 ], [ 128.04612241971401, -3.64290203628387 ], [ 128.046296600407999, -3.64277024603412 ], [ 128.046558490182008, -3.64268356577811 ], [ 128.047539229651989, -3.64257513631776 ], [ 128.048338219733012, -3.64261247616909 ], [ 128.049464080103007, -3.64266839601387 ], [ 128.049663760174013, -3.64274158553984 ], [ 128.049899649649007, -3.64292428641062 ], [ 128.05024442993701, -3.6431618360336 ], [ 128.051568689742993, -3.64451335608873 ], [ 128.052765979665992, -3.64571877588174 ], [ 128.053455450309002, -3.64630333611041 ], [ 128.053745719988996, -3.6465773163701 ], [ 128.05427154009999, -3.64674834583931 ], [ 128.054308489644995, -3.64676035628523 ], [ 128.055143420233009, -3.647162625734 ], [ 128.05579690000701, -3.64743698640684 ], [ 128.055922039769996, -3.64753778601904 ], [ 128.056069069931993, -3.6476562159405 ], [ 128.056214230402986, -3.64776583610324 ], [ 128.056468439967006, -3.64780259589177 ], [ 128.060045880112995, -3.6478793359412 ], [ 128.060409059631013, -3.64789795640416 ], [ 128.060626920396004, -3.647952915773 ], [ 128.060862809870997, -3.6481356157444 ], [ 128.061334440432006, -3.64864696576269 ], [ 128.061425010255988, -3.64886599564673 ], [ 128.061460760106002, -3.64941338599596 ], [ 128.061532079941998, -3.65069059596988 ], [ 128.061658989570986, -3.65089142627377 ], [ 128.061822239905013, -3.65107404620549 ], [ 128.062457789895006, -3.65112944624208 ], [ 128.064110340019994, -3.65114941568815 ], [ 128.064673349794987, -3.65109527560169 ], [ 128.06529095021699, -3.65094995595107 ], [ 128.065838059978006, -3.65075204574584 ], [ 128.066654870126001, -3.65031347606212 ], [ 128.067180309822987, -3.6496988955643 ], [ 128.067513889954, -3.64938411576135 ], [ 128.067676439715996, -3.64923073638659 ], [ 128.068406049799989, -3.64852848637845 ], [ 128.068697699939008, -3.64844091579364 ], [ 128.069893259565987, -3.6482664059481 ], [ 128.070855369579988, -3.64829669601387 ], [ 128.071520500070989, -3.64822815598282 ], [ 128.071889609717999, -3.64833891558666 ], [ 128.072323119815991, -3.64846900611774 ], [ 128.072633590067994, -3.6485621659891 ], [ 128.073245829630991, -3.64859209632605 ], [ 128.073712559786998, -3.64835824561469 ], [ 128.074033480161006, -3.64815352574296 ], [ 128.076717809879, -3.64619373573277 ], [ 128.077155500026009, -3.64584268627176 ], [ 128.077709610109991, -3.64569679555163 ], [ 128.077913939676989, -3.64546266605041 ], [ 128.078322589815997, -3.64499441604116 ], [ 128.078474489806013, -3.6447145461214 ], [ 128.078512800026004, -3.64385222578251 ], [ 128.078607219846987, -3.6426337757124 ], [ 128.078738139553991, -3.64233396602427 ], [ 128.079149029903988, -3.64195944605654 ], [ 128.079615980392987, -3.64151000626721 ], [ 128.079952170356989, -3.64119165615582 ], [ 128.080362850265004, -3.64102334623643 ], [ 128.08082361971401, -3.64079207568001 ], [ 128.08160142986199, -3.64047404572719 ], [ 128.082283810250004, -3.64037909620494 ], [ 128.082791769824013, -3.64017237624103 ], [ 128.08352202022499, -3.63980646638263 ], [ 128.083966500254007, -3.63961562574804 ], [ 128.084632940158002, -3.6395844255683 ], [ 128.085093119651987, -3.639553005954 ], [ 128.085378890024003, -3.63939388620656 ], [ 128.085664690073003, -3.63920288639197 ], [ 128.086093049754993, -3.63925113591903 ], [ 128.086521490374992, -3.63921969562037 ], [ 128.086855020142991, -3.638901206114 ], [ 128.088046510337989, -3.63745174629085 ], [ 128.088141860059011, -3.63730837637041 ], [ 128.088142260257001, -3.63690983641022 ], [ 128.088555200162006, -3.63651172632587 ], [ 128.088840920172004, -3.63640042622956 ], [ 128.089793009939996, -3.63633762567186 ], [ 128.090729119652991, -3.63638639590638 ], [ 128.091649430077013, -3.63635543584565 ], [ 128.092554239786011, -3.6359737563751 ], [ 128.093268379731995, -3.63584694567152 ], [ 128.094220869697011, -3.63538560605287 ], [ 128.094617920381012, -3.63500341576747 ], [ 128.094760980035005, -3.63474849573914 ], [ 128.094906480449993, -3.63440393578607 ], [ 128.094935929649012, -3.6343341960594 ], [ 128.095047409610004, -3.63391982623257 ], [ 128.095247640066987, -3.63369230584906 ], [ 128.095492180120004, -3.63342609573178 ], [ 128.096174830303994, -3.63306012561876 ], [ 128.096448180138992, -3.63303366576555 ], [ 128.097650509863001, -3.63301378625174 ], [ 128.098935739991987, -3.63301507587958 ], [ 128.099982799966, -3.63317553561684 ], [ 128.100887140228991, -3.63325614634837 ], [ 128.101442600196009, -3.6331451061561 ], [ 128.101871069594011, -3.63308177589773 ], [ 128.102077640271006, -3.63277908568105 ], [ 128.102331720333012, -3.63257210581303 ], [ 128.102728539889995, -3.63242902637362 ], [ 128.103109529580991, -3.63223810569937 ], [ 128.103506510117001, -3.63193561603151 ], [ 128.103792210341993, -3.63184025641846 ], [ 128.104061849575004, -3.63193616641658 ], [ 128.104188650385993, -3.63207976566422 ], [ 128.105472429909014, -3.6335476561933 ], [ 128.106391830218996, -3.63445723590569 ], [ 128.106946739800009, -3.63490414590213 ], [ 128.107470020225009, -3.63523944643545 ], [ 128.109120199737987, -3.63524107600698 ], [ 128.109913909899007, -3.63487520571869 ], [ 128.112563770402005, -3.6348300057927 ], [ 128.112998869601995, -3.63460384608346 ], [ 128.113516170434991, -3.63444834610728 ], [ 128.113865299844008, -3.63438492591668 ], [ 128.114690409834992, -3.63436979572254 ], [ 128.115102909971, -3.63441802636387 ], [ 128.115626520447989, -3.63441853627948 ], [ 128.116197740133998, -3.63441910555032 ], [ 128.116991280322992, -3.63422858597371 ], [ 128.117800750204992, -3.63397431615524 ], [ 128.118213420312998, -3.63384718619232 ], [ 128.118356419712995, -3.63364008581519 ], [ 128.118467629876989, -3.63349671589476 ], [ 128.118579039691014, -3.63314611609475 ], [ 128.11857945967401, -3.63271569606738 ], [ 128.118643209916002, -3.63242880603973 ], [ 128.118992860032989, -3.63183931572762 ], [ 128.119262900362997, -3.6315207461816 ], [ 128.119453460409005, -3.63136152571014 ], [ 128.120135949614991, -3.63115494604043 ], [ 128.120675600399011, -3.6309801160362 ], [ 128.121183409786994, -3.63091684603241 ], [ 128.122262339934991, -3.63094978640027 ], [ 128.123008010111988, -3.63103021636803 ], [ 128.123658239735988, -3.63136562571933 ], [ 128.124451100037987, -3.63187652607654 ], [ 128.124831550136008, -3.63225949607421 ], [ 128.125045729976989, -3.63245445560377 ], [ 128.125259640020005, -3.63259467609841 ], [ 128.125592710234997, -3.63273847589479 ], [ 128.126147920189993, -3.6328824861325 ], [ 128.126782530389988, -3.63296281627557 ], [ 128.127385569887991, -3.63286775613673 ], [ 128.127988610285996, -3.63277268610535 ], [ 128.128464839980012, -3.63254996630298 ], [ 128.129433300106996, -3.63196106594608 ], [ 128.130354130338986, -3.6314039961937 ], [ 128.13130659961999, -3.63094261610555 ], [ 128.131703549578987, -3.63065604623659 ], [ 128.131938390444986, -3.63055178603326 ], [ 128.133481080287993, -3.63022733582042 ], [ 128.13411718965699, -3.63002320590399 ], [ 128.134348610399996, -3.62994894618472 ], [ 128.134348649970008, -3.62994892639967 ], [ 128.135855150194999, -3.62941232611635 ], [ 128.136558689831986, -3.62863963580976 ], [ 128.137192169582988, -3.62811504597241 ], [ 128.13797179006599, -3.62705805568561 ], [ 128.138575799932994, -3.62616617642975 ], [ 128.138894320016988, -3.62564862558602 ], [ 128.138995199669012, -3.62555131624275 ], [ 128.139223550127014, -3.62539552578556 ], [ 128.139366300414991, -3.62519734578374 ], [ 128.139585850107011, -3.6249661759514 ], [ 128.139761459824001, -3.62481208611218 ], [ 128.140452519567987, -3.62463645571135 ], [ 128.140935129951998, -3.6245487763086 ], [ 128.141395900301006, -3.6243619061808 ], [ 128.14263549972901, -3.6239554162137 ], [ 128.143359569988007, -3.62365861565714 ], [ 128.143566129872994, -3.6235660556336 ], [ 128.143655730228005, -3.62359278618271 ], [ 128.143787169742012, -3.623758185896 ], [ 128.143896699972998, -3.62390152613885 ], [ 128.144082849743995, -3.62419918644725 ], [ 128.144258109623991, -3.62441971640051 ], [ 128.144385180232007, -3.62453766608402 ], [ 128.144488249733001, -3.62458520604597 ], [ 128.144839149907, -3.62461858618232 ], [ 128.145157150182001, -3.62465194563429 ], [ 128.145749250328009, -3.62475166605992 ], [ 128.146471139731005, -3.62489687599324 ], [ 128.146505650315987, -3.62490391588622 ], [ 128.149058879563995, -3.62477934629313 ], [ 128.150778230431001, -3.62432381629492 ], [ 128.151713689935008, -3.62414691605136 ], [ 128.152194150040003, -3.62396959582438 ], [ 128.153067010434, -3.62359497603196 ], [ 128.157621199759006, -3.62359923612046 ], [ 128.158728689676991, -3.62350291603145 ], [ 128.161704850299003, -3.62347787620777 ], [ 128.162369460082999, -3.62329769613672 ], [ 128.162978550220004, -3.62328434570094 ], [ 128.164224440406002, -3.62321596574927 ], [ 128.164875160160989, -3.62307749623465 ], [ 128.165774949854011, -3.62305050578143 ], [ 128.166660909772986, -3.62300960641346 ], [ 128.167768270188986, -3.6230662556084 ], [ 128.168169660101995, -3.62310835557126 ], [ 128.168653980096991, -3.62328959594305 ], [ 128.169124589928003, -3.62333175616047 ], [ 128.171435819707, -3.62386236605965 ], [ 128.175608989663004, -3.62387518589542 ], [ 128.176695809563995, -3.6238785259775 ], [ 128.177886449900001, -3.62388217632568 ], [ 128.178426429836009, -3.62374359619445 ], [ 128.178911120352012, -3.62352151581 ], [ 128.179099568790008, -3.62348788116548 ], [ 128.179298780314014, -3.62345232556914 ], [ 128.179804389960992, -3.62325461591278 ], [ 128.180129680140993, -3.62306366556091 ], [ 128.180434269725993, -3.62300831588627 ], [ 128.180669570145, -3.62303634595579 ], [ 128.180889109945014, -3.6231100858669 ], [ 128.181001091727012, -3.62430137371328 ], [ 128.181267943960989, -3.62714022044561 ], [ 128.183979987187001, -3.62690069681077 ], [ 128.184777110275007, -3.62683029608242 ], [ 128.18478053579301, -3.62683682516047 ], [ 128.185109079720007, -3.62746300601344 ], [ 128.185537589587994, -3.62814486569272 ], [ 128.185650950931006, -3.62831012870901 ], [ 128.188737931410003, -3.62835281862717 ], [ 128.189088142704009, -3.62835766237575 ], [ 128.189354741328003, -3.62847053718495 ], [ 128.18958552894901, -3.62847053718495 ], [ 128.189613237060996, -3.62844823939417 ], [ 128.192648928305005, -3.6301417086705 ], [ 128.192731645249012, -3.63018785288466 ], [ 128.19273256795401, -3.63018345160252 ], [ 128.19283550525401, -3.63021757727691 ], [ 128.193017259138998, -3.6302778300553 ], [ 128.193022478804011, -3.63028057208819 ], [ 128.194694772645988, -3.63025638392249 ], [ 128.196003526341997, -3.63016769727901 ], [ 128.196041343732986, -3.63011295734472 ], [ 128.196041892318988, -3.63011216324336 ], [ 128.196700222137991, -3.63009892072624 ], [ 128.197566599319003, -3.63008149456303 ], [ 128.20270078301499, -3.62997822811052 ], [ 128.202826002818, -3.62981697786915 ], [ 128.2029350663, -3.62971619624351 ], [ 128.20334304104901, -3.62949850814794 ], [ 128.203540969240009, -3.62962347704 ], [ 128.20361288532601, -3.62955670687478 ], [ 128.204187785937989, -3.62902294215389 ], [ 128.204700264605009, -3.62854713064484 ], [ 128.205201145616996, -3.62735387688053 ], [ 128.204764895284001, -3.62588649536762 ], [ 128.203085327726001, -3.62391251135758 ], [ 128.196670020205005, -3.61637264029749 ], [ 128.193859951775011, -3.61558163529743 ], [ 128.193727839567998, -3.61547639573242 ], [ 128.193005559858989, -3.6144201258026 ], [ 128.192990300161995, -3.6140921061805 ], [ 128.193100239583998, -3.61282700557793 ], [ 128.193116689982986, -3.61181173574023 ], [ 128.193272729553001, -3.61115584578354 ], [ 128.193498110449013, -3.60988811646267 ], [ 128.193530100234, -3.61001987613555 ], [ 128.193621719567005, -3.61029897623559 ], [ 128.193730710203994, -3.61040561604509 ], [ 128.193933140402009, -3.61067031620063 ], [ 128.194069340027994, -3.61087025617559 ], [ 128.194126060270008, -3.61098449615563 ], [ 128.194199880219998, -3.61104925633611 ], [ 128.194258530407012, -3.61112352594793 ], [ 128.194354880173989, -3.61140145603008 ], [ 128.194301599839008, -3.61167925571047 ], [ 128.194299460351999, -3.61195899612782 ], [ 128.194342969552991, -3.61202373562389 ], [ 128.194558650362012, -3.61229796589516 ], [ 128.194713820287006, -3.61246557614197 ], [ 128.194795160367988, -3.6125950560334 ], [ 128.194879290146986, -3.61268861610303 ], [ 128.194923740039002, -3.61284065638729 ], [ 128.194950119851995, -3.6129891155712 ], [ 128.195084420109993, -3.61320047603684 ], [ 128.195182750183989, -3.6133851563154 ], [ 128.195230009557008, -3.61348986617982 ], [ 128.195326520303013, -3.61359271624614 ], [ 128.195368159813, -3.61362700559716 ], [ 128.195381149620005, -3.61392959598903 ], [ 128.195454890430995, -3.6140876158656 ], [ 128.195526790329012, -3.61417141559303 ], [ 128.195653549772004, -3.61433708600223 ], [ 128.195846559571009, -3.61455039619817 ], [ 128.196187270426009, -3.61480570563282 ], [ 128.196348210401993, -3.61487435628043 ], [ 128.196577280317001, -3.61501158562995 ], [ 128.196827100290989, -3.61524016631419 ], [ 128.197251039804001, -3.61563066633532 ], [ 128.197393030163994, -3.61570691625423 ], [ 128.197612630218998, -3.61583651575554 ], [ 128.197726249666999, -3.61586515646462 ], [ 128.198158499815008, -3.61611459602442 ], [ 128.198269540007004, -3.61623102585362 ], [ 128.198470249802, -3.61640325591784 ], [ 128.198547800141, -3.61643299559852 ], [ 128.198593209608987, -3.61648631640259 ], [ 128.198651959620008, -3.61655431594104 ], [ 128.198712230385013, -3.6165841563458 ], [ 128.199255080058009, -3.6168529259336 ], [ 128.199374090041999, -3.61691184591671 ], [ 128.19940564995099, -3.61695763579798 ], [ 128.199656739766993, -3.61732198623204 ], [ 128.199974089832011, -3.6174313761683 ], [ 128.200318309842004, -3.61755002642364 ], [ 128.200350529853011, -3.61757050578525 ], [ 128.200574610329994, -3.6177129763836 ], [ 128.200830810094004, -3.61798440616603 ], [ 128.200776279702012, -3.61860813636631 ], [ 128.200789489843004, -3.61893360641039 ], [ 128.200800699892, -3.61895778558289 ], [ 128.200834109705994, -3.61902988602991 ], [ 128.200883790055002, -3.61913708611702 ], [ 128.201126439733997, -3.61947631578838 ], [ 128.201652249950996, -3.62012767585992 ], [ 128.201722419553988, -3.62020816608222 ], [ 128.201783239804996, -3.62027791570142 ], [ 128.202044539624012, -3.62053712639514 ], [ 128.202059650032993, -3.62058471581978 ], [ 128.202127770081006, -3.62065518579592 ], [ 128.202334060168994, -3.6208494762299 ], [ 128.202565009667012, -3.62100192570569 ], [ 128.202667259885999, -3.62104007584619 ], [ 128.202833920448995, -3.62107066628553 ], [ 128.202833889872011, -3.62110492595885 ], [ 128.202881240077005, -3.62110877595653 ], [ 128.203000539643, -3.62114122619389 ], [ 128.203076240076996, -3.62121932601826 ], [ 128.203136830100988, -3.62124791636536 ], [ 128.203201190083007, -3.62129364599204 ], [ 128.203585379562014, -3.6216517560304 ], [ 128.20359488, -3.62171167605962 ], [ 128.203662939792991, -3.62176600590304 ], [ 128.203727270097005, -3.62184789636979 ], [ 128.203744039756003, -3.62216000608557 ], [ 128.203758730180994, -3.62216587596055 ], [ 128.203783740326998, -3.6222475856636 ], [ 128.203891630194988, -3.62234283555933 ], [ 128.204020360051999, -3.62242287612073 ], [ 128.204126370336013, -3.62248957613882 ], [ 128.204222950329012, -3.62251820605611 ], [ 128.204398989921003, -3.6226401559241 ], [ 128.204588309803, -3.62275069609329 ], [ 128.204790909973013, -3.62283460643734 ], [ 128.204925339732995, -3.62289371617746 ], [ 128.205120349624991, -3.62299665617599 ], [ 128.205192280099993, -3.62304429596263 ], [ 128.205285059558008, -3.6230862457388 ], [ 128.205381629658007, -3.62311867619106 ], [ 128.20542895018599, -3.62315678586205 ], [ 128.205743339683011, -3.62320273582264 ], [ 128.205813399568996, -3.62322182573167 ], [ 128.205906209603995, -3.62323141610198 ], [ 128.206002750027011, -3.62329620596005 ], [ 128.206070899752007, -3.62334193558675 ], [ 128.206159830112, -3.62344858618807 ], [ 128.206242709832992, -3.62348631634513 ], [ 128.206351669893991, -3.62352622555959 ], [ 128.206391259848999, -3.62358101585582 ], [ 128.206401120016011, -3.62363079602899 ], [ 128.206371339865996, -3.62369547616976 ], [ 128.206252359558988, -3.62378994635335 ], [ 128.206207690232986, -3.62388448578466 ], [ 128.206227419560008, -3.62398404613103 ], [ 128.206266979837011, -3.6240686957178 ], [ 128.206370900096999, -3.62420318573239 ], [ 128.206415389558998, -3.6243127258555 ], [ 128.206459870027004, -3.62443222597022 ], [ 128.20650930036399, -3.62456168607648 ], [ 128.206560270339992, -3.62472778636163 ], [ 128.206617079615, -3.62475257617385 ], [ 128.206664369565004, -3.62482492573306 ], [ 128.206840499988999, -3.62484411636613 ], [ 128.207217449925992, -3.62482921639851 ], [ 128.207372729567993, -3.62486932616176 ], [ 128.207440899977996, -3.62490173592955 ], [ 128.207497679574004, -3.62494555629555 ], [ 128.207520370368997, -3.62498934608458 ], [ 128.207565779837012, -3.62504647641678 ], [ 128.207584539695006, -3.62525582599842 ], [ 128.207590039948002, -3.62546325642677 ], [ 128.207625949878008, -3.62555273627228 ], [ 128.20765244030801, -3.62558701573065 ], [ 128.207675110417995, -3.62565934640412 ], [ 128.207985540201008, -3.62589749587489 ], [ 128.208118629971011, -3.62595922623936 ], [ 128.208195610139001, -3.62603941608817 ], [ 128.208424969637008, -3.62613913561451 ], [ 128.208644360149009, -3.62633359602036 ], [ 128.208849929879989, -3.62645424636792 ], [ 128.208903630197995, -3.62662776605994 ], [ 128.208919619244995, -3.62666997484077 ], [ 128.208985767079014, -3.62684459440363 ], [ 128.209028289723989, -3.62695684598264 ], [ 128.20916774039901, -3.62719064633202 ], [ 128.209197810131002, -3.62724105603062 ], [ 128.209257640228003, -3.62743052609842 ], [ 128.209260679936989, -3.62767327560143 ], [ 128.209193440325009, -3.62779094559581 ], [ 128.209162910140009, -3.62784436622457 ], [ 128.209297529656993, -3.62804879561527 ], [ 128.209377310315006, -3.62817843558602 ], [ 128.209541850275997, -3.62826319578947 ], [ 128.209796139880012, -3.62836790565384 ], [ 128.209975640063988, -3.62842275620467 ], [ 128.209979650141008, -3.62841958609444 ], [ 128.210020509939, -3.62843272608887 ], [ 128.210232240025988, -3.62854083628984 ], [ 128.210254859774011, -3.62855238628293 ], [ 128.210316494810002, -3.62861402131924 ], [ 128.210323530207006, -3.6286210558163 ], [ 128.210389480190003, -3.6286870156924 ], [ 128.210464269609986, -3.62883659633083 ], [ 128.210539059929999, -3.62900612573097 ], [ 128.210653739678008, -3.6291656762536 ], [ 128.210753460104002, -3.62933021621499 ], [ 128.210788369987, -3.62946484562443 ], [ 128.210782310355, -3.62949296562613 ], [ 128.210818051270138, -3.629635943726081 ], [ 128.210835730084995, -3.62970666612783 ], [ 128.21084221959299, -3.6297057856915 ], [ 128.210915509843005, -3.6299061060798 ], [ 128.210920489388997, -3.62990942457815 ], [ 128.211050140151997, -3.62999585572189 ], [ 128.211259549988, -3.62999585572189 ], [ 128.211287184355996, -3.62998337672922 ], [ 128.211414120065996, -3.62992605574073 ], [ 128.211439140104005, -3.62983052615576 ], [ 128.211468969717004, -3.629716636012 ], [ 128.211543760036989, -3.62954212616645 ], [ 128.211573669688988, -3.62945735607045 ], [ 128.211783090317994, -3.62943741630205 ], [ 128.211792300274993, -3.6294387356075 ], [ 128.211992500153997, -3.62946733584717 ], [ 128.212130160279003, -3.62948740601731 ], [ 128.212231830435002, -3.6295022358378 ], [ 128.212426289940993, -3.62970666612783 ], [ 128.212485389789009, -3.62976576597531 ], [ 128.212580860018988, -3.62986123620499 ], [ 128.212750380426002, -3.6299609557313 ], [ 128.212954809817006, -3.63007563637917 ], [ 128.212994394411993, -3.63007469210678 ], [ 128.213099880355003, -3.63007217578798 ], [ 128.213155569973992, -3.63007085558321 ], [ 128.213164230444988, -3.63007064604118 ], [ 128.213508269691005, -3.63000084605999 ], [ 128.213647259912989, -3.62998621588893 ], [ 128.213648490185989, -3.62999118644185 ], [ 128.213818849659987, -3.63005766612611 ], [ 128.213838480960987, -3.63009351220349 ], [ 128.213914419714996, -3.63023217597164 ], [ 128.213963420175986, -3.6304404355749 ], [ 128.213960119663994, -3.63045655592261 ], [ 128.213989210033986, -3.63062691629623 ], [ 128.21402660024799, -3.63071001635114 ], [ 128.214147100408013, -3.63075156592899 ], [ 128.214167929605992, -3.63074688585706 ], [ 128.214313310411001, -3.63071417571565 ], [ 128.214404720201998, -3.63075156592899 ], [ 128.214422536671009, -3.63082638682516 ], [ 128.214422970144, -3.63082820615367 ], [ 128.214424085302994, -3.63083290331271 ], [ 128.214424579930011, -3.63083498614259 ], [ 128.214417190201004, -3.63093854577401 ], [ 128.214422610414999, -3.63095249605762 ], [ 128.214379790094995, -3.63111306641142 ], [ 128.214213580093002, -3.63140391615405 ], [ 128.214080619825012, -3.63163660584072 ], [ 128.214064000353005, -3.63181112557882 ], [ 128.214067669586996, -3.63182779631155 ], [ 128.214059849981993, -3.63188591589804 ], [ 128.213985049770002, -3.63199810632319 ], [ 128.213814690296005, -3.63206458600743 ], [ 128.213548769759996, -3.63213522595539 ], [ 128.213536299759994, -3.63213522595539 ], [ 128.213404499618008, -3.63215460634546 ], [ 128.213320230443998, -3.63218508616824 ], [ 128.213183119804995, -3.63240114559158 ], [ 128.213133249700007, -3.63296208602608 ], [ 128.213194269599995, -3.63314132630557 ], [ 128.213188940217009, -3.63313762559533 ], [ 128.213188569696996, -3.63313844577706 ], [ 128.212952629860013, -3.63297411625702 ], [ 128.212942630297988, -3.6329717861136 ], [ 128.212847630413989, -3.632982965586 ], [ 128.212759639846013, -3.6329653757461 ], [ 128.212730689770012, -3.63295957601822 ], [ 128.212668329879989, -3.63283485623836 ], [ 128.212426659562993, -3.6327880762035 ], [ 128.212262959567994, -3.63285823591354 ], [ 128.212107050399993, -3.63292060569602 ], [ 128.212039499622989, -3.63291753630986 ], [ 128.212002589647994, -3.6329764760781 ], [ 128.211898149580009, -3.63305723609709 ], [ 128.211896570369987, -3.63309210641003 ], [ 128.211834359768005, -3.63317505627814 ], [ 128.21177962972601, -3.63324801557773 ], [ 128.211608129911014, -3.63335715640176 ], [ 128.211560039564006, -3.63338246602214 ], [ 128.211460019664003, -3.63343510603937 ], [ 128.211366470385997, -3.63355204578423 ], [ 128.211332119881007, -3.63357494612085 ], [ 128.211209339938989, -3.63365679611809 ], [ 128.211179379924005, -3.63367677635592 ], [ 128.21107024, -3.63370795585125 ], [ 128.210890940365005, -3.63373133642578 ], [ 128.210861709699998, -3.63373864611539 ], [ 128.210735030297002, -3.63377031574122 ], [ 128.210703359771998, -3.63373864611539 ], [ 128.210621509774995, -3.63365679611809 ], [ 128.210618100445004, -3.6336533858889 ], [ 128.210604449636008, -3.63365679611809 ], [ 128.210368640201011, -3.63371574577883 ], [ 128.210343409720991, -3.63371132561097 ], [ 128.210187700201999, -3.6336840060059 ], [ 128.210164069616013, -3.6336940856074 ], [ 128.210130399897992, -3.63370530554922 ], [ 128.210116540445995, -3.63370992626584 ], [ 128.210088969930013, -3.63371911643784 ], [ 128.210060111584994, -3.63372399975656 ], [ 128.210059839990009, -3.633724045622 ], [ 128.210060019854012, -3.63371984578806 ], [ 128.209909490430988, -3.63374530559517 ], [ 128.209794090325005, -3.63378761599941 ], [ 128.20976589028399, -3.63384977623983 ], [ 128.209737719920014, -3.63389216578443 ], [ 128.209742939584999, -3.63393937569519 ], [ 128.209678579603008, -3.63394299636572 ], [ 128.209602610271986, -3.63394858565222 ], [ 128.209554730366989, -3.63399659595965 ], [ 128.209489970186013, -3.63404177610052 ], [ 128.209450589773013, -3.63403608608993 ], [ 128.209388690335999, -3.63402754612778 ], [ 128.209352060050009, -3.63408688609431 ], [ 128.209306979732986, -3.63415469587582 ], [ 128.209270380024009, -3.63417727605372 ], [ 128.209225369855005, -3.63416875587667 ], [ 128.209200019765007, -3.63419983554723 ], [ 128.209199990087996, -3.63423092600964 ], [ 128.209216849678, -3.63425355565026 ], [ 128.209247770168986, -3.63429316628974 ], [ 128.209239300353005, -3.63435513587392 ], [ 128.209205480448986, -3.63438641609329 ], [ 128.209166090142986, -3.63438920579029 ], [ 128.209121050296005, -3.6344061364271 ], [ 128.20909004976599, -3.63445698589417 ], [ 128.209050670251997, -3.63445130577611 ], [ 128.208991570405004, -3.63445972612846 ], [ 128.208927640297986, -3.63445338590803 ], [ 128.20886493956499, -3.63447375555239 ], [ 128.208811429903989, -3.63452176585971 ], [ 128.20869594975801, -3.63465170620407 ], [ 128.208605809809995, -3.63477035556016 ], [ 128.208507219832001, -3.63489183598196 ], [ 128.208414239825004, -3.63503309609285 ], [ 128.208343779741995, -3.63516873634031 ], [ 128.208245199656005, -3.63527607582238 ], [ 128.208143790304007, -3.63540602605921 ], [ 128.208050820188987, -3.63554163572971 ], [ 128.20794939015201, -3.63569703588117 ], [ 128.20790710043201, -3.63578745641755 ], [ 128.207836769851014, -3.63576760568203 ], [ 128.207804399653014, -3.63579471574508 ], [ 128.207808469984997, -3.63579786607023 ], [ 128.207807969962005, -3.6357982860536 ], [ 128.207878400368003, -3.63585286590851 ], [ 128.20766805973301, -3.63602161559637 ], [ 128.207667719788986, -3.63602188629233 ], [ 128.207557099579986, -3.63589051602591 ], [ 128.207499870323005, -3.63606221638944 ], [ 128.207429709713011, -3.63608559606463 ], [ 128.207234820330996, -3.63615575577467 ], [ 128.207016550373993, -3.63629607609405 ], [ 128.206946389763999, -3.63602323617474 ], [ 128.206587789595005, -3.63623371620417 ], [ 128.206432759964002, -3.63606264626542 ], [ 128.206419110053986, -3.6360808962076 ], [ 128.20634307956999, -3.63613736643749 ], [ 128.206333669962987, -3.63618490639943 ], [ 128.206300670240012, -3.63622240633006 ], [ 128.206309009653012, -3.63627524599682 ], [ 128.206311950436003, -3.63634935642858 ], [ 128.206275640309002, -3.6363642563963 ], [ 128.206081060293002, -3.63652442565249 ], [ 128.206021919975996, -3.63657808640025 ], [ 128.206007779934993, -3.63666005600742 ], [ 128.20601613014, -3.6367674962135 ], [ 128.20601523981199, -3.6368526557159 ], [ 128.205996339659009, -3.63688055628303 ], [ 128.205951309705, -3.63688334598004 ], [ 128.20589504991699, -3.6368691555775 ], [ 128.205833160372009, -3.63685214580033 ], [ 128.205754379761004, -3.6368492463861 ], [ 128.205672750096994, -3.63688309596846 ], [ 128.205669890253006, -3.63692832557212 ], [ 128.205672660164993, -3.63697921640799 ], [ 128.205672619696003, -3.63702444601166 ], [ 128.205661329607011, -3.63706401618162 ], [ 128.205633129565001, -3.63713466602215 ], [ 128.205566569841011, -3.63716700564285 ], [ 128.205566569841011, -3.63721595574182 ], [ 128.205426250420999, -3.63733288559409 ], [ 128.205348299884008, -3.63744202641814 ], [ 128.205169000248986, -3.63753557569596 ], [ 128.205022280354001, -3.63739774559932 ], [ 128.204965579897987, -3.63739338568607 ], [ 128.204909960425994, -3.6374045058031 ], [ 128.204887700406999, -3.6374490159491 ], [ 128.204852310285986, -3.63745625639089 ], [ 128.204780319555994, -3.63752122611342 ], [ 128.204719369803001, -3.63757624573679 ], [ 128.204656310241006, -3.63762852602525 ], [ 128.204633280401993, -3.63771651569416 ], [ 128.204624180162, -3.63773133562211 ], [ 128.204597089884004, -3.63777547614673 ], [ 128.204585979658987, -3.63778196565462 ], [ 128.204537560159991, -3.63791755643939 ], [ 128.204389449913009, -3.63794094600714 ], [ 128.204241329773993, -3.63797212640168 ], [ 128.204077619885993, -3.63806567567952 ], [ 128.203898320251, -3.63815921596402 ], [ 128.203648869899013, -3.63814362621644 ], [ 128.203572019233007, -3.63813209420988 ], [ 128.203564099803003, -3.63813090620543 ], [ 128.203560149981001, -3.63813031625015 ], [ 128.203492959832005, -3.63812023574933 ], [ 128.203463489948007, -3.63822547621374 ], [ 128.203462659873992, -3.63822842599 ], [ 128.203438389870001, -3.6383151260311 ], [ 128.203492959832005, -3.63837749581359 ], [ 128.203415000301987, -3.63850222638526 ], [ 128.203500749759996, -3.63866592637988 ], [ 128.203625480331993, -3.63900113608172 ], [ 128.203687840221988, -3.63918823643586 ], [ 128.203477360192011, -3.63931295621576 ], [ 128.203313660197011, -3.6387672655852 ], [ 128.203321450125003, -3.63863474598526 ], [ 128.203321450125003, -3.638517816133 ], [ 128.203259090235008, -3.63829953628345 ], [ 128.203017429811013, -3.63839308556122 ], [ 128.202855440326005, -3.63839956607588 ], [ 128.202847209731004, -3.63839989612712 ], [ 128.202822540428002, -3.63840087638809 ], [ 128.202495129646991, -3.63840867620818 ], [ 128.202409249786996, -3.63843950586721 ], [ 128.202404559823009, -3.6384350461292 ], [ 128.202365190201988, -3.63840673637061 ], [ 128.202294849727991, -3.63839819640846 ], [ 128.202275300265001, -3.63838671566316 ], [ 128.202128729657005, -3.63839308556122 ], [ 128.201871480384995, -3.63833071577875 ], [ 128.20149728956801, -3.63827615570894 ], [ 128.201286810438006, -3.63833071577875 ], [ 128.201284223988011, -3.63833330762491 ], [ 128.201284518065989, -3.63833374109807 ], [ 128.201075505729989, -3.63854678419533 ], [ 128.200920696433002, -3.63858023807611 ], [ 128.200764868204004, -3.63865191943904 ], [ 128.200521776058991, -3.63881086381868 ], [ 128.20031608312101, -3.63889189543288 ], [ 128.200409580237988, -3.63907888786844 ], [ 128.200671371086997, -3.63896357589646 ], [ 128.200836548668008, -3.63929081490697 ], [ 128.200783567807008, -3.63929081490697 ], [ 128.200668254936005, -3.63923159994623 ], [ 128.200499960304995, -3.63924718339864 ], [ 128.20021946985301, -3.63933756256619 ], [ 128.200010659864006, -3.63944040993457 ], [ 128.199864180986992, -3.63946534183966 ], [ 128.199829898831013, -3.63926276595172 ], [ 128.200328548623986, -3.6391194041252 ], [ 128.200213235751988, -3.638932409891 ], [ 128.199720820060008, -3.63910382067282 ], [ 128.199595364634007, -3.63918365528941 ], [ 128.199583691433986, -3.63919108458883 ], [ 128.199113089696993, -3.63940612777825 ], [ 128.198901162659013, -3.63960558841467 ], [ 128.198705812822993, -3.63974202276349 ], [ 128.198704819971994, -3.63974271614077 ], [ 128.198418875131011, -3.63978790707357 ], [ 128.198278630354991, -3.63995230494206 ], [ 128.198098648133993, -3.64004580205914 ], [ 128.197841093991002, -3.64013920204944 ], [ 128.197839575035999, -3.64014063377015 ], [ 128.197839487802014, -3.64014037476539 ], [ 128.197732014320991, -3.64022501895629 ], [ 128.197725539201997, -3.64022253143151 ], [ 128.197725222640997, -3.64022243610332 ], [ 128.197698809552008, -3.64021274321037 ], [ 128.197671772335013, -3.64022174542403 ], [ 128.197670400867992, -3.64022219688371 ], [ 128.197657215009002, -3.64022659276991 ], [ 128.197657078311011, -3.64022666021906 ], [ 128.197638170965007, -3.64023320278688 ], [ 128.197423588227991, -3.640285459693 ], [ 128.197280631995994, -3.64035633706197 ], [ 128.197249399440011, -3.64043442159787 ], [ 128.19713167098999, -3.64055575273224 ], [ 128.196764071305012, -3.6406698766998 ], [ 128.196738844421986, -3.6406842928322 ], [ 128.196738751791997, -3.64068530367017 ], [ 128.196737895637, -3.64068485131117 ], [ 128.19651593036599, -3.64080970598934 ], [ 128.196367820119008, -3.64091104609395 ], [ 128.195978039555001, -3.64087207577175 ], [ 128.195712989562992, -3.64087207577175 ], [ 128.195432349822994, -3.6410201860187 ], [ 128.195359279906995, -3.64104941578387 ], [ 128.195353089873009, -3.64105188622154 ], [ 128.195298019888014, -3.64107391601433 ], [ 128.195297779768993, -3.64107401583903 ], [ 128.195297748292006, -3.64107402932892 ], [ 128.195198480225997, -3.64111373619581 ], [ 128.195178080004013, -3.64120213595562 ], [ 128.195214069972991, -3.64120727558106 ], [ 128.195206280045994, -3.64130862557829 ], [ 128.195058159906011, -3.64127743619038 ], [ 128.194988000195991, -3.64144894589772 ], [ 128.194800909733999, -3.64145673582519 ], [ 128.194683979882001, -3.6415268964345 ], [ 128.194668380242007, -3.64173737556462 ], [ 128.194660590313987, -3.64201022627582 ], [ 128.194465700031998, -3.64215833562344 ], [ 128.19430978996499, -3.64224408598042 ], [ 128.194146080078013, -3.64243118633463 ], [ 128.194029150224992, -3.64251693579233 ], [ 128.193974580262989, -3.64269623632639 ], [ 128.194107109755009, -3.6428209561063 ], [ 128.194107109755009, -3.64290671635581 ], [ 128.193990170010011, -3.64304703577589 ], [ 128.193823670426013, -3.64296378643347 ], [ 128.193789939553994, -3.6429469160513 ], [ 128.193776195215008, -3.64294004433149 ], [ 128.193756300413014, -3.64293009603105 ], [ 128.193818670196009, -3.64310939566584 ], [ 128.193771900053008, -3.64325751580527 ], [ 128.19365496030801, -3.64322632641743 ], [ 128.193567770136013, -3.64323117556192 ], [ 128.193567770136013, -3.64323583584879 ], [ 128.193604350061008, -3.64323587631827 ], [ 128.193598699619997, -3.64326130554838 ], [ 128.193587219774997, -3.64350724584599 ], [ 128.193696960446005, -3.6435129961112 ], [ 128.193665170310993, -3.64379813605815 ], [ 128.193662920207998, -3.6438182862679 ], [ 128.193638160072993, -3.64381585629971 ], [ 128.19365496030801, -3.64394352585585 ], [ 128.193647170381013, -3.64413061631752 ], [ 128.193555890092, -3.64424967576445 ], [ 128.193543969578997, -3.64426521604937 ], [ 128.193539009816988, -3.64427169566476 ], [ 128.193538029556009, -3.64427297629933 ], [ 128.193467869845989, -3.6443644859147 ], [ 128.193436690351007, -3.64448920569453 ], [ 128.193405500063989, -3.6446918957964 ], [ 128.19331195977901, -3.64496473571569 ], [ 128.193187230106986, -3.64497253553581 ], [ 128.193095959711002, -3.64518701574967 ], [ 128.193093269839011, -3.64523408626554 ], [ 128.193098770092007, -3.64537826557584 ], [ 128.193107120296986, -3.64548286572288 ], [ 128.193084589582014, -3.64549415581182 ], [ 128.193098539866014, -3.64562986620642 ], [ 128.193111826450007, -3.64567002363367 ], [ 128.193120209929987, -3.64569536562957 ], [ 128.193120989642011, -3.64569773624249 ], [ 128.19312177025401, -3.64569806629368 ], [ 128.193078090182013, -3.64579886590578 ], [ 128.193109269676995, -3.64599375618757 ], [ 128.193234000248992, -3.64596257579295 ], [ 128.193333709883007, -3.64596500576106 ], [ 128.193411760244999, -3.64596690602856 ], [ 128.193427379669998, -3.64605703608398 ], [ 128.193444179904986, -3.64615316641597 ], [ 128.193460999925009, -3.64622385582664 ], [ 128.193472209974999, -3.64626627594823 ], [ 128.193542570233006, -3.64625502632876 ], [ 128.193562050448008, -3.64649250580464 ], [ 128.19360587980799, -3.64670361625876 ], [ 128.193603809568003, -3.64670492567166 ], [ 128.193690545582001, -3.64714401516361 ], [ 128.193691989893011, -3.64715132575246 ], [ 128.193693009724996, -3.64715651574001 ], [ 128.193706629957006, -3.64716740563069 ], [ 128.193713390161008, -3.64722919624973 ], [ 128.193725239628009, -3.64727294556926 ], [ 128.193740510115987, -3.6473293258669 ], [ 128.193759199827014, -3.64739314625585 ], [ 128.193751550194008, -3.64740181572033 ], [ 128.193790569979001, -3.64761924571055 ], [ 128.193857480437998, -3.64770844586687 ], [ 128.193858581209014, -3.64771605413138 ], [ 128.193875632838001, -3.64783387844031 ], [ 128.193918799812991, -3.64813215605254 ], [ 128.193923540138996, -3.648136896379 ], [ 128.193920760335004, -3.64813728578549 ], [ 128.193951189795996, -3.64831682553924 ], [ 128.194044739973009, -3.64882353595501 ], [ 128.194061960190993, -3.64882886623682 ], [ 128.194146080078013, -3.64910418558698 ], [ 128.194270809750009, -3.64926009565403 ], [ 128.194364359926993, -3.64944718611571 ], [ 128.194457900212001, -3.6495485262204 ], [ 128.194559250209011, -3.64974341560277 ], [ 128.194707359556986, -3.6500084655946 ], [ 128.194806320055989, -3.65015689600018 ], [ 128.194801739809009, -3.65016229552972 ], [ 128.19482532992501, -3.65018541620014 ], [ 128.194825460326996, -3.65018561584966 ], [ 128.194925640305996, -3.65033587637563 ], [ 128.194933764781013, -3.65034008880003 ], [ 128.195136120336002, -3.65044501630034 ], [ 128.195378740336992, -3.65060445620644 ], [ 128.195408960255008, -3.65062431593514 ], [ 128.195545749837009, -3.65060911559392 ], [ 128.196059889552004, -3.65117000566632 ], [ 128.196200209871989, -3.65140386627025 ], [ 128.196574399789, -3.65191837560686 ], [ 128.196791331555005, -3.65211247538457 ], [ 128.197166859663014, -3.65244847559045 ], [ 128.197353950125006, -3.65279147611911 ], [ 128.197743729789011, -3.65311889589338 ], [ 128.198149100101006, -3.65344630577506 ], [ 128.198585649908011, -3.65368017627153 ], [ 128.198657170291995, -3.65373172631051 ], [ 128.198754629821991, -3.65380199573784 ], [ 128.198842720215993, -3.6538654959681 ], [ 128.198822980096992, -3.65388694569818 ], [ 128.198786400171997, -3.65388408585407 ], [ 128.19873577013999, -3.65386707607692 ], [ 128.198701979911988, -3.65389531568846 ], [ 128.198730080128996, -3.65393774570256 ], [ 128.198738469903986, -3.65399429597206 ], [ 128.198735619952998, -3.65403952557568 ], [ 128.198682069822013, -3.65413559565314 ], [ 128.198690039614007, -3.65415695635038 ], [ 128.198704120298999, -3.65419470629256 ], [ 128.198709519827986, -3.65420918627678 ], [ 128.198727789555988, -3.65432708559823 ], [ 128.198725400056986, -3.65433115592983 ], [ 128.198657789924994, -3.65444649578072 ], [ 128.198636320410003, -3.65448311617445 ], [ 128.198690890372006, -3.65470918595155 ], [ 128.198762796566001, -3.65486959802467 ], [ 128.198792229578004, -3.65493525572851 ], [ 128.198948150436991, -3.65513014601033 ], [ 128.199031950164994, -3.65511289611416 ], [ 128.19922084017, -3.65507400583168 ], [ 128.199220869847011, -3.65507399593907 ], [ 128.199237670081999, -3.65509091578406 ], [ 128.199241170243994, -3.65509443573057 ], [ 128.199255529719011, -3.65510231559031 ], [ 128.199259969671999, -3.65510675554325 ], [ 128.199318809614994, -3.65515999630759 ], [ 128.199423679559004, -3.65525487568271 ], [ 128.199437180182002, -3.65527513560975 ], [ 128.199579589626012, -3.6554887461792 ], [ 128.199610770020996, -3.65569142638851 ], [ 128.199578260428012, -3.65571742578879 ], [ 128.199511330184009, -3.65577097591998 ], [ 128.199517080448999, -3.65578463572258 ], [ 128.199518639872991, -3.6557883463253 ], [ 128.199577139873014, -3.65592726640024 ], [ 128.199579589626012, -3.6559330859132 ], [ 128.199577319738012, -3.65594252609675 ], [ 128.199554000316994, -3.65603969604499 ], [ 128.199543130210998, -3.65608497601066 ], [ 128.199582329860988, -3.65611926626096 ], [ 128.199552420207993, -3.65613479575398 ], [ 128.199626689820008, -3.656216245553 ], [ 128.199772809867, -3.6563310655958 ], [ 128.199852829744003, -3.65638672553647 ], [ 128.199786729573987, -3.65652937599928 ], [ 128.20002330972801, -3.65676248566929 ], [ 128.199950249703988, -3.65688425567288 ], [ 128.199779769721005, -3.65677639638267 ], [ 128.199769330390012, -3.65687381634258 ], [ 128.199640599633994, -3.65692948617582 ], [ 128.199560579756991, -3.65696427554979 ], [ 128.199480559879987, -3.65682510636259 ], [ 128.199584939693011, -3.65677291600636 ], [ 128.199557100280003, -3.65663375581242 ], [ 128.199410980233012, -3.65664418614953 ], [ 128.199278769999012, -3.65649806610225 ], [ 128.199261199944004, -3.65645415580412 ], [ 128.199249586999002, -3.65646576874965 ], [ 128.199220990356991, -3.65649436629139 ], [ 128.199104059604991, -3.65672043606842 ], [ 128.198979329932001, -3.65678280585089 ], [ 128.198854600260006, -3.65672043606842 ], [ 128.198761050082993, -3.65680619631803 ], [ 128.198683370241014, -3.65689063636278 ], [ 128.198689359725989, -3.65698017556356 ], [ 128.198685060067987, -3.65710392587425 ], [ 128.19870461042899, -3.65727073572447 ], [ 128.198732049644008, -3.6573567657706 ], [ 128.198731390440997, -3.6573623262788 ], [ 128.198729869688009, -3.65737526572441 ], [ 128.198780401693995, -3.65756295873186 ], [ 128.198784439650012, -3.65757795582628 ], [ 128.198831209793013, -3.6578585955657 ], [ 128.198979329932001, -3.65806127577495 ], [ 128.199306739814006, -3.65824836623666 ], [ 128.199473670174001, -3.6581471961039 ], [ 128.199480460055014, -3.65815061622562 ], [ 128.199514199920003, -3.65817043638421 ], [ 128.199564450438999, -3.65819117564985 ], [ 128.199587359768998, -3.65817615607237 ], [ 128.199607980324004, -3.65815087612964 ], [ 128.199735499693986, -3.65821718584202 ], [ 128.199836839797996, -3.6582717558044 ], [ 128.199992749865999, -3.65834971623386 ], [ 128.200047319828002, -3.65838089572918 ], [ 128.200211029715007, -3.6583653059815 ], [ 128.20038253042901, -3.65830293619901 ], [ 128.200444890319005, -3.65839648637612 ], [ 128.200554030244007, -3.65839648637612 ], [ 128.200561830064004, -3.65821718584202 ], [ 128.20063198977499, -3.65824057630913 ], [ 128.200741119806992, -3.65831852594671 ], [ 128.200811280415991, -3.65833412558683 ], [ 128.201052949834008, -3.65835750616141 ], [ 128.201286810438006, -3.65839648637612 ], [ 128.201544069602988, -3.65846664608617 ], [ 128.201606430393014, -3.65857578601089 ], [ 128.201633810251991, -3.65864080609546 ], [ 128.201668800175014, -3.65872389625784 ], [ 128.201679719742998, -3.65877851568294 ], [ 128.201681350213988, -3.65878667613115 ], [ 128.201699979669996, -3.65887980632487 ], [ 128.201668800175014, -3.65902792556505 ], [ 128.201356970147998, -3.65919163635145 ], [ 128.201013969618998, -3.65922281584678 ], [ 128.200717740132006, -3.65931635613131 ], [ 128.200465599908, -3.65932336634667 ], [ 128.200468279886991, -3.65933974569907 ], [ 128.200312369820011, -3.65936313616614 ], [ 128.199844639618988, -3.6594488856238 ], [ 128.199740089833, -3.6594815561951 ], [ 128.199595180273008, -3.65952683616074 ], [ 128.199532809592, -3.65959700576334 ], [ 128.199415879739007, -3.65965156583313 ], [ 128.199197599889004, -3.65964377590558 ], [ 128.19883900961301, -3.65972172554316 ], [ 128.198628529583004, -3.659768505578 ], [ 128.198418049552998, -3.65982307554038 ], [ 128.198212559861986, -3.65982307554038 ], [ 128.198207830326993, -3.65982592639122 ], [ 128.198196360373998, -3.65984376624264 ], [ 128.198162080016004, -3.65986433553646 ], [ 128.198127789766005, -3.6598883357439 ], [ 128.198074659617987, -3.65993119563394 ], [ 128.198038659756008, -3.65995861596307 ], [ 128.198004380297988, -3.65998947619906 ], [ 128.197952949869006, -3.66003918622509 ], [ 128.19791867040999, -3.66004089583629 ], [ 128.197918200065004, -3.6600385755854 ], [ 128.197887810173995, -3.66006318553316 ], [ 128.197834680026006, -3.66009574638716 ], [ 128.197781539986011, -3.66012660572384 ], [ 128.197738680095995, -3.66014374590269 ], [ 128.197737279851992, -3.66014308580033 ], [ 128.197537150120013, -3.66017387588914 ], [ 128.197303279622986, -3.66018166581672 ], [ 128.197046030350009, -3.66022064603144 ], [ 128.196734210215993, -3.66027521599375 ], [ 128.19651593036599, -3.66035316563137 ], [ 128.196463096094988, -3.6603795850151 ], [ 128.196360020299011, -3.66043112606087 ], [ 128.19635442021999, -3.66043459564529 ], [ 128.196355990437013, -3.6604391363223 ], [ 128.196203939360004, -3.66058442899326 ], [ 128.196201190132996, -3.66058705591296 ], [ 128.196200149616999, -3.66058565566849 ], [ 128.196197709757001, -3.66059053628925 ], [ 128.196215109838988, -3.66062880603961 ], [ 128.196225669678995, -3.66063643588778 ], [ 128.196249900113003, -3.66076797612601 ], [ 128.196048100339993, -3.66087930589998 ], [ 128.195950311658009, -3.66101710272168 ], [ 128.195895020438996, -3.66109501638643 ], [ 128.195891930367992, -3.66109394619316 ], [ 128.195736380030013, -3.66117949600133 ], [ 128.195609160135007, -3.6612397559743 ], [ 128.195606249929, -3.66123766594987 ], [ 128.195453160135003, -3.66127941607651 ], [ 128.195451970331987, -3.66128273637346 ], [ 128.195449370391998, -3.66127611556456 ], [ 128.195444343182004, -3.66127707424191 ], [ 128.195260850007998, -3.66131202639311 ], [ 128.195073749654, -3.66131202639311 ], [ 128.194847679877, -3.66138997603072 ], [ 128.194683979882001, -3.66139777585086 ], [ 128.194649904419435, -3.661411402877766 ], [ 128.194579180084986, -3.66143968605679 ], [ 128.194411130069994, -3.66150691577564 ], [ 128.194322019845004, -3.66151582625843 ], [ 128.194323750140995, -3.66154441570625 ], [ 128.194320689747997, -3.66154209635468 ], [ 128.194052208326752, -3.66158060041643 ], [ 128.193888757060989, -3.66160404165717 ], [ 128.193885659795995, -3.66160448592224 ], [ 128.19388405000899, -3.66160471614869 ], [ 128.193883139895007, -3.66160553633035 ], [ 128.193842059763, -3.66161605570035 ], [ 128.193789800854233, -3.661621556162167 ], [ 128.193596346194056, -3.661641918048725 ], [ 128.193545820383008, -3.66164723609499 ], [ 128.193528188274996, -3.66165092961059 ], [ 128.193518849714991, -3.66165288563606 ], [ 128.193523660188987, -3.66167763587806 ], [ 128.192891190376002, -3.66178132591121 ], [ 128.192887260339006, -3.66174857619969 ], [ 128.192885089375011, -3.66174857619969 ], [ 128.192852020405013, -3.66174857619969 ], [ 128.192610359979994, -3.66175636612724 ], [ 128.192438850272993, -3.66193566576201 ], [ 128.19222058031599, -3.66195905622903 ], [ 128.192098700367069, -3.661994440847236 ], [ 128.191978919891, -3.66202921593905 ], [ 128.19177228086599, -3.66202921593905 ], [ 128.19171386989899, -3.66202921593905 ], [ 128.191550160012014, -3.66202141611897 ], [ 128.191386450125009, -3.66209937564905 ], [ 128.191343410369996, -3.66210438577219 ], [ 128.191051250315013, -3.66213835586385 ], [ 128.190864519581993, -3.66224505592784 ], [ 128.190856279993, -3.66223880563961 ], [ 128.190713805797998, -3.66225868695211 ], [ 128.190712449620008, -3.66225887580973 ], [ 128.190711550298005, -3.66225614636734 ], [ 128.190560129646002, -3.66224749578857 ], [ 128.190271690086007, -3.66228646611076 ], [ 128.190181610393012, -3.66224338588677 ], [ 128.190089000006992, -3.6622707063912 ], [ 128.190016539831987, -3.66229208597422 ], [ 128.189895470399989, -3.66237113638196 ], [ 128.189817970423007, -3.66241501610317 ], [ 128.189811749812009, -3.662613885885 ], [ 128.189718210427003, -3.66265285620721 ], [ 128.189507730397992, -3.66273861555741 ], [ 128.189358780183994, -3.66286521581965 ], [ 128.189358489703011, -3.6628650557403 ], [ 128.189158219675988, -3.66299626592742 ], [ 128.189157706163002, -3.66299660407246 ], [ 128.189156699822007, -3.6629972659735 ], [ 128.189155609843993, -3.66299871568067 ], [ 128.189063379870987, -3.66304263587136 ], [ 128.188946440125989, -3.66308941590618 ], [ 128.188673600207011, -3.66309720583374 ], [ 128.188431939781992, -3.66316736554376 ], [ 128.188291620362008, -3.6631751662632 ], [ 128.187979800227993, -3.6631985459384 ], [ 128.187862859582992, -3.66325311590074 ], [ 128.187574429915998, -3.66326870564846 ], [ 128.187317169852008, -3.66330768586313 ], [ 128.187005349716998, -3.66334666607786 ], [ 128.186833849902001, -3.66334666607786 ], [ 128.186503453598618, -3.66338884156851 ], [ 128.186467459804987, -3.66339343622012 ], [ 128.186397418805996, -3.66341094422172 ], [ 128.186280360350992, -3.66344020636245 ], [ 128.186264769703001, -3.66343241553556 ], [ 128.186171230317996, -3.66343241553556 ], [ 128.185976340036007, -3.66344020636245 ], [ 128.185695700296009, -3.6634635959302 ], [ 128.185461829800005, -3.66348698639724 ], [ 128.185181190060007, -3.66351036607248 ], [ 128.184814799962993, -3.66345580600261 ], [ 128.184744640253001, -3.66332327561078 ], [ 128.184744640253001, -3.66297247616135 ], [ 128.184651090075988, -3.66315177579613 ], [ 128.184541950150987, -3.6634635959302 ], [ 128.184565339719001, -3.66375203638905 ], [ 128.184682269570999, -3.66379101570443 ], [ 128.184588730185993, -3.66389235580913 ], [ 128.184463999613996, -3.66393912595137 ], [ 128.184292499799, -3.66373644574206 ], [ 128.184386040084007, -3.66338564629257 ], [ 128.184495180009009, -3.66322972633302 ], [ 128.184518569575999, -3.66308161608611 ], [ 128.184635500328, -3.66287113605668 ], [ 128.184558110068991, -3.66284748568555 ], [ 128.184536469682001, -3.66284087566851 ], [ 128.18450783976499, -3.66283212616433 ], [ 128.184496358119986, -3.66282525984049 ], [ 128.184494189855002, -3.66282795600798 ], [ 128.184426850418987, -3.66291213614875 ], [ 128.184343350165989, -3.66304434638187 ], [ 128.184238970351998, -3.66307913575586 ], [ 128.184176810112007, -3.6630252555735 ], [ 128.184011860059002, -3.66298027598143 ], [ 128.18394170034901, -3.66305822561902 ], [ 128.183739010246995, -3.66310500565385 ], [ 128.183614279674998, -3.66320634575848 ], [ 128.183325850008003, -3.6630036556566 ], [ 128.183115369977997, -3.66282436591442 ], [ 128.182928280416007, -3.66269963624198 ], [ 128.182811339771007, -3.662613885885 ], [ 128.182538499852001, -3.66241899560323 ], [ 128.182398180431989, -3.66230985567848 ], [ 128.182195490330002, -3.66213835586385 ], [ 128.182148720187001, -3.66207598608138 ], [ 128.182131509860994, -3.66205662637566 ], [ 128.182125329720009, -3.66206819615383 ], [ 128.182001348039989, -3.66199458021564 ], [ 128.181875870374995, -3.66192007601429 ], [ 128.181626420023008, -3.66188109579956 ], [ 128.181330189637009, -3.66180314616199 ], [ 128.181236640359003, -3.66171739580506 ], [ 128.181006873173004, -3.66171739580506 ], [ 128.180994979934013, -3.66171739580506 ], [ 128.180776700085005, -3.66165502602254 ], [ 128.180480469698011, -3.66149132602798 ], [ 128.180121870427996, -3.66143675606559 ], [ 128.179872420076009, -3.6614289562455 ], [ 128.179661940046998, -3.66144454599314 ], [ 128.179396890054988, -3.66141336559851 ], [ 128.179186410025011, -3.66140557567097 ], [ 128.178968130175008, -3.66137438628313 ], [ 128.178671899787986, -3.66134320588846 ], [ 128.178438030190989, -3.66129643574617 ], [ 128.178235349981009, -3.66129643574617 ], [ 128.178068719995991, -3.66129643574617 ], [ 128.178066239664986, -3.66129257585599 ], [ 128.177935259705009, -3.66130538579922 ], [ 128.177932470007988, -3.66130315637989 ], [ 128.177932290142991, -3.66130300619308 ], [ 128.177929317884008, -3.66130350082017 ], [ 128.177861580047988, -3.66131479630508 ], [ 128.177861429860997, -3.66131457597116 ], [ 128.177845959722987, -3.66131692589965 ], [ 128.177717229866005, -3.66134823579663 ], [ 128.177619809905991, -3.66137607610922 ], [ 128.177553709736003, -3.66144217627956 ], [ 128.177379750275009, -3.66149784611278 ], [ 128.177334519771989, -3.66150132558981 ], [ 128.177268409709001, -3.66157090613641 ], [ 128.177209270291996, -3.66163353582293 ], [ 128.177177949602992, -3.66171007622288 ], [ 128.177080540435014, -3.66173442626657 ], [ 128.177049229637987, -3.66177020579416 ], [ 128.176871129699009, -3.66183432565733 ], [ 128.176746400025991, -3.66188109579956 ], [ 128.176551509744002, -3.66188109579956 ], [ 128.176356620361986, -3.66192007601429 ], [ 128.176099370190002, -3.66195905622903 ], [ 128.175881090339999, -3.66208378590143 ], [ 128.175631630096007, -3.66211496629605 ], [ 128.175428949885998, -3.66207598608138 ], [ 128.175288629567007, -3.66202141611897 ], [ 128.175101530111988, -3.66199803554447 ], [ 128.174937830116988, -3.66197464597669 ], [ 128.174833220077005, -3.66196849641254 ], [ 128.174672780125007, -3.66195905622903 ], [ 128.174447382141011, -3.6620449243972 ], [ 128.174447351563998, -3.6620346442469 ], [ 128.174139069363008, -3.66217043468116 ], [ 128.174139510029988, -3.66217127554727 ], [ 128.174033540215987, -3.66221630640074 ], [ 128.173799679611989, -3.66230985567848 ], [ 128.173487849585001, -3.66244237617778 ], [ 128.173331940417, -3.66253592635489 ], [ 128.173199419917012, -3.662613885885 ], [ 128.173246190060013, -3.66277758587956 ], [ 128.172879799962999, -3.66289452562444 ], [ 128.172630339718012, -3.662988065909 ], [ 128.172490020298, -3.66306602633839 ], [ 128.172209379658995, -3.66321413568601 ], [ 128.172178319773991, -3.6632024957608 ], [ 128.172178200164012, -3.66320634575848 ], [ 128.171913150172003, -3.66326870564846 ], [ 128.171853210357, -3.6632896157853 ], [ 128.17157793957, -3.66338564629257 ], [ 128.171679289568004, -3.66372864592193 ], [ 128.171979899652996, -3.66366265636829 ], [ 128.172013730349988, -3.66376224639221 ], [ 128.172022290097004, -3.66382219609909 ], [ 128.171706729682001, -3.66387956565092 ], [ 128.171679289568004, -3.66388455598898 ], [ 128.171752839721989, -3.66411992565536 ], [ 128.171835199635012, -3.66438347557789 ], [ 128.172006700348987, -3.66438347557789 ], [ 128.172014490276013, -3.66450820614963 ], [ 128.171640310252002, -3.66460174553486 ], [ 128.171609129858012, -3.66446922593494 ], [ 128.171757240104995, -3.66443024572016 ], [ 128.171676589803013, -3.66414123599046 ], [ 128.171587719696987, -3.66382280583941 ], [ 128.171476600364997, -3.66342461571545 ], [ 128.171149189584014, -3.6636195059972 ], [ 128.171140729661005, -3.66362271567761 ], [ 128.170923119805991, -3.66370525635419 ], [ 128.170804793307013, -3.66380667739783 ], [ 128.170759409918986, -3.66384557577425 ], [ 128.170759409918986, -3.66392353620372 ], [ 128.170806180060993, -3.66407944627078 ], [ 128.170681450388997, -3.66412621641303 ], [ 128.170252700401988, -3.66414180616068 ], [ 128.169800559947987, -3.6642509460854 ], [ 128.169387389815995, -3.66430551604779 ], [ 128.169386619996004, -3.66430561587253 ], [ 128.169075569682008, -3.66434449626254 ], [ 128.168947531403006, -3.66439045881358 ], [ 128.168771540373996, -3.66445363618725 ], [ 128.168703610084009, -3.66447110551803 ], [ 128.168498699554988, -3.6645237958973 ], [ 128.168350580315007, -3.66464072574959 ], [ 128.168030960360994, -3.66485900559915 ], [ 128.167878189827007, -3.66490335566574 ], [ 128.16787462041799, -3.66493884561162 ], [ 128.16787023981999, -3.66494339618116 ], [ 128.167740400198994, -3.66507804627508 ], [ 128.167703549578988, -3.66511625577082 ], [ 128.16757877044401, -3.66538551638841 ], [ 128.167576360260995, -3.66539071626841 ], [ 128.167507779760001, -3.66540951569648 ], [ 128.167476739660003, -3.66545248620311 ], [ 128.167376139697012, -3.66559178579199 ], [ 128.16715338032401, -3.66572074767388 ], [ 128.167142260206987, -3.66572718592046 ], [ 128.167079910209992, -3.66576328560668 ], [ 128.166861630359989, -3.66584124603609 ], [ 128.166892809855, -3.6659269963931 ], [ 128.166994159853004, -3.66598935628303 ], [ 128.166822650145008, -3.66605172606549 ], [ 128.166729109860995, -3.66591919567369 ], [ 128.166619969935994, -3.66598156635551 ], [ 128.166534219579006, -3.66604392624539 ], [ 128.166106459745009, -3.66611521640325 ], [ 128.166066480383989, -3.66612188577552 ], [ 128.165598750181999, -3.66612967570311 ], [ 128.165481820330001, -3.66612967570311 ], [ 128.165263539580991, -3.66615306617018 ], [ 128.165310309722997, -3.66641811616195 ], [ 128.16533370018999, -3.66665198575913 ], [ 128.165240150013005, -3.66663638611892 ], [ 128.165193379870999, -3.66631677605728 ], [ 128.165185546776002, -3.66631677605728 ], [ 128.165112770038007, -3.66631677605728 ], [ 128.165115420339987, -3.6663245659848 ], [ 128.164920539950998, -3.66641811616195 ], [ 128.164772419810987, -3.66639472569484 ], [ 128.164522959566995, -3.66639472569484 ], [ 128.164328070184013, -3.6664648863042 ], [ 128.164164370190008, -3.66653504601421 ], [ 128.164133189794995, -3.66666757640604 ], [ 128.164179959937002, -3.66678450625839 ], [ 128.164203350403994, -3.66688584636306 ], [ 128.164140979721992, -3.66687025571607 ], [ 128.163844750235, -3.66682348557377 ], [ 128.163564109595995, -3.66680789582608 ], [ 128.163450990170986, -3.66680424637729 ], [ 128.163322450071007, -3.66680009600603 ], [ 128.163119759968993, -3.66680009600603 ], [ 128.162917079759012, -3.66683127640064 ], [ 128.162706599730001, -3.66681568575369 ], [ 128.162699510374011, -3.66681486557195 ], [ 128.162696199969986, -3.66682356561343 ], [ 128.162471739978997, -3.66679238611809 ], [ 128.16245783016501, -3.66677419553113 ], [ 128.162285639671012, -3.66670654582894 ], [ 128.161864679611, -3.66659741579671 ], [ 128.16153725983699, -3.66648827587197 ], [ 128.161366598645998, -3.6664325491995 ], [ 128.161328192642003, -3.66642000833553 ], [ 128.161155279991988, -3.66636354619957 ], [ 128.161126036736988, -3.66635567263506 ], [ 128.1610510983773, -3.66633549617313 ], [ 128.160998119867003, -3.66632123219804 ], [ 128.160952599783002, -3.6663089762372 ], [ 128.160744830309994, -3.66625409600868 ], [ 128.16053942965101, -3.66619983631246 ], [ 128.160435489605987, -3.66616865591783 ], [ 128.160197250202998, -3.66616865591783 ], [ 128.160192893887, -3.66616865591783 ], [ 128.160118469591993, -3.66616865591783 ], [ 128.159533810437011, -3.66609069638768 ], [ 128.159476788923001, -3.66608647317135 ], [ 128.159112850377994, -3.66605951599306 ], [ 128.158979370302006, -3.66607499602338 ], [ 128.158902251638011, -3.6660839370832 ], [ 128.158574949674005, -3.66612188577552 ], [ 128.158402400351008, -3.66618967577195 ], [ 128.157920129909996, -3.66637913594721 ], [ 128.157640869729988, -3.66651426178245 ], [ 128.157436800068012, -3.66661300554439 ], [ 128.157139459918, -3.66673099569739 ], [ 128.157096980440997, -3.66681228631634 ], [ 128.156998590113005, -3.66698055576623 ], [ 128.156919330162992, -3.66708583580082 ], [ 128.156826369941001, -3.66719236589292 ], [ 128.156751120068009, -3.66726782620717 ], [ 128.156507573765992, -3.66739627007954 ], [ 128.156449199670988, -3.66742705567177 ], [ 128.156264120092999, -3.66759524598139 ], [ 128.156107979799003, -3.66772281571278 ], [ 128.156084059632008, -3.66774600563104 ], [ 128.155945760088997, -3.66788011613174 ], [ 128.15588097023101, -3.6679238861357 ], [ 128.155830920260996, -3.66802399596779 ], [ 128.155643819906004, -3.66819550567497 ], [ 128.155573660196012, -3.66826565639173 ], [ 128.155352800191991, -3.66834979606302 ], [ 128.155344569595997, -3.66836116619159 ], [ 128.155307760345011, -3.66836576622383 ], [ 128.155241660174994, -3.66838315551493 ], [ 128.155147719691996, -3.66839707612085 ], [ 128.155053780108005, -3.66840055559789 ], [ 128.154991160314012, -3.66839359574453 ], [ 128.154998167830996, -3.66818421288802 ], [ 128.154989203388993, -3.66839038606417 ], [ 128.154950019928009, -3.66839038606417 ], [ 128.154591419757992, -3.668367006389 ], [ 128.154349760233004, -3.66832022635415 ], [ 128.154076920313997, -3.66831243552725 ], [ 128.153977088427013, -3.66833831880043 ], [ 128.153866440283991, -3.668367006389 ], [ 128.153624769966996, -3.66840598570437 ], [ 128.153328539580997, -3.66849173606139 ], [ 128.153132929841007, -3.66854762622847 ], [ 128.152891989773991, -3.66861646573379 ], [ 128.152802150198994, -3.66864516579819 ], [ 128.152330710293995, -3.66879575637534 ], [ 128.15208904987, -3.66891269612017 ], [ 128.152022548601991, -3.66891951567923 ], [ 128.151785019663009, -3.66894387561549 ], [ 128.151636910315005, -3.6690841959349 ], [ 128.151418629565995, -3.66929467596424 ], [ 128.15116917022101, -3.66948956624601 ], [ 128.150989879578987, -3.66986374626998 ], [ 128.150888529582005, -3.67012879626184 ], [ 128.15087934030899, -3.67012950582691 ], [ 128.150880739654013, -3.67013659608188 ], [ 128.150584510166993, -3.67037046567907 ], [ 128.150319460175012, -3.67048739553136 ], [ 128.150015429967993, -3.6705497563206 ], [ 128.149797150119014, -3.670541966393 ], [ 128.149705876125012, -3.6705395634045 ], [ 128.149500919731992, -3.67053416567363 ], [ 128.149228079811991, -3.67052637574609 ], [ 128.14896302982001, -3.670541966393 ], [ 128.148627820118008, -3.67068228581307 ], [ 128.148428640069994, -3.67088833578208 ], [ 128.148401750341009, -3.67091614551768 ], [ 128.14809772013399, -3.67106426565721 ], [ 128.147918419599989, -3.67115781583431 ], [ 128.147812847284996, -3.67118340784171 ], [ 128.147829637628007, -3.67121049092509 ], [ 128.146995707086006, -3.67157840177512 ], [ 128.146376190208997, -3.67184071962653 ], [ 128.146300136342006, -3.67190263525134 ], [ 128.145939019870013, -3.67219661553402 ], [ 128.145648129658014, -3.67243357610101 ], [ 128.145437249429989, -3.67262507953591 ], [ 128.145316949816987, -3.67273432558066 ], [ 128.14518352999599, -3.67292802605938 ], [ 128.145090899824993, -3.67310210602904 ], [ 128.144994950257001, -3.67319391601804 ], [ 128.144868969626998, -3.67338795554102 ], [ 128.144790049621008, -3.67347917557474 ], [ 128.144713969674001, -3.67363169609697 ], [ 128.144820149930013, -3.67372270568934 ], [ 128.144801440434009, -3.67382247557772 ], [ 128.144633090045005, -3.67405316607139 ], [ 128.144527100445003, -3.67401575607298 ], [ 128.144221570169009, -3.67392223557355 ], [ 128.144002812780002, -3.67383890079554 ], [ 128.143982980031012, -3.67383134559104 ], [ 128.143951810428007, -3.67382670598855 ], [ 128.14383043972299, -3.67384400624678 ], [ 128.143743710004003, -3.67389616602609 ], [ 128.143714740142997, -3.67397161554835 ], [ 128.143443090027006, -3.67402940598299 ], [ 128.143159870131996, -3.67409299614548 ], [ 128.142957580228, -3.674127636232 ], [ 128.142697480104999, -3.67418543565982 ], [ 128.142431609931009, -3.67423743625913 ], [ 128.142356420313007, -3.67430702579899 ], [ 128.142254660224012, -3.67438943607392 ], [ 128.14211342979101, -3.67460867639937 ], [ 128.141882080094007, -3.6748232663305 ], [ 128.141725920015006, -3.67496244630953 ], [ 128.141563950315998, -3.67513645613204 ], [ 128.141407729983001, -3.67533949607018 ], [ 128.141257199660004, -3.67562962635515 ], [ 128.141072030150013, -3.67589650556791 ], [ 128.140985289640014, -3.67596028638672 ], [ 128.140863890155998, -3.67600660596864 ], [ 128.140819430372005, -3.67603307031844 ], [ 128.140678869933993, -3.67611673604698 ], [ 128.140563180247, -3.67623273600028 ], [ 128.140528430442998, -3.67631978587762 ], [ 128.140464750348002, -3.67643583619297 ], [ 128.140395339772994, -3.6765054356254 ], [ 128.140315739880009, -3.67660878571479 ], [ 128.140077309819986, -3.67671412600396 ], [ 128.139979000430998, -3.6767836957587 ], [ 128.13991538958399, -3.67683588611496 ], [ 128.139886409830012, -3.67692293599232 ], [ 128.139915199826987, -3.67703327561266 ], [ 128.139926700356995, -3.67709133584385 ], [ 128.139943919676, -3.67720746619889 ], [ 128.139886099563995, -3.67724804630751 ], [ 128.139822500408002, -3.67727701616851 ], [ 128.139758930031007, -3.67728856616162 ], [ 128.139695390230003, -3.67725947579143 ], [ 128.139666340329001, -3.67722834575878 ], [ 128.139579839937994, -3.67723614557889 ], [ 128.139481599796, -3.67723604575416 ], [ 128.139400669805013, -3.67726499583017 ], [ 128.139273510164003, -3.67729389554403 ], [ 128.139146360415992, -3.67731699553008 ], [ 128.13900766966799, -3.67731686602769 ], [ 128.138903649583995, -3.6773167662029 ], [ 128.138753409742009, -3.67731081628834 ], [ 128.138539610315007, -3.67729899559932 ], [ 128.138296879697009, -3.67731617624768 ], [ 128.137990559817013, -3.67736812558568 ], [ 128.137799839691013, -3.67739116621645 ], [ 128.137562870130012, -3.67743737608103 ], [ 128.137377920055002, -3.67747203595271 ], [ 128.137146699860011, -3.67754147620506 ], [ 128.136998300031991, -3.67765398588952 ], [ 128.136753509966013, -3.67778492627997 ], [ 128.136637900318988, -3.67782545602656 ], [ 128.136493399950012, -3.67785433595543 ], [ 128.136404179110002, -3.6778589683633 ], [ 128.136383599922993, -3.67786003585857 ], [ 128.136273770217997, -3.67789476587731 ], [ 128.136179409752003, -3.67792310621289 ], [ 128.136158169563998, -3.67792948600348 ], [ 128.136131260050007, -3.67800409555899 ], [ 128.136036719718987, -3.67802806608877 ], [ 128.135961530101014, -3.67809184600822 ], [ 128.135863239597001, -3.67814400578752 ], [ 128.135795009832009, -3.67819923585226 ], [ 128.135697650127014, -3.67827465569695 ], [ 128.135494079588, -3.67844327588245 ], [ 128.135354340231004, -3.67853828565923 ], [ 128.135186669728995, -3.67863100576211 ], [ 128.135051589759001, -3.67875381628119 ], [ 128.134910159675997, -3.67884683405966 ], [ 128.134903299647988, -3.67885134595832 ], [ 128.134837359556997, -3.67888075558789 ], [ 128.134764009950999, -3.6789134657293 ], [ 128.134619909781009, -3.67908328561043 ], [ 128.134542009606008, -3.67923933597167 ], [ 128.134515639684992, -3.67935024576221 ], [ 128.134457780003004, -3.67941985598652 ], [ 128.134383219910006, -3.6794417463844 ], [ 128.134313290426007, -3.67944293618744 ], [ 128.134238150269994, -3.67946608563619 ], [ 128.134180330157989, -3.67949505639657 ], [ 128.134035810005003, -3.67955296554171 ], [ 128.133856559832992, -3.67966890613972 ], [ 128.13379478000499, -3.67977434625366 ], [ 128.133665589694999, -3.67994157608723 ], [ 128.133538000178987, -3.68009395631521 ], [ 128.133312839615996, -3.68020248560032 ], [ 128.13316830957001, -3.68026039564477 ], [ 128.133064589859003, -3.68036892582912 ], [ 128.132985939648989, -3.68042591586711 ], [ 128.132936260200012, -3.68046208570046 ], [ 128.132618990173995, -3.68061399558305 ], [ 128.132642020013009, -3.68070110571497 ], [ 128.132618859773004, -3.68074752602103 ], [ 128.132537929781989, -3.68078227582482 ], [ 128.132474389981013, -3.68075899597435 ], [ 128.132376139947013, -3.68076470577003 ], [ 128.132289449798009, -3.68077042635757 ], [ 128.132162259581008, -3.68083996553535 ], [ 128.132017730434001, -3.68089787557982 ], [ 128.131994539615988, -3.68097913562185 ], [ 128.131942469769001, -3.68104294611825 ], [ 128.131826899691987, -3.68103702588123 ], [ 128.131693899854014, -3.68112397593386 ], [ 128.131566740213003, -3.68115868616745 ], [ 128.131404870338997, -3.68122238604727 ], [ 128.131162039895997, -3.68134987573906 ], [ 128.130660521266009, -3.68162835530692 ], [ 128.130277589938999, -3.68184098561526 ], [ 128.130291770448991, -3.68188223571885 ], [ 128.130253370296998, -3.68187823553441 ], [ 128.128071079916992, -3.68284467578244 ], [ 128.128052919905997, -3.68291731582264 ], [ 128.128014697819992, -3.68293607478115 ], [ 128.127976390297988, -3.68295487600785 ], [ 128.127750889791997, -3.68308818611186 ], [ 128.127534360022992, -3.68325996561578 ], [ 128.127313070142009, -3.68346410632403 ], [ 128.127103070351012, -3.68370873630942 ], [ 128.127011072403008, -3.68377289934011 ], [ 128.126970069613009, -3.68380149598244 ], [ 128.126773119884007, -3.68395223584703 ], [ 128.126657819602997, -3.68399857611339 ], [ 128.126571133894998, -3.68402388276575 ], [ 128.12651909018399, -3.68403907618238 ], [ 128.126351489829005, -3.68405632607857 ], [ 128.126172309803991, -3.68409678567804 ], [ 128.125981560001009, -3.68414885552509 ], [ 128.125854379676014, -3.68420678625399 ], [ 128.125721399622989, -3.6842705158114 ], [ 128.125559509963011, -3.68436323591424 ], [ 128.125388520064007, -3.68449729605285 ], [ 128.125269049627008, -3.68457713606538 ], [ 128.125183550180992, -3.68470539557677 ], [ 128.125079389802011, -3.68485042564574 ], [ 128.124985460110992, -3.68503376053855 ], [ 128.124969390124988, -3.6850651261935 ], [ 128.124836300355014, -3.68524496632083 ], [ 128.124733270424002, -3.68531849579057 ], [ 128.124640339879988, -3.68538503572941 ], [ 128.124634159739003, -3.68538765635384 ], [ 128.124427384016997, -3.68547526291149 ], [ 128.124259610092992, -3.68554634622531 ], [ 128.124122039899987, -3.6857251863065 ], [ 128.124024629833002, -3.68576693553379 ], [ 128.123927209872988, -3.68583651608035 ], [ 128.123788039786007, -3.68598960587351 ], [ 128.123593209759008, -3.68612876606742 ], [ 128.123454039671998, -3.6862401057339 ], [ 128.123120039557989, -3.68664368549483 ], [ 128.123008699892011, -3.68672719564066 ], [ 128.12292519963799, -3.68685244602054 ], [ 128.12292519963799, -3.68690810596121 ], [ 128.122939120244013, -3.68697769550105 ], [ 128.123022619598004, -3.68711685569507 ], [ 128.123120039557989, -3.68733952603475 ], [ 128.123106119851997, -3.68749261582785 ], [ 128.123022619598004, -3.68750652564194 ], [ 128.122953039951, -3.68746477551527 ], [ 128.122911289824003, -3.68736736634737 ], [ 128.122911289824003, -3.68722819626085 ], [ 128.122786029552003, -3.68706119575432 ], [ 128.122688620383997, -3.68700552592104 ], [ 128.122688620383997, -3.68701944562768 ], [ 128.122716449904004, -3.68713077630097 ], [ 128.122730369610991, -3.68726994638741 ], [ 128.122758200031001, -3.68746477551527 ], [ 128.122688620383997, -3.68759002589516 ], [ 128.122493779563996, -3.6876178662077 ], [ 128.122340699663994, -3.68757611608107 ], [ 128.122215450183006, -3.68752044624787 ], [ 128.122076280095996, -3.68728385620154 ], [ 128.122048449675987, -3.68718644613417 ], [ 128.121923200195994, -3.68708902617434 ], [ 128.12190927959, -3.68703335634106 ], [ 128.121784030109012, -3.68692202566782 ], [ 128.121644860022002, -3.68682460570798 ], [ 128.121575280374998, -3.6867967761873 ], [ 128.121394360161986, -3.68688027554122 ], [ 128.121296940202001, -3.68694985608787 ], [ 128.121296940202001, -3.68713077630097 ], [ 128.121366529742005, -3.68728385620154 ], [ 128.121269109781991, -3.6872977759081 ], [ 128.121157770114991, -3.68703335634106 ], [ 128.12104644034099, -3.68667152580741 ], [ 128.121041920348006, -3.68666420622529 ], [ 128.120917849878992, -3.68646332555936 ], [ 128.120881160236991, -3.68640392623764 ], [ 128.120781789647992, -3.68624304561766 ], [ 128.120754849556988, -3.68619942580055 ], [ 128.120507060253004, -3.68622181622146 ], [ 128.120420370104, -3.68623333563754 ], [ 128.120270079899996, -3.686273825814 ], [ 128.12003891006799, -3.68629101635489 ], [ 128.119819280336003, -3.68632563575704 ], [ 128.119605489901005, -3.68630219582721 ], [ 128.119426380022986, -3.68627299573971 ], [ 128.119276210328991, -3.68619156572588 ], [ 128.119056729883994, -3.68608104624107 ], [ 128.118889189783999, -3.68603443617811 ], [ 128.118688204796996, -3.6859893567613 ], [ 128.118681199977004, -3.68598778564571 ], [ 128.118438509828991, -3.68597012565868 ], [ 128.118270949943991, -3.68595254571137 ], [ 128.117987800197, -3.68594064588209 ], [ 128.117629489608987, -3.68596931626885 ], [ 128.117346269715, -3.68603289563941 ], [ 128.117148810070006, -3.68615948600915 ], [ 128.117178459818007, -3.68625914618028 ], [ 128.117051360431986, -3.68633263607982 ], [ 128.116721620406992, -3.68658379604261 ], [ 128.116519129954014, -3.68681581573437 ], [ 128.116305180339992, -3.68696074597846 ], [ 128.116126799812008, -3.68704514555378 ], [ 128.116126969784005, -3.68704534610263 ], [ 128.116121650293991, -3.68704379567136 ], [ 128.116018396431997, -3.68711888276694 ], [ 128.116013690279999, -3.68712230558663 ], [ 128.116012450114994, -3.68712081630929 ], [ 128.115998149994994, -3.68713122596195 ], [ 128.115909629725991, -3.68720665569922 ], [ 128.115756840306005, -3.68731196631063 ], [ 128.115427309822991, -3.68753935629246 ], [ 128.115161720237012, -3.68781452635524 ], [ 128.114896129752992, -3.68808968562612 ], [ 128.114726229832002, -3.68832345629786 ], [ 128.114559660100014, -3.68850249602856 ], [ 128.11440862975499, -3.68864826623954 ], [ 128.114307330119004, -3.6887821159368 ], [ 128.114228740164009, -3.68884545608779 ], [ 128.114130490130009, -3.68885696561128 ], [ 128.114009150002005, -3.68895625616102 ], [ 128.113876089910008, -3.68899604576555 ], [ 128.113856019740012, -3.68906153619556 ], [ 128.113823930129996, -3.68914693581696 ], [ 128.113754569917006, -3.68916428553782 ], [ 128.113685209705011, -3.68917582563833 ], [ 128.113639019624998, -3.68913513581238 ], [ 128.113604289606002, -3.68919315557414 ], [ 128.113563820113995, -3.689210535872 ], [ 128.113506529702988, -3.68920778574516 ], [ 128.113453979617987, -3.6892510656186 ], [ 128.113384610411003, -3.68928002558706 ], [ 128.113355389639992, -3.68934339631499 ], [ 128.113274709660004, -3.68939021591998 ], [ 128.113193839924008, -3.6893494955171 ], [ 128.113130310016004, -3.68932040604626 ], [ 128.113055140183008, -3.68936677599018 ], [ 128.113083949963993, -3.68944227587457 ], [ 128.113101230437991, -3.68950034599832 ], [ 128.113083830353986, -3.68956999579274 ], [ 128.113026039919987, -3.68956993553817 ], [ 128.112979839947997, -3.68953505623197 ], [ 128.112935370271003, -3.68953094633023 ], [ 128.112916190430013, -3.68962207553242 ], [ 128.112869899625991, -3.68968589592125 ], [ 128.112794729792995, -3.68972645624483 ], [ 128.112759940419011, -3.68984833596571 ], [ 128.112690539737002, -3.68990051553011 ], [ 128.112707820210005, -3.68995858565383 ], [ 128.112794510357986, -3.68995286596568 ], [ 128.112869649614993, -3.68994133575767 ], [ 128.11291586037899, -3.68995879609522 ], [ 128.11292156028199, -3.69004007592233 ], [ 128.112892590421012, -3.69010971582425 ], [ 128.112759659830004, -3.6901328059177 ], [ 128.112707640345008, -3.69014436580328 ], [ 128.112609250016988, -3.69029520549261 ], [ 128.112511471227009, -3.6904396510022 ], [ 128.112507141891001, -3.6904460469806 ], [ 128.112912502309996, -3.69089455057572 ], [ 128.111695867970013, -3.69126203154978 ], [ 128.110259102075986, -3.69169600299993 ], [ 128.110259122759999, -3.6916961091199 ], [ 128.11024065428299, -3.69170010210978 ], [ 128.11024014166901, -3.69172726073626 ], [ 128.110240453734008, -3.69172748736541 ], [ 128.110234504718989, -3.69254254923017 ], [ 128.109756914349987, -3.69273932449094 ], [ 128.108852975184988, -3.69180463930436 ], [ 128.10885234655899, -3.69179898886393 ], [ 128.108850934623007, -3.69179950327613 ], [ 128.108672349948989, -3.69186453595117 ], [ 128.108658180346993, -3.69188062181255 ], [ 128.108555590068988, -3.69199708612811 ], [ 128.108431679678006, -3.6921035757508 ], [ 128.108351960175014, -3.69221900553391 ], [ 128.108313669739999, -3.69225895611711 ], [ 128.108296249872012, -3.69234021615913 ], [ 128.108353929689997, -3.69245057556461 ], [ 128.108752059560004, -3.69306054613764 ], [ 128.108295370334986, -3.6932284459662 ], [ 128.107879920421993, -3.69260684625975 ], [ 128.107706440300007, -3.69272277606595 ], [ 128.108087269912005, -3.69328629575606 ], [ 128.107601510102, -3.69363413553665 ], [ 128.107272510217996, -3.69324483611043 ], [ 128.10708166958301, -3.69338397561999 ], [ 128.107502980378001, -3.69391850566393 ], [ 128.106975959673008, -3.69507326574678 ], [ 128.106173570153999, -3.69421324587368 ], [ 128.106098490253004, -3.69424409621714 ], [ 128.105948100224992, -3.69430590572198 ], [ 128.105924879729997, -3.69441037636667 ], [ 128.105864629649005, -3.69441103556971 ], [ 128.10585631248, -3.6944241103316 ], [ 128.10582080028999, -3.69447993622892 ], [ 128.105849619964005, -3.69455543611324 ], [ 128.105913180448994, -3.69456130598822 ], [ 128.105936230073013, -3.69462519562495 ], [ 128.106023029938996, -3.69450916599397 ], [ 128.106098119732991, -3.69453827614925 ], [ 128.106138510084008, -3.69459636605812 ], [ 128.106063270103988, -3.69471240558162 ], [ 128.106080529893006, -3.69478788568087 ], [ 128.106172849796991, -3.69493311629865 ], [ 128.106103289934993, -3.69514204589681 ], [ 128.106166620192994, -3.69538593574023 ], [ 128.106131769665012, -3.69556587569229 ], [ 128.106125840434999, -3.69571100558597 ], [ 128.106096810319997, -3.69585030607416 ], [ 128.106102520115002, -3.69591417592577 ], [ 128.106096599877986, -3.69605930581938 ], [ 128.106032919784013, -3.69616954561503 ], [ 128.106022979577006, -3.6962013960046 ], [ 128.106003930137007, -3.69626240601213 ], [ 128.106003789842987, -3.69640173617791 ], [ 128.105963260097013, -3.69648877616275 ], [ 128.105916890152997, -3.69662805596658 ], [ 128.105853260419991, -3.69668605594324 ], [ 128.105806980408005, -3.69673244567228 ], [ 128.10577805011701, -3.69676725573062 ], [ 128.105789320420996, -3.69706334582285 ], [ 128.105771830406013, -3.69720846582393 ], [ 128.105713950038989, -3.69730709627129 ], [ 128.105627249998008, -3.69741829564357 ], [ 128.105530119619004, -3.69754270605663 ], [ 128.10548109038001, -3.69765359606206 ], [ 128.105447610418992, -3.69801142551192 ], [ 128.105412533262012, -3.69838621257832 ], [ 128.105406520395007, -3.69845046554111 ], [ 128.105313980156012, -3.69853745606322 ], [ 128.105267889901, -3.69859516555887 ], [ 128.10525008962, -3.69871509554955 ], [ 128.105209729845001, -3.69876375606679 ], [ 128.105192329761991, -3.69882760613334 ], [ 128.105163330224002, -3.69893787560656 ], [ 128.10518048029499, -3.69912367554111 ], [ 128.105191809953993, -3.69935009605376 ], [ 128.105226409571003, -3.69941979621019 ], [ 128.105289909801996, -3.69948371552452 ], [ 128.105440100180004, -3.69954192594255 ], [ 128.105474689905009, -3.6996232363466 ], [ 128.105463030195011, -3.69973353549744 ], [ 128.105289659790003, -3.69973335563305 ], [ 128.105266659628995, -3.69982571600714 ], [ 128.105289460140995, -3.6999307460301 ], [ 128.105289380100999, -3.70001201596468 ], [ 128.105341330338007, -3.70007593617839 ], [ 128.105387479948007, -3.70015144595527 ], [ 128.105462629995998, -3.70012830549968 ], [ 128.105566679758994, -3.70009938600067 ], [ 128.105601249697997, -3.70019810548088 ], [ 128.105537629857992, -3.70025609556504 ], [ 128.105508650104014, -3.70033734571452 ], [ 128.105289100411994, -3.70029067629625 ], [ 128.10519659974301, -3.70033703634772 ], [ 128.105137829947012, -3.70041197595445 ], [ 128.105173329785003, -3.7004879461842 ], [ 128.105256890292992, -3.70050371579624 ], [ 128.10531196027901, -3.70054614581034 ], [ 128.105323450017011, -3.70061582618169 ], [ 128.105271380169995, -3.70067962588623 ], [ 128.105178980225986, -3.70060986637449 ], [ 128.105086559596998, -3.7005691360791 ], [ 128.105005480318994, -3.7007490256691 ], [ 128.104935940241006, -3.70094634591901 ], [ 128.104935930349001, -3.70106729574087 ], [ 128.104926109752, -3.70107036602633 ], [ 128.104926109752, -3.70116891013875 ], [ 128.104926109752, -3.70116954595942 ], [ 128.104926109752, -3.70117407584455 ], [ 128.104927660182994, -3.70117618565413 ], [ 128.104918290146998, -3.70125401568189 ], [ 128.104831490280986, -3.70137584593998 ], [ 128.104779299925013, -3.70155575621441 ], [ 128.104732910195992, -3.70171245588628 ], [ 128.104663460051, -3.70181688606142 ], [ 128.104605479859003, -3.70200840568418 ], [ 128.104489759594998, -3.70215342586054 ], [ 128.104414460258994, -3.70232751572271 ], [ 128.104362330156988, -3.70244357593065 ], [ 128.104333300041986, -3.70258287551941 ], [ 128.104275399890014, -3.70268731558722 ], [ 128.104202470268007, -3.70272107613675 ], [ 128.104164919975005, -3.702832515628 ], [ 128.104153690141004, -3.70286318610702 ], [ 128.104087359744, -3.70285867600698 ], [ 128.104061309981006, -3.70295995585706 ], [ 128.103986159932987, -3.70298310620515 ], [ 128.103947939645991, -3.70297288630941 ], [ 128.10386474965901, -3.70304103603467 ], [ 128.103864700195999, -3.70308747612576 ], [ 128.103934019939004, -3.70311657548911 ], [ 128.104009150201989, -3.70314397603325 ], [ 128.104026390206002, -3.70320374587568 ], [ 128.103980110193987, -3.70325595601701 ], [ 128.103940979791986, -3.70331608558824 ], [ 128.103939520192995, -3.70339524571331 ], [ 128.103927909945014, -3.70344167591191 ], [ 128.103858490377007, -3.70351707597147 ], [ 128.103748700241994, -3.70350535600657 ], [ 128.103679390391989, -3.70347625574384 ], [ 128.103624323632005, -3.7034992412105 ], [ 128.103610010393993, -3.70350521571234 ], [ 128.103551540072004, -3.70361777575881 ], [ 128.103546559626011, -3.70362344598431 ], [ 128.103462754368991, -3.70371890367129 ], [ 128.10344442991601, -3.70373977598886 ], [ 128.103352270090994, -3.70389300607618 ], [ 128.103303599681993, -3.70392404617651 ], [ 128.103220309868988, -3.70412480633325 ], [ 128.102885229669994, -3.70466974602989 ], [ 128.102759079967996, -3.70493829618307 ], [ 128.102741550382007, -3.70512986616784 ], [ 128.102747119883986, -3.70533886591318 ], [ 128.102619829840989, -3.70547762590875 ], [ 128.102582099684014, -3.70553581564239 ], [ 128.102508099868999, -3.70563181557273 ], [ 128.102414299679992, -3.70566692600472 ], [ 128.102434619862009, -3.70577976574036 ], [ 128.102434520037008, -3.70587264592249 ], [ 128.102422839642003, -3.70600035594816 ], [ 128.102416940089995, -3.706122266246 ], [ 128.102393244752989, -3.7061697486513 ], [ 128.102359030044994, -3.70623831566201 ], [ 128.102272279641994, -3.70630789620866 ], [ 128.102191239934001, -3.70644133581509 ], [ 128.102118629571009, -3.70655062592661 ], [ 128.102075400059988, -3.7066966659342 ], [ 128.10208855983899, -3.70683676591962 ], [ 128.102063650416994, -3.70689403564683 ], [ 128.102104010191994, -3.70698115567125 ], [ 128.102150169694994, -3.70705087561284 ], [ 128.102294560345996, -3.70713229573417 ], [ 128.102537229809002, -3.70717898583682 ], [ 128.102687490335995, -3.70716752577591 ], [ 128.102860939880003, -3.70708642581329 ], [ 128.102895669898999, -3.70702840605155 ], [ 128.102872640060014, -3.70694130581209 ], [ 128.102803379671997, -3.70685414621748 ], [ 128.102739900126011, -3.70677280613579 ], [ 128.102687760132, -3.7067073157058 ], [ 128.102693780193988, -3.70666245572357 ], [ 128.102774720077008, -3.70662190619186 ], [ 128.102925049850995, -3.70654658617196 ], [ 128.103029169760987, -3.70644799619408 ], [ 128.103023489641998, -3.70632887559332 ], [ 128.102950749776994, -3.70616400558078 ], [ 128.102805029927993, -3.70607230620843 ], [ 128.102722929918997, -3.70614545616425 ], [ 128.102622710370014, -3.70612704614261 ], [ 128.102595489690003, -3.70600800558151 ], [ 128.102631840286989, -3.70591777570136 ], [ 128.102559259602003, -3.70578823555538 ], [ 128.102550230409008, -3.70570583607229 ], [ 128.102650549782993, -3.70562353551467 ], [ 128.102750809801989, -3.70561448563695 ], [ 128.102851040143008, -3.70563289565852 ], [ 128.103060430195001, -3.70584367606151 ], [ 128.103269900285994, -3.70598122556962 ], [ 128.103415469948004, -3.70621940561737 ], [ 128.103460880314998, -3.7063750962498 ], [ 128.103415020287002, -3.70666801623176 ], [ 128.103259710067988, -3.70704322597949 ], [ 128.102976810331995, -3.70742745592736 ], [ 128.102448689754993, -3.7080466256656 ], [ 128.10225483819201, -3.70824092869136 ], [ 128.102139380542013, -3.70835665135685 ], [ 128.102018864732003, -3.70847882263799 ], [ 128.101698933698998, -3.70881015972921 ], [ 128.101544409517999, -3.70902816732272 ], [ 128.101467364542998, -3.70909623179917 ], [ 128.101307250428988, -3.70923849627261 ], [ 128.101070149567988, -3.70939389552479 ], [ 128.101033539966011, -3.709549496225 ], [ 128.101069590189013, -3.70994320592653 ], [ 128.101078329800998, -3.71031858564611 ], [ 128.101014360124992, -3.71049246596625 ], [ 128.100817629830004, -3.71059597613498 ], [ 128.100596599852992, -3.71081757628155 ], [ 128.100439529661003, -3.71116937577709 ], [ 128.100439326414005, -3.71116998911474 ], [ 128.100375550091997, -3.71136156629405 ], [ 128.100256909729012, -3.71152624565037 ], [ 128.100156530100008, -3.71165431630414 ], [ 128.100165470260009, -3.71182827576463 ], [ 128.100201689556002, -3.71205718560071 ], [ 128.100146730187987, -3.71233179628513 ], [ 128.100072983980994, -3.71258397607916 ], [ 128.100072849982013, -3.71258443563264 ], [ 128.100036990414992, -3.71270704560303 ], [ 128.099881699981012, -3.71306394605324 ], [ 128.099735519679001, -3.71343000609845 ], [ 128.099646399562005, -3.71367907603688 ], [ 128.099515530218014, -3.71383062619059 ], [ 128.099379530241009, -3.71398810557464 ], [ 128.099069450294991, -3.71420751587189 ], [ 128.098595330410006, -3.71443591579242 ], [ 128.098276209579012, -3.71458207630917 ], [ 128.09812300287399, -3.71467420735604 ], [ 128.098048240433997, -3.71471916626371 ], [ 128.097874930284007, -3.71486547606796 ], [ 128.097838399821995, -3.71494783598078 ], [ 128.097227500249005, -3.71524017590004 ], [ 128.096571059906012, -3.71551415615974 ], [ 128.095759750012007, -3.71573305564215 ], [ 128.094939269730986, -3.71600686592994 ], [ 128.094246410443986, -3.7162441862258 ], [ 128.093562600133993, -3.71654560570045 ], [ 128.093052019934987, -3.71677396605072 ], [ 128.092814900187989, -3.71693851590462 ], [ 128.092313469690993, -3.71713025586125 ], [ 128.092085499646004, -3.71726734581585 ], [ 128.091684160096008, -3.7176056761652 ], [ 128.091428699575005, -3.71788922611071 ], [ 128.091286479887003, -3.71804419548692 ], [ 128.091218849970005, -3.7181178859353 ], [ 128.091159369662989, -3.71826454601637 ], [ 128.091100080105008, -3.71841073577013 ], [ 128.090963099866997, -3.71868524573051 ], [ 128.090817049967001, -3.71891397570217 ], [ 128.090689279687012, -3.71908779576775 ], [ 128.090534019828993, -3.71921235546822 ], [ 128.090406540029988, -3.7193072258501 ], [ 128.090242340011997, -3.71946269614862 ], [ 128.090098970091987, -3.71961241618206 ], [ 128.090023835332005, -3.71967045393026 ], [ 128.089913959761986, -3.71975532564956 ], [ 128.08953103023299, -3.71991972621601 ], [ 128.089426632433003, -3.71999737188281 ], [ 128.089248299569988, -3.72013000569665 ], [ 128.089188699699008, -3.72017453562771 ], [ 128.089011369578998, -3.72030704623446 ], [ 128.088746680214996, -3.72050484582301 ], [ 128.088400059914989, -3.72080660614068 ], [ 128.088295811402986, -3.72090874124604 ], [ 128.087998660110003, -3.7211998661812 ], [ 128.087588230212987, -3.72151987554176 ], [ 128.087378480432989, -3.72165698618078 ], [ 128.087104939941014, -3.72179402577332 ], [ 128.086794949926997, -3.7219218760932 ], [ 128.086544409596996, -3.72203378592987 ], [ 128.086020049984995, -3.72217741575441 ] ], [ [ 128.153668748942124, -3.644577150494857 ], [ 128.153934809603896, -3.644110968581412 ], [ 128.154525821965393, -3.643474493730559 ], [ 128.154088799251127, -3.643282284666407 ], [ 128.153259113103672, -3.643396843841578 ], [ 128.152970979420672, -3.643632905172234 ], [ 128.153075124125365, -3.644306374262634 ], [ 128.153668748942124, -3.644577150494857 ] ] ], [ [ [ 128.204074244731004, -3.66935513109009 ], [ 128.20394902762601, -3.6693778965283 ], [ 128.204040220680014, -3.66932208280355 ], [ 128.204074244731004, -3.66935513109009 ] ] ] ] } },
{ "type": "Feature", "properties": { "gid": 123015, "kdkec": "030", "nmkab": "AMBON", "nmkec": "TELUK AMBON BAGUALA", "nmsls": "RT 002 RW 05", "kddesa": "013", "nmdesa": "LATERI", "nmprov": "MALUKU", "sumber": "", "dom_sls": null, "kdprov": "81", "kdkab": "71", "iddesa": "8171030013", "idkec": "8171030" }, "geometry": { "type": "MultiPolygon", "coordinates": [ [ [ [ 128.209066439863989, -3.66721622580615 ], [ 128.208575699609014, -3.66696799583453 ], [ 128.208210443556993, -3.66668789119176 ], [ 128.208172613574988, -3.66665888086118 ], [ 128.207806850306014, -3.66637838591261 ], [ 128.207073609659005, -3.66598394596161 ], [ 128.207062567782998, -3.66601124038569 ], [ 128.207014550281002, -3.66612993560719 ], [ 128.206900970404007, -3.6663408059423 ], [ 128.206795839655996, -3.66648839638106 ], [ 128.206661259708994, -3.66669080589451 ], [ 128.206649019936009, -3.66670278576348 ], [ 128.206477750348, -3.66646602574524 ], [ 128.206434430005004, -3.66624324568828 ], [ 128.206246001352014, -3.66593581604438 ], [ 128.206218572929004, -3.66589106577945 ], [ 128.206200289712001, -3.66586123616653 ], [ 128.206013249611999, -3.66566171617484 ], [ 128.205999776867998, -3.66565572938803 ], [ 128.205977148127005, -3.66559715924116 ], [ 128.205976312656986, -3.66559683278732 ], [ 128.205782318099011, -3.66551923478465 ], [ 128.205779827876995, -3.66555890028275 ], [ 128.205551859630987, -3.66548090567908 ], [ 128.205535409231999, -3.66547907825666 ], [ 128.205327410432005, -3.66545596568015 ], [ 128.205071779939004, -3.66538114568327 ], [ 128.204784969949998, -3.6653499760805 ], [ 128.204535569960996, -3.66523774608518 ], [ 128.204379890120009, -3.66515580615571 ], [ 128.204379736335994, -3.66515572521672 ], [ 128.204298649863006, -3.66511304609035 ], [ 128.204161479868986, -3.66497587609616 ], [ 128.203849729881, -3.66473895599864 ], [ 128.203670139764995, -3.66460080574339 ], [ 128.203622259859003, -3.66456397490835 ], [ 128.203606570287008, -3.66455190600647 ], [ 128.203606480355006, -3.66455156606273 ], [ 128.203605009963013, -3.66455190600647 ], [ 128.203585930846003, -3.66452985103268 ], [ 128.203584429877992, -3.6645281162404 ], [ 128.203558636422002, -3.66449828932543 ], [ 128.203505249967009, -3.66443655626297 ], [ 128.203463578081994, -3.6643954707354 ], [ 128.203258671150991, -3.66375356793447 ], [ 128.203165560742008, -3.66346188452033 ], [ 128.203185949272012, -3.66345718016673 ], [ 128.203184885373986, -3.66345265837546 ], [ 128.203185405182012, -3.66345300461443 ], [ 128.203383936818994, -3.66338682800176 ], [ 128.203386677953006, -3.66338591429057 ], [ 128.203391964167992, -3.66337870712369 ], [ 128.203462790276006, -3.66335115639286 ], [ 128.203632069663996, -3.66324083565826 ], [ 128.203547590048998, -3.6631132857119 ], [ 128.203478059865006, -3.66302412602504 ], [ 128.203480079742008, -3.66293051559333 ], [ 128.203535149727003, -3.66283283572947 ], [ 128.203581620395994, -3.6628881161562 ], [ 128.203577319836995, -3.66297733609771 ], [ 128.203814349652987, -3.66276509609505 ], [ 128.203801719573988, -3.66270134585326 ], [ 128.20386519012601, -3.66266316603509 ], [ 128.204017519992988, -3.66258256609546 ], [ 128.204110699648993, -3.66243392614786 ], [ 128.204384300394992, -3.66222935556358 ], [ 128.204450384377992, -3.66217994321318 ], [ 128.204481019783003, -3.66215703568198 ], [ 128.204489369989005, -3.66215079618567 ], [ 128.204593169739013, -3.6620731855925 ], [ 128.204821770209008, -3.66183968561673 ], [ 128.204880940202997, -3.66188648633593 ], [ 128.204951029765994, -3.66186383601089 ], [ 128.204897309663011, -3.66171651626804 ], [ 128.204889570098004, -3.66169527608001 ], [ 128.204999569774003, -3.66164863633941 ], [ 128.205004509750012, -3.66165525624898 ], [ 128.205024919864002, -3.66168265589377 ], [ 128.205088459665006, -3.66164344635184 ], [ 128.205134940225008, -3.66161476607255 ], [ 128.205253399825011, -3.66158087602059 ], [ 128.205346440086004, -3.6615894555529 ], [ 128.205443690073992, -3.66161503586918 ], [ 128.205536689865994, -3.66167460606211 ], [ 128.205604299997987, -3.66174265596259 ], [ 128.205606649927006, -3.66174299590635 ], [ 128.205663499671005, -3.6617512058173 ], [ 128.205684679603991, -3.6617172357257 ], [ 128.205679229713013, -3.66170326026109 ], [ 128.205654709697001, -3.66164037606641 ], [ 128.205688999947995, -3.66160675581108 ], [ 128.205727079940999, -3.6615982958886 ], [ 128.205773580286007, -3.6616238258428 ], [ 128.205824290359004, -3.66167061577015 ], [ 128.205900370306011, -3.66172167567863 ], [ 128.206027260149995, -3.66171753609926 ], [ 128.206145690071992, -3.66170914632388 ], [ 128.206217619647987, -3.66167521580248 ], [ 128.206251560061986, -3.66164053614572 ], [ 128.206256061168006, -3.66161424176778 ], [ 128.206260160277992, -3.66159029551969 ], [ 128.20627040985201, -3.66153039617489 ], [ 128.206281250279005, -3.66146706591643 ], [ 128.206306690302, -3.66139485575216 ], [ 128.206374400258994, -3.66134392624543 ], [ 128.206442069746004, -3.6613439856007 ], [ 128.206458059692011, -3.66134315552646 ], [ 128.206530279748989, -3.66133943593043 ], [ 128.206569009952005, -3.66127610567206 ], [ 128.206674760331993, -3.66125920561214 ], [ 128.206759359556997, -3.6612465359632 ], [ 128.206911649852998, -3.66121692578485 ], [ 128.207038590059, -3.66115330594479 ], [ 128.207224819869992, -3.66099200624071 ], [ 128.207436409662989, -3.66086046600242 ], [ 128.207601470332008, -3.66073313639005 ], [ 128.20783416001899, -3.66064411609805 ], [ 128.207927259634999, -3.66059320637642 ], [ 128.208104970167994, -3.66050838591838 ], [ 128.208295399813011, -3.66038107609105 ], [ 128.208384330173004, -3.66025368622406 ], [ 128.208498660085013, -3.66010506606151 ], [ 128.208600320348012, -3.65992669632571 ], [ 128.208769630314009, -3.65977387632926 ], [ 128.209053180260014, -3.6595701663962 ], [ 128.209079969264991, -3.65955067359085 ], [ 128.209088900431993, -3.65954417598912 ], [ 128.209097220061011, -3.65953812085376 ], [ 128.209116999749995, -3.65952372630508 ], [ 128.209144049558006, -3.65948544576292 ], [ 128.209180179821004, -3.65943430581483 ], [ 128.209277599780989, -3.65926443557173 ], [ 128.209362279944997, -3.65915827600025 ], [ 128.209455500070987, -3.65897139597989 ], [ 128.209527540263991, -3.65880149605915 ], [ 128.209637770167006, -3.65849990571336 ], [ 128.209654770051998, -3.65841494586038 ], [ 128.209650590003008, -3.65835545570715 ], [ 128.209663370268004, -3.65825348607708 ], [ 128.209693090163995, -3.65811328626685 ], [ 128.209693170203991, -3.65802830572953 ], [ 128.209735530070986, -3.65795185616113 ], [ 128.209807490223994, -3.65788818595898 ], [ 128.209862499954994, -3.65784999624828 ], [ 128.209909070446997, -3.65779479586114 ], [ 128.209985270004012, -3.65772262616635 ], [ 128.210095259788005, -3.65768873611444 ], [ 128.210200979592003, -3.65771007612723 ], [ 128.210285559931009, -3.65771014627435 ], [ 128.210395520036997, -3.65771874559171 ], [ 128.210505490036013, -3.65771458622729 ], [ 128.210611229624988, -3.65770618566004 ], [ 128.210725459711995, -3.65766379611549 ], [ 128.210869299977986, -3.65761718605256 ], [ 128.210869510419997, -3.65761703586571 ], [ 128.210996269861994, -3.65752381573982 ], [ 128.211102079596998, -3.65743467583801 ], [ 128.211254399571004, -3.65736682558703 ], [ 128.211343249891002, -3.65732865566141 ], [ 128.21141941977001, -3.65728198624323 ], [ 128.211537919839003, -3.65719285623399 ], [ 128.211660629633997, -3.65712498619789 ], [ 128.21173491003799, -3.65712271630903 ], [ 128.211795980299996, -3.65712085561174 ], [ 128.21192283956799, -3.65714645571308 ], [ 128.212092039816014, -3.65710836582718 ], [ 128.212231659563997, -3.65706174587169 ], [ 128.212654779794008, -3.65684966594835 ], [ 128.213192239829993, -3.6564719659779 ], [ 128.213888539924, -3.65591829566286 ], [ 128.213907510223009, -3.65590321583077 ], [ 128.214013280388997, -3.65586506569031 ], [ 128.214101869904994, -3.65580463574553 ], [ 128.214169560077011, -3.65572125600143 ], [ 128.214263040106999, -3.65560608612237 ], [ 128.214356110046992, -3.65557642558202 ], [ 128.214411090099986, -3.65557647594401 ], [ 128.214406919943997, -3.65550848629806 ], [ 128.21443659037601, -3.65543627613377 ], [ 128.214494762123991, -3.65541013913718 ], [ 128.214559290278999, -3.65538114589374 ], [ 128.214622709569994, -3.65540669563305 ], [ 128.214665010082001, -3.65539823571061 ], [ 128.214800390426007, -3.6553473655591 ], [ 128.214792009643986, -3.65526237602856 ], [ 128.214775130268009, -3.6552113655829 ], [ 128.214830149892009, -3.6551731758722 ], [ 128.214876709592005, -3.65512647587703 ], [ 128.214957080205011, -3.65511379633557 ], [ 128.215037440026009, -3.65511811577934 ], [ 128.21507132018499, -3.65505866609552 ], [ 128.215139079604995, -3.65496099612413 ], [ 128.215211019972998, -3.65491431591406 ], [ 128.215287179959006, -3.65488463558858 ], [ 128.215236469887003, -3.6548336062571 ], [ 128.215240759653, -3.65476561571188 ], [ 128.215329590188986, -3.65474445556348 ], [ 128.215422609765994, -3.65477852637916 ], [ 128.21559608988801, -3.65469369602858 ], [ 128.215680760158989, -3.6545917956463 ], [ 128.215765409746012, -3.6545281263435 ], [ 128.216048890444, -3.65439240605634 ], [ 128.216141849767013, -3.65449871581463 ], [ 128.216179939652989, -3.65446900581155 ], [ 128.216201119586003, -3.65442653622731 ], [ 128.216129340197, -3.65429049578154 ], [ 128.216142079993006, -3.65422677611667 ], [ 128.216175999722992, -3.65413332576432 ], [ 128.216252149816995, -3.65410789563482 ], [ 128.216302889567004, -3.65412493598894 ], [ 128.216328190193991, -3.65421418560803 ], [ 128.216353450351988, -3.65434168609163 ], [ 128.216422830348989, -3.65433842604928 ], [ 128.216435893002, -3.65433781271161 ], [ 128.216531099730986, -3.65433334577903 ], [ 128.216877960149986, -3.65426565560731 ], [ 128.216869590159007, -3.65416367608472 ], [ 128.216996470111013, -3.65416803599796 ], [ 128.216992090412987, -3.65434224636931 ], [ 128.217233199552993, -3.65430846603462 ], [ 128.217427790360006, -3.65425764624521 ], [ 128.21768575998999, -3.65429185555649 ], [ 128.217956460421988, -3.65427085638668 ], [ 128.218040139641005, -3.65427715613766 ], [ 128.218056480321991, -3.65427838641019 ], [ 128.218110070024011, -3.65449886060548 ], [ 128.218212963257997, -3.65449886060548 ], [ 128.218342554665014, -3.65451806023181 ], [ 128.218611337742999, -3.65454685832234 ], [ 128.218798527129991, -3.65457565641291 ], [ 128.219067310208004, -3.65463805317503 ], [ 128.219177702888999, -3.65472924712836 ], [ 128.219183703164987, -3.65480124235466 ], [ 128.219274897118993, -3.65492123529791 ], [ 128.219428486934987, -3.65499322962486 ], [ 128.219855661309992, -3.65505082670527 ], [ 128.220100445079993, -3.65505562638702 ], [ 128.220138843433006, -3.65505082670527 ], [ 128.22016793110501, -3.65502406557914 ], [ 128.220169048962987, -3.65505926954063 ], [ 128.220556416644996, -3.65504602702346 ], [ 128.221233175370998, -3.65505562638702 ], [ 128.221621949592986, -3.65513722097683 ], [ 128.221813937762988, -3.65523801519298 ], [ 128.22220751436501, -3.65537240718147 ], [ 128.222764279247997, -3.65546840081658 ], [ 128.223028261744986, -3.65543960182671 ], [ 128.223282646677006, -3.65541560431729 ], [ 128.223378641211013, -3.65540120527199 ], [ 128.223474634847008, -3.65534840787336 ], [ 128.223637824026014, -3.65527641264705 ], [ 128.223748216707008, -3.65520441742075 ], [ 128.223824454034997, -3.65515562560248 ], [ 128.223820655298994, -3.65516496775986 ], [ 128.223817016641988, -3.65517778219973 ], [ 128.223943025150987, -3.65512589581435 ], [ 128.223947620686005, -3.65513042300148 ], [ 128.223963752725012, -3.65514795798274 ], [ 128.223991807976006, -3.65517671470448 ], [ 128.223998456663992, -3.65518058538654 ], [ 128.22401341688601, -3.65518929262258 ], [ 128.224038800250014, -3.65520406758444 ], [ 128.224053953826996, -3.65519740091016 ], [ 128.224075992612995, -3.65520180758816 ], [ 128.224095943173012, -3.65518185792727 ], [ 128.224125869013989, -3.65515691972693 ], [ 128.224140222193995, -3.65513846563859 ], [ 128.224325372817987, -3.65526664690895 ], [ 128.224351125803992, -3.65530241474532 ], [ 128.224359320426004, -3.65528602639971 ], [ 128.224359320426004, -3.65522997615325 ], [ 128.224398603713013, -3.65517105706943 ], [ 128.224397059577001, -3.6551685578535 ], [ 128.224381471627993, -3.65512491015739 ], [ 128.224456297020993, -3.65502514206763 ], [ 128.224496827666997, -3.6549557728617 ], [ 128.224515533565011, -3.65488406541841 ], [ 128.224549830110988, -3.65483729887345 ], [ 128.224581006908011, -3.6547842973287 ], [ 128.224640244352003, -3.65475000168252 ], [ 128.224780563771986, -3.65471118964108 ], [ 128.224767148584988, -3.65469420324621 ], [ 128.224833952024994, -3.65465461598913 ], [ 128.224883969620009, -3.65465461598913 ], [ 128.224987639868004, -3.65460005591926 ], [ 128.225032079866992, -3.65457666635149 ], [ 128.225172400186011, -3.65438177606981 ], [ 128.225195742989001, -3.65427285737827 ], [ 128.225203362045988, -3.65426904785008 ], [ 128.225359172287995, -3.65410077300427 ], [ 128.22538953969601, -3.65407592653483 ], [ 128.225496283826004, -3.65398858977374 ], [ 128.225546144038987, -3.65392626585668 ], [ 128.225521213933007, -3.65385770963778 ], [ 128.225483820122008, -3.65372683040128 ], [ 128.225365403690006, -3.65366450558489 ], [ 128.225411639635013, -3.65353840804373 ], [ 128.225523199636001, -3.65348528598981 ], [ 128.225589340276002, -3.65351835586005 ], [ 128.225687030031992, -3.65356719624166 ], [ 128.225757070133, -3.65360221584211 ], [ 128.225945030238989, -3.65344432636726 ], [ 128.225936150333013, -3.65343364601865 ], [ 128.225992259934998, -3.65325910559608 ], [ 128.225996859967012, -3.65325891583918 ], [ 128.226022120125009, -3.65315786621551 ], [ 128.226100069761998, -3.65304093636321 ], [ 128.226255989722006, -3.65304873618336 ], [ 128.226380710401003, -3.6528304563338 ], [ 128.226452749695, -3.65284760640519 ], [ 128.226527159601005, -3.65280626636947 ], [ 128.226567809856988, -3.65278368619155 ], [ 128.226949789700996, -3.65265895561986 ], [ 128.227025704173002, -3.65257219802216 ], [ 128.227058929625997, -3.65253422594739 ], [ 128.227292790229995, -3.65234713638511 ], [ 128.22772155010901, -3.65213665635565 ], [ 128.228015269589008, -3.65194083617495 ], [ 128.228025580316, -3.65193396625384 ], [ 128.228113836185003, -3.65187590242531 ], [ 128.228321809803987, -3.65173907597209 ], [ 128.228797339825007, -3.65136489594811 ], [ 128.228829610198005, -3.65135333606253 ], [ 128.229174048743005, -3.65122994997722 ], [ 128.229319639989995, -3.6511777955939 ], [ 128.229576890161013, -3.6511777955939 ], [ 128.229629239697999, -3.6512208056707 ], [ 128.22963630027499, -3.65121815626798 ], [ 128.229737929961004, -3.65122594619554 ], [ 128.229740920207007, -3.65122836627111 ], [ 128.229810599679013, -3.65128490574879 ], [ 128.229858809635999, -3.65133311570571 ], [ 128.229896740342014, -3.65136292553347 ], [ 128.229966669826013, -3.65135709612799 ], [ 128.230130379712989, -3.65124795620325 ], [ 128.230333059922998, -3.65121677580861 ], [ 128.230513320033992, -3.65114467626091 ], [ 128.230566930419997, -3.65112322563149 ], [ 128.230769609730004, -3.65102968624628 ], [ 128.230902140121998, -3.65094393588926 ], [ 128.231026869793993, -3.65072565603982 ], [ 128.231065840116997, -3.65062431593514 ], [ 128.23119836960899, -3.65049178554332 ], [ 128.231182779861996, -3.65032028572864 ], [ 128.231229550004002, -3.65016437566163 ], [ 128.23138546007101, -3.65008641613151 ], [ 128.231510189743005, -3.65004744580931 ], [ 128.231658309882988, -3.65006303555694 ], [ 128.231790830383005, -3.64996948627912 ], [ 128.231970130017004, -3.64993050606441 ], [ 128.232118240265009, -3.64974341560277 ], [ 128.232171579954013, -3.64955971558528 ], [ 128.23216967968699, -3.64954410605246 ], [ 128.232188409867007, -3.64944296559734 ], [ 128.232188399975001, -3.64927568630102 ], [ 128.232266360403997, -3.64926009565403 ], [ 128.232391090076987, -3.64913536598164 ], [ 128.232453449967011, -3.64888590573749 ], [ 128.232570389712009, -3.64885472624217 ], [ 128.232656140068997, -3.64873778559805 ], [ 128.232655212867996, -3.64871926136262 ], [ 128.232743553272996, -3.64866404928426 ], [ 128.23291829604301, -3.64837966206983 ], [ 128.232969691398011, -3.64824603360583 ], [ 128.232932001710992, -3.64808499560448 ], [ 128.232915946113991, -3.64798835265885 ], [ 128.232887459188987, -3.6478168852198 ], [ 128.232935428128002, -3.64721727393736 ], [ 128.232976544232002, -3.6467949765867 ], [ 128.233073147607996, -3.64631507226307 ], [ 128.233079241414003, -3.64631677198172 ], [ 128.233067007036993, -3.64620207514609 ], [ 128.233084890056006, -3.64616525600223 ], [ 128.233108279623991, -3.64595477597281 ], [ 128.233209619728001, -3.64585343586821 ], [ 128.233240800123014, -3.64564295583878 ], [ 128.233287580157992, -3.64547924595169 ], [ 128.233381120442004, -3.64558838587637 ], [ 128.233482839162008, -3.64531315286107 ], [ 128.233513649934991, -3.64522978570752 ], [ 128.233583809645012, -3.6452921563893 ], [ 128.233638519902001, -3.64517776622246 ], [ 128.233638740235989, -3.64517730576955 ], [ 128.233669560001999, -3.64511285585518 ], [ 128.233731929784994, -3.64491016575338 ], [ 128.233895629779994, -3.64464512565414 ], [ 128.233971909980482, -3.644579366306007 ], [ 128.233898145551137, -3.644443363139437 ], [ 128.234031830126355, -3.644375210218746 ], [ 128.234102183566449, -3.644467060543325 ], [ 128.234121699556994, -3.64445023627166 ], [ 128.234145260894991, -3.64438741413023 ], [ 128.234217751914116, -3.644332556528742 ], [ 128.234006272781073, -3.643809016723779 ], [ 128.234231701672599, -3.643725136206006 ], [ 128.234458729382141, -3.644201894396037 ], [ 128.234483152375986, -3.64419022967791 ], [ 128.234573849903001, -3.64419297620745 ], [ 128.234612561221013, -3.64415570020801 ], [ 128.234707398327998, -3.64415570020801 ], [ 128.234847035163, -3.64412079032485 ], [ 128.234921839870992, -3.64407092021948 ], [ 128.235006619860002, -3.64401107573332 ], [ 128.235104022732997, -3.64393315307538 ], [ 128.235143411239989, -3.64390164262966 ], [ 128.235275449701987, -3.64384997567879 ], [ 128.235595059763995, -3.64370185553931 ], [ 128.235816819989992, -3.64365939584756 ], [ 128.235961449861009, -3.64363169582926 ], [ 128.236051073597991, -3.6435839022585 ], [ 128.236133690716997, -3.6435921643301 ], [ 128.236253379689998, -3.64357720320857 ], [ 128.236437900789014, -3.64353730658468 ], [ 128.236465678148988, -3.64353394042229 ], [ 128.236602473125998, -3.64351735872243 ], [ 128.236722162098005, -3.64351735872243 ], [ 128.236856812192002, -3.64351735872243 ], [ 128.236911669937996, -3.64352234636251 ], [ 128.236992553163986, -3.64350886462571 ], [ 128.237066267893994, -3.64353231984391 ], [ 128.237151046983001, -3.64358717669006 ], [ 128.237215879110011, -3.64365200881631 ], [ 128.237245801352998, -3.64372182678394 ], [ 128.237335568081988, -3.64368691780008 ], [ 128.237355292912014, -3.6436405649433 ], [ 128.237387582748482, -3.643564683791624 ], [ 128.23727778457544, -3.643382465546988 ], [ 128.237338671128384, -3.643093254420502 ], [ 128.237589828159258, -3.643141456274916 ], [ 128.237667499903466, -3.643208467191476 ], [ 128.237729543982994, -3.64317325292691 ], [ 128.237894117220009, -3.64308348619768 ], [ 128.237998844170988, -3.64298873182836 ], [ 128.238082312786787, -3.642944389523302 ], [ 128.238158429767992, -3.64290395273916 ], [ 128.238223260994999, -3.64282416039073 ], [ 128.238298066602994, -3.64267953591602 ], [ 128.238332558301011, -3.64262381931807 ], [ 128.238362897830001, -3.64257480806526 ], [ 128.238419894163002, -3.64251897455543 ], [ 128.238583425085011, -3.64235878191676 ], [ 128.238607263414991, -3.64233543012054 ], [ 128.238702016884986, -3.64224067575128 ], [ 128.238831680238007, -3.64211101329741 ], [ 128.238936408088989, -3.64200503808693 ], [ 128.239056097060995, -3.64192025899776 ], [ 128.239245604900987, -3.64179059564462 ], [ 128.2394301251, -3.64165095880999 ], [ 128.239464213003004, -3.64160834893152 ], [ 128.239544939746992, -3.64161181581798 ], [ 128.23956958027199, -3.64159304606762 ], [ 128.239578970093987, -3.64157192638867 ], [ 128.23957007040201, -3.64155178607145 ], [ 128.239556669605008, -3.64152146632803 ], [ 128.239577790183006, -3.64149799582134 ], [ 128.239602429808002, -3.64149212594628 ], [ 128.239637149934993, -3.64149485628805 ], [ 128.239660710372988, -3.64149213583886 ], [ 128.239677140087991, -3.64147570612445 ], [ 128.239673149796005, -3.64146430631818 ], [ 128.239668930177004, -3.64145223561769 ], [ 128.239610260205012, -3.64138182589612 ], [ 128.239646629687996, -3.64135718627074 ], [ 128.239673620142014, -3.64137830594969 ], [ 128.239720439746009, -3.64142417587054 ], [ 128.239756570010002, -3.64139350629089 ], [ 128.239763969632008, -3.64138065587814 ], [ 128.239753409792002, -3.6413595361992 ], [ 128.239754589703011, -3.64133489567453 ], [ 128.239762799613999, -3.64131611603159 ], [ 128.239783920191996, -3.64129734628117 ], [ 128.239796540377995, -3.64130390593618 ], [ 128.239795880276006, -3.64130225568026 ], [ 128.239790829682988, -3.64128963009803 ], [ 128.23972670981999, -3.64112932594356 ], [ 128.239662294080006, -3.64088240268683 ], [ 128.239799166398996, -3.6408031616228 ], [ 128.239819114260996, -3.64079318814135 ], [ 128.239983686598009, -3.6411273186567 ], [ 128.240083426809008, -3.64114726831756 ], [ 128.240087876654002, -3.64114358469452 ], [ 128.240202440389993, -3.64104877366794 ], [ 128.240211699810004, -3.64103495558469 ], [ 128.240226300303988, -3.64099531616694 ], [ 128.240186659985994, -3.64091813634897 ], [ 128.240247160078013, -3.64087224574364 ], [ 128.240303480122009, -3.64086181630593 ], [ 128.24034728969599, -3.64090561598747 ], [ 128.240372319626999, -3.64091813634897 ], [ 128.240403619630996, -3.64093065581121 ], [ 128.240428649562006, -3.64094942556154 ], [ 128.240464109831009, -3.64091604632459 ], [ 128.240526690054992, -3.64089310641781 ], [ 128.240574669784991, -3.64087849603189 ], [ 128.240608049922002, -3.64085972628151 ], [ 128.24060595989701, -3.64082426601323 ], [ 128.240614310101989, -3.64079922618957 ], [ 128.240739469651004, -3.64075750574057 ], [ 128.240743940181005, -3.64079293633116 ], [ 128.240777019944005, -3.64082843616957 ], [ 128.240802049874986, -3.6408200958569 ], [ 128.240812480212014, -3.64080131621397 ], [ 128.240850029605014, -3.64078462569612 ], [ 128.240877149560987, -3.64078462569612 ], [ 128.240943909833987, -3.64078671572055 ], [ 128.241000229876988, -3.64080340623839 ], [ 128.241069070280986, -3.64078879585246 ], [ 128.241173370055009, -3.6407491663272 ], [ 128.241200490011011, -3.64073247580939 ], [ 128.24120189475201, -3.64073087861346 ], [ 128.241202029649997, -3.64073072572872 ], [ 128.241228299746012, -3.64068803581054 ], [ 128.241271149743994, -3.64073867573557 ], [ 128.241333479956012, -3.6407269863476 ], [ 128.241360740206005, -3.64066076566814 ], [ 128.241446440201003, -3.64062960595792 ], [ 128.241536039657007, -3.64063349642509 ], [ 128.24156720026599, -3.64066466602784 ], [ 128.241641209974006, -3.64064908617275 ], [ 128.241691849899013, -3.64059844624773 ], [ 128.241691849899013, -3.64051274625275 ], [ 128.241734699896995, -3.64048158564319 ], [ 128.241765859607, -3.64048158564319 ], [ 128.241826199619993, -3.6405097461144 ], [ 128.241855520216006, -3.64048214592089 ], [ 128.241882640172008, -3.6404654563023 ], [ 128.241903499947, -3.64046337617043 ], [ 128.241916960100014, -3.64042667573706 ], [ 128.241953450092012, -3.64040750578841 ], [ 128.241964279727995, -3.6404018157778 ], [ 128.242005719588008, -3.64040086609374 ], [ 128.242052006795006, -3.64035457888739 ], [ 128.242064129656001, -3.64034245602625 ], [ 128.242064129656001, -3.64029591611041 ], [ 128.242064129656001, -3.64029030613946 ], [ 128.24204952016899, -3.64012342614215 ], [ 128.24208081028101, -3.64011716596134 ], [ 128.242118359675004, -3.64013176555547 ], [ 128.242139220349003, -3.6401192460933 ], [ 128.242118359675004, -3.64007335638725 ], [ 128.24208499033, -3.64001703634418 ], [ 128.24207873014899, -3.63993775570994 ], [ 128.242091239719002, -3.63990855562251 ], [ 128.242101099886014, -3.63987570608616 ], [ 128.242118359675004, -3.63983345593645 ], [ 128.242168430329002, -3.63980216582459 ], [ 128.242212239903012, -3.63979382641126 ], [ 128.242247700170992, -3.63977921602533 ], [ 128.242264389789995, -3.63974792591338 ], [ 128.242308200263011, -3.63972498600668 ], [ 128.242354089969012, -3.63973123629487 ], [ 128.242402069700006, -3.63974166573261 ], [ 128.242431269787005, -3.63973541634369 ], [ 128.242468820080006, -3.63971037562074 ], [ 128.242554350103006, -3.63973123629487 ], [ 128.242692030012989, -3.63974166573261 ], [ 128.24276087041801, -3.63973123629487 ], [ 128.242819279586001, -3.63976670555632 ], [ 128.242856829879003, -3.63979173638682 ], [ 128.242977820170012, -3.63980216582459 ], [ 128.24298328984699, -3.63980337631206 ], [ 128.243180139752013, -3.6397573058423 ], [ 128.243319860223011, -3.63971073624885 ], [ 128.243328410077993, -3.6397078862973 ], [ 128.243437389923997, -3.63967155638462 ], [ 128.243458104007999, -3.63958354782993 ], [ 128.243468580210987, -3.63953903588533 ], [ 128.243593309883011, -3.63933634578349 ], [ 128.243647869953008, -3.6390089359018 ], [ 128.243640080026012, -3.63877506630469 ], [ 128.24375700987801, -3.63861135641751 ], [ 128.243928418861003, -3.63846072896818 ], [ 128.244014269942994, -3.63838528574117 ], [ 128.244209150332011, -3.63838528574117 ], [ 128.244450819749005, -3.6384320657759 ], [ 128.244606729817008, -3.6385334058806 ], [ 128.244884284118001, -3.63834207749726 ], [ 128.244568860264991, -3.63799728583528 ], [ 128.244568010405004, -3.63799768603354 ], [ 128.244294909681997, -3.63812803556945 ], [ 128.244084429652986, -3.63790196579237 ], [ 128.244076629832989, -3.63776164637231 ], [ 128.244037649618008, -3.63759014565837 ], [ 128.243944100340002, -3.63745761616586 ], [ 128.243827169588002, -3.63737186580882 ], [ 128.243819379661005, -3.63728611635114 ], [ 128.243819379661005, -3.63711461563709 ], [ 128.243951900159999, -3.63696649639701 ], [ 128.243974539692999, -3.63694908642151 ], [ 128.243941469823, -3.63693730620207 ], [ 128.243940379844986, -3.63693462622237 ], [ 128.243897279836006, -3.63682913574643 ], [ 128.243882129857013, -3.6367197458102 ], [ 128.243921690133988, -3.63660765610909 ], [ 128.243915099902011, -3.6365549162671 ], [ 128.24391169956499, -3.6365527956657 ], [ 128.243862350167007, -3.63652195611418 ], [ 128.243862760257997, -3.63652087602837 ], [ 128.243858779859011, -3.63651838580564 ], [ 128.243891740012003, -3.63643267591817 ], [ 128.243885149779999, -3.63633377567418 ], [ 128.243806030124006, -3.63625466591116 ], [ 128.243654399930989, -3.63619532594467 ], [ 128.243548910354008, -3.63620191617661 ], [ 128.243430230421012, -3.63616235589914 ], [ 128.243291779792003, -3.63605687621514 ], [ 128.243212009925998, -3.63587834640005 ], [ 128.24319251981899, -3.63583470589853 ], [ 128.243238520142, -3.63577630572348 ], [ 128.243291369701012, -3.63575961610495 ], [ 128.243302489818007, -3.63572067635978 ], [ 128.243277459886997, -3.63567895591074 ], [ 128.243249650151, -3.63564279596998 ], [ 128.243244079750013, -3.63560942572615 ], [ 128.243277459886997, -3.63556491558014 ], [ 128.243280239690989, -3.63548703608975 ], [ 128.243257989564995, -3.63542584621775 ], [ 128.243216270015012, -3.63540081628664 ], [ 128.243171769761005, -3.63542028570957 ], [ 128.243102229684013, -3.63552041622609 ], [ 128.243138389624988, -3.63560664592173 ], [ 128.243124479811001, -3.63566783579369 ], [ 128.243066069743008, -3.63571511585156 ], [ 128.243016009880989, -3.63571233604714 ], [ 128.24297579040001, -3.63562115558363 ], [ 128.242706549567998, -3.63559823636126 ], [ 128.241721350359995, -3.63534562579203 ], [ 128.241714459755002, -3.63534096640449 ], [ 128.241636619833997, -3.63532942630403 ], [ 128.241488509586986, -3.63528265616178 ], [ 128.241441729552008, -3.63508776588004 ], [ 128.241414720212987, -3.63483119559575 ], [ 128.241414290336991, -3.63482711627102 ], [ 128.241410550056997, -3.63479153639288 ], [ 128.24132479970001, -3.63470578603592 ], [ 128.24109093010199, -3.63469019628828 ], [ 128.240939370055997, -3.6348073158975 ], [ 128.240919430287988, -3.63482271588822 ], [ 128.240812789578996, -3.6348661657335 ], [ 128.240754150183989, -3.63489005622361 ], [ 128.240708950258011, -3.63490846624521 ], [ 128.240655099753013, -3.63495403579258 ], [ 128.240607610153006, -3.63499422559544 ], [ 128.240531909720005, -3.6349401556561 ], [ 128.240532389957991, -3.63493949555371 ], [ 128.240531020290007, -3.63493930579683 ], [ 128.240508819626001, -3.63485633614354 ], [ 128.240509409581989, -3.63485606634693 ], [ 128.24052964972401, -3.63474476625058 ], [ 128.240664500366989, -3.63452001577904 ], [ 128.240661129707007, -3.63451821623563 ], [ 128.240666879972991, -3.63451605606404 ], [ 128.240669970043001, -3.63451089575417 ], [ 128.240878139714994, -3.63443379597588 ], [ 128.240985220191988, -3.63425021556818 ], [ 128.241001300069996, -3.63414483570891 ], [ 128.241011769977007, -3.63407621563823 ], [ 128.241012979564999, -3.63406654612762 ], [ 128.241011010049988, -3.63406183637804 ], [ 128.240967650137009, -3.63397511565256 ], [ 128.240599810333009, -3.63409773641479 ], [ 128.240475079761012, -3.63425364558243 ], [ 128.240319169694004, -3.63441734557709 ], [ 128.239998770027, -3.63437503607215 ], [ 128.239994759950008, -3.63437450637145 ], [ 128.239906010353991, -3.63436278640659 ], [ 128.239812460177006, -3.63419127579998 ], [ 128.239859230319013, -3.63413670583768 ], [ 128.239968370243986, -3.63413670583768 ], [ 128.240032160055989, -3.6341111956685 ], [ 128.240036850020999, -3.63410931608542 ], [ 128.240046329774003, -3.63410552634231 ], [ 128.240155459806999, -3.63392622580824 ], [ 128.240156240418003, -3.63391616599182 ], [ 128.240156750333995, -3.63390956586732 ], [ 128.240163259626996, -3.63382488570353 ], [ 128.240030730134009, -3.63371574577883 ], [ 128.240124280310994, -3.63363779614123 ], [ 128.240202239842006, -3.63347408625418 ], [ 128.240420509799009, -3.6333883358971 ], [ 128.240490670408008, -3.63327140604481 ], [ 128.240592020406012, -3.63320124633478 ], [ 128.240708950258011, -3.63318565568781 ], [ 128.240841469857997, -3.63313108572542 ], [ 128.240841469857997, -3.63301414598062 ], [ 128.240779109968003, -3.63285823591354 ], [ 128.240787870264001, -3.63279104576492 ], [ 128.240806649907, -3.6326470661041 ], [ 128.240786899895994, -3.63260098574189 ], [ 128.240669970043001, -3.6325542155996 ], [ 128.240724540005004, -3.63242168610706 ], [ 128.240718038806989, -3.63234371668443 ], [ 128.240716740185007, -3.63232813592995 ], [ 128.240669970043001, -3.63220340625761 ], [ 128.240638789649012, -3.63204749619058 ], [ 128.240467289833987, -3.6317824461988 ], [ 128.240436100446004, -3.631642135772 ], [ 128.240249009984012, -3.63136148613995 ], [ 128.24015534963425, -3.631205386993138 ], [ 128.240092570216007, -3.63110075559203 ], [ 128.239984899782996, -3.63105290626326 ], [ 128.239838429900004, -3.63090643637971 ], [ 128.239723129618994, -3.63075685574121 ], [ 128.239725289789988, -3.63075361638326 ], [ 128.239693085068012, -3.63071336092987 ], [ 128.239594180327003, -3.63058973562489 ], [ 128.239505624984986, -3.63048789639654 ], [ 128.239438270259996, -3.63041043599014 ], [ 128.239348509825987, -3.63027278575792 ], [ 128.239281540011007, -3.63028403627668 ], [ 128.239246079742998, -3.63027568607157 ], [ 128.239139139559995, -3.6302886659866 ], [ 128.239018939771995, -3.63029312572462 ], [ 128.238964539781989, -3.63025889572894 ], [ 128.238916939565001, -3.63023379565066 ], [ 128.238867080251993, -3.63019501598473 ], [ 128.238867299686007, -3.63019439635184 ], [ 128.238863509943002, -3.63019144567625 ], [ 128.238866340110008, -3.63018341562971 ], [ 128.238877149961013, -3.63015272626486 ], [ 128.238898300215993, -3.63011566610274 ], [ 128.238877440441996, -3.63009062627901 ], [ 128.238815969981005, -3.63008432562877 ], [ 128.238770590190995, -3.6301207355811 ], [ 128.23873202995901, -3.63012070590345 ], [ 128.238698040082994, -3.63009333593635 ], [ 128.238668839995, -3.63005933616711 ], [ 128.238643800170991, -3.63007602578565 ], [ 128.238604169746992, -3.6300676863723 ], [ 128.23857704979099, -3.63004264564927 ], [ 128.238545759678999, -3.63006350632344 ], [ 128.238508210286, -3.63005725603523 ], [ 128.238494009991001, -3.62999746640769 ], [ 128.238512199678013, -3.62994051593987 ], [ 128.23845227964901, -3.62991369635786 ], [ 128.238450999913994, -3.6299131261877 ], [ 128.238429819980013, -3.62988541627678 ], [ 128.238391120354009, -3.62985512621102 ], [ 128.238367010777012, -3.62985255736815 ], [ 128.238348040130006, -3.62985053607128 ], [ 128.238304950013003, -3.62984821582045 ], [ 128.238266389782012, -3.6298504659242 ], [ 128.238241439890999, -3.62986183605279 ], [ 128.238237240057003, -3.62987024561326 ], [ 128.238232919713994, -3.62986819605829 ], [ 128.238159800335012, -3.62983356586427 ], [ 128.23808963972499, -3.62983356586427 ], [ 128.23803779830601, -3.62984154105217 ], [ 128.237988299620014, -3.62984915561195 ], [ 128.237879159696007, -3.62991151640122 ], [ 128.237824589733009, -3.62999726585887 ], [ 128.237653089918012, -3.63007522628836 ], [ 128.237466000355994, -3.63008301621587 ], [ 128.237317880216011, -3.63009861585613 ], [ 128.237161970149003, -3.63004404589374 ], [ 128.236990470334007, -3.63009861585613 ], [ 128.236951570158993, -3.63020363598652 ], [ 128.236949960371987, -3.63020798600728 ], [ 128.236925800085999, -3.63021160577852 ], [ 128.236903729823013, -3.63021221641821 ], [ 128.236881330409005, -3.63025452592314 ], [ 128.236826760447002, -3.6303012960654 ], [ 128.236789899933996, -3.63030590599023 ], [ 128.236788050028991, -3.6303061362166 ], [ 128.236764399657005, -3.63030909588545 ], [ 128.236631870165013, -3.6302389262829 ], [ 128.236592889950003, -3.6303012960654 ], [ 128.23640580038699, -3.63032468563318 ], [ 128.236226499852989, -3.63037145577542 ], [ 128.236109570000991, -3.63033247556072 ], [ 128.23600043007599, -3.63033247556072 ], [ 128.235934970223013, -3.63033699555332 ], [ 128.235934480091998, -3.63033702613023 ], [ 128.23577436029899, -3.63034806620764 ], [ 128.235753989755011, -3.63033788588214 ], [ 128.235665220373988, -3.63029349624532 ], [ 128.235602859583992, -3.63017656639299 ], [ 128.235478129911996, -3.63004404589374 ], [ 128.235376789806992, -3.62990372557432 ], [ 128.235446950417014, -3.6297634061543 ], [ 128.235532699874, -3.62954512630479 ], [ 128.235641839799001, -3.62937362559077 ], [ 128.235462540164008, -3.62926448566604 ], [ 128.235345600419009, -3.62928007631298 ], [ 128.235313859747009, -3.62925393571912 ], [ 128.235213079919987, -3.62917093638823 ], [ 128.235174779592995, -3.62914482637131 ], [ 128.235041580104991, -3.6290540056366 ], [ 128.234945299586002, -3.62906642617339 ], [ 128.234799919680995, -3.62908518603124 ], [ 128.234745349717997, -3.62903061606885 ], [ 128.234609269701991, -3.62892719583231 ], [ 128.234609490036007, -3.62892663555469 ], [ 128.234548530389986, -3.62888396632098 ], [ 128.234439459713002, -3.62875619604068 ], [ 128.234439510074992, -3.62875603596137 ], [ 128.234400044226987, -3.6287472001223 ], [ 128.234335839826997, -3.628732826258 ], [ 128.234335630284988, -3.62873236580513 ], [ 128.234222467594009, -3.62871350458093 ], [ 128.234160679772003, -3.62870320618714 ], [ 128.234150750357003, -3.62850456573248 ], [ 128.234144900267012, -3.62850147566194 ], [ 128.234078139994011, -3.62845975611227 ], [ 128.234014170318005, -3.62845419560406 ], [ 128.233968709587998, -3.62843385563738 ], [ 128.233968769842988, -3.6284319059072 ], [ 128.233968959599991, -3.62843136631394 ], [ 128.233968580086014, -3.62843147603121 ], [ 128.233903770442993, -3.6284090361475 ], [ 128.233868859659992, -3.62840654592484 ], [ 128.233823989785009, -3.62841153626283 ], [ 128.233785350413996, -3.6284090361475 ], [ 128.233784319790999, -3.62840811614112 ], [ 128.23376618136399, -3.62840603510988 ], [ 128.233711550247989, -3.62839976593588 ], [ 128.233657150256988, -3.62836098626998 ], [ 128.233609559933001, -3.62833132572965 ], [ 128.233582340152992, -3.62833814618798 ], [ 128.233563050594, -3.62836025422186 ], [ 128.233536220220003, -3.62839100563985 ], [ 128.233464289745001, -3.62848386603696 ], [ 128.233418919846997, -3.62849293569979 ], [ 128.233362249967996, -3.62847010640972 ], [ 128.233337239821992, -3.62844021564288 ], [ 128.233326000094991, -3.62842678606675 ], [ 128.233257969979007, -3.62842444603083 ], [ 128.233239850438991, -3.62838569604254 ], [ 128.233229810407011, -3.62835406598688 ], [ 128.233183220130002, -3.6283172963058 ], [ 128.233122009573009, -3.62828762587282 ], [ 128.233043450194998, -3.62825670628158 ], [ 128.232902100151989, -3.62821224559837 ], [ 128.232806159576995, -3.62820089615417 ], [ 128.23279934991001, -3.62820211563482 ], [ 128.23272954992899, -3.62818965642718 ], [ 128.232612370064999, -3.62816970586692 ], [ 128.232569990412998, -3.62816472632081 ], [ 128.232545060305995, -3.62816222620549 ], [ 128.232542570084007, -3.62815942571666 ], [ 128.232538751562004, -3.62815880878173 ], [ 128.232500739916986, -3.62815266641216 ], [ 128.232442579860987, -3.62815397582508 ], [ 128.232403220132994, -3.62815485626134 ], [ 128.232323829780995, -3.6281752960528 ], [ 128.232313154828006, -3.62818293759219 ], [ 128.232306900043994, -3.628187416216 ], [ 128.232303239803002, -3.62819214575062 ], [ 128.232301729840998, -3.62819112591943 ], [ 128.232244409752013, -3.62823219615857 ], [ 128.232217129716986, -3.62831191566197 ], [ 128.232207669747993, -3.62835746632353 ], [ 128.232219309673013, -3.62841672625038 ], [ 128.232207929651992, -3.62846684636729 ], [ 128.232182979761006, -3.62846910636356 ], [ 128.232133079978013, -3.62847361556431 ], [ 128.232110419760005, -3.6284508159518 ], [ 128.232101389667008, -3.62841206596356 ], [ 128.232110489907001, -3.62837106587146 ], [ 128.232099180033003, -3.62833687634531 ], [ 128.232065180263987, -3.6283208962919 ], [ 128.232008479807007, -3.62831857604102 ], [ 128.231917769689005, -3.62832533624479 ], [ 128.231876929676986, -3.62834808639459 ], [ 128.231858730096008, -3.62840958563328 ], [ 128.231854139956994, -3.62847337634465 ], [ 128.23188812983301, -3.62850758565593 ], [ 128.231910770266012, -3.62855317588761 ], [ 128.231913009577994, -3.62859190609084 ], [ 128.231833600340991, -3.62863057603948 ], [ 128.231774629994987, -3.62863963580976 ], [ 128.231738960184998, -3.62858769636436 ], [ 128.231705349821993, -3.62855828583554 ], [ 128.231633270059007, -3.62855432612058 ], [ 128.231620290144008, -3.62856094603011 ], [ 128.23162039986201, -3.62855549613856 ], [ 128.231486009672011, -3.62862400559265 ], [ 128.231488900093012, -3.62862792573738 ], [ 128.231488669865996, -3.62862804264932 ], [ 128.231479819637997, -3.62863255634661 ], [ 128.231457080279995, -3.62869632637352 ], [ 128.231402629927004, -3.62874838632802 ], [ 128.231300920200994, -3.62879728606496 ], [ 128.231288159721004, -3.62880341584406 ], [ 128.23125061032701, -3.62882146613676 ], [ 128.231234689628991, -3.62887385614247 ], [ 128.231264119943006, -3.62893540574328 ], [ 128.231322430185998, -3.62895145594383 ], [ 128.231325299922986, -3.62899013578497 ], [ 128.231291249791013, -3.62902884620308 ], [ 128.231262260145002, -3.62904996588199 ], [ 128.231236749976006, -3.62911310638347 ], [ 128.231227629951007, -3.6291723357334 ], [ 128.231164090150997, -3.62922240638751 ], [ 128.231102810345988, -3.62927703570517 ], [ 128.231059730122013, -3.62927472624616 ], [ 128.23100744983401, -3.62928583557136 ], [ 128.230943470265004, -3.62933868602999 ], [ 128.23092577970101, -3.62944776570014 ], [ 128.230932530012012, -3.62951157619659 ], [ 128.23093475043899, -3.62956625587619 ], [ 128.230887099860013, -3.62960267572104 ], [ 128.230832670192001, -3.62960034557765 ], [ 128.230798840393987, -3.62957510610448 ], [ 128.230723829741009, -3.62957519603666 ], [ 128.23071700028899, -3.62961391634739 ], [ 128.230782729938994, -3.62966182593061 ], [ 128.230872049704999, -3.62971759558863 ], [ 128.23089378002399, -3.62974166594314 ], [ 128.230862009674013, -3.62976442598545 ], [ 128.230837030104993, -3.62980313640355 ], [ 128.230846119553007, -3.62984212561152 ], [ 128.230885070090011, -3.62986715644201 ], [ 128.230923999943002, -3.62985602643241 ], [ 128.230974069697993, -3.62981708578785 ], [ 128.231018569951004, -3.62982265618858 ], [ 128.231057509696001, -3.6298393458071 ], [ 128.231065859902003, -3.62987828555229 ], [ 128.231140959588004, -3.62990887599168 ], [ 128.231171550027, -3.62993669561987 ], [ 128.231264869977991, -3.62994803607081 ], [ 128.231369839746009, -3.62996080644381 ], [ 128.231390230074993, -3.62998132627496 ], [ 128.231331249837012, -3.63000861620246 ], [ 128.231256210406002, -3.63003736572955 ], [ 128.231268530219012, -3.63004404589374 ], [ 128.231494599996012, -3.63037145577542 ], [ 128.231232929655988, -3.63060584608002 ], [ 128.231143799646986, -3.63067548598195 ], [ 128.230956139914014, -3.63064420576253 ], [ 128.230951209831005, -3.63064338558081 ], [ 128.230863159906988, -3.63062870594708 ], [ 128.230637090129989, -3.63061311619945 ], [ 128.230547559922002, -3.63067510556867 ], [ 128.230503490443994, -3.63066476606313 ], [ 128.230396579938002, -3.63065336625687 ], [ 128.23036408023799, -3.63064623643174 ], [ 128.230365490374993, -3.63064933639484 ], [ 128.230335450321007, -3.63064274616286 ], [ 128.230256460167993, -3.63063204602918 ], [ 128.230186929983006, -3.63064873564772 ], [ 128.23012433986699, -3.63073019623856 ], [ 128.230101769581012, -3.63079802580513 ], [ 128.230118569816, -3.63089981557082 ], [ 128.230095989637988, -3.63097895591078 ], [ 128.230034039839012, -3.63103261575927 ], [ 128.230000229826999, -3.63108629629211 ], [ 128.229974879737, -3.63111737596273 ], [ 128.229932679949002, -3.63110602561914 ], [ 128.229896100025002, -3.63110316577504 ], [ 128.229817000153986, -3.63109932566996 ], [ 128.229733560156006, -3.63110767587508 ], [ 128.229656900146011, -3.63114254618808 ], [ 128.229583699827998, -3.63119336597754 ], [ 128.22951612027299, -3.63124136639238 ], [ 128.229507629772996, -3.63130638557762 ], [ 128.229507570418008, -3.63137422593606 ], [ 128.229479390161998, -3.63142226592104 ], [ 128.229431539934012, -3.63143635559958 ], [ 128.22938090990101, -3.63141652644777 ], [ 128.229335889839007, -3.63141931614476 ], [ 128.229259919610001, -3.63141076629004 ], [ 128.229186749869001, -3.6314248361835 ], [ 128.229158590297004, -3.63145591585404 ], [ 128.229133240207005, -3.63148981579851 ], [ 128.229085360301013, -3.63153783599843 ], [ 128.229040330347004, -3.6315519256769 ], [ 128.229020590228004, -3.63160562599487 ], [ 128.229017719592008, -3.63167064607938 ], [ 128.228967059881995, -3.63168473575793 ], [ 128.228907960034007, -3.63169033583627 ], [ 128.228843500226986, -3.63171123608065 ], [ 128.228761619653, -3.63171848641493 ], [ 128.228727879788011, -3.63168453610839 ], [ 128.228682179839012, -3.63170011596354 ], [ 128.228677159823008, -3.63170376631172 ], [ 128.228651580405995, -3.63172236609026 ], [ 128.228553319579987, -3.63181724636465 ], [ 128.228499839595997, -3.63183133604311 ], [ 128.228446359612008, -3.63185108605451 ], [ 128.228395670223989, -3.63189909636196 ], [ 128.228350630377008, -3.63192167564057 ], [ 128.228283110178012, -3.63191030641119 ], [ 128.228245489737986, -3.63195044585204 ], [ 128.228181520061014, -3.63197269597879 ], [ 128.228128669602995, -3.63196156596914 ], [ 128.228084539869997, -3.63188946642144 ], [ 128.228064549739003, -3.63192277641066 ], [ 128.228033370243992, -3.63198513630063 ], [ 128.227885259997009, -3.63196174583356 ], [ 128.227760530323991, -3.63183701616118 ], [ 128.227635799751994, -3.63185261580134 ], [ 128.227526659827987, -3.63180583576653 ], [ 128.227521200042986, -3.63180455603129 ], [ 128.227520021932008, -3.63180427904001 ], [ 128.227394140227005, -3.63177465627124 ], [ 128.227323979618006, -3.63168890591421 ], [ 128.227251010425988, -3.63164026608143 ], [ 128.227246629827988, -3.63163733609021 ], [ 128.227207039873008, -3.63161094638407 ], [ 128.226973180167988, -3.63175906562427 ], [ 128.226955850232002, -3.63178505603136 ], [ 128.226956620051993, -3.63182200557695 ], [ 128.226908560281998, -3.6318785387593 ], [ 128.226893367135006, -3.63186812281139 ], [ 128.226898572410988, -3.63193839403734 ], [ 128.226618115234004, -3.63233103534429 ], [ 128.226306494748997, -3.6327299080537 ], [ 128.226201419760002, -3.63275617635125 ], [ 128.226201419760002, -3.63281146577124 ], [ 128.226185820120008, -3.63297517565841 ], [ 128.226198710102011, -3.63311263613368 ], [ 128.226198899859014, -3.63311459575642 ], [ 128.226177370089999, -3.63310432639799 ], [ 128.22617581965801, -3.63310171566605 ], [ 128.226173799781009, -3.63310075608947 ], [ 128.226151539761986, -3.63306341623812 ], [ 128.226135160409001, -3.63310993636892 ], [ 128.226106980152991, -3.63316362589504 ], [ 128.226070420013997, -3.63318122562744 ], [ 128.22598597996901, -3.63316352607028 ], [ 128.225970290396987, -3.63318493623019 ], [ 128.22599152968499, -3.63325399606934 ], [ 128.225954920084007, -3.63329636582885 ], [ 128.225915509993001, -3.63331894600674 ], [ 128.225893009855014, -3.63330479607373 ], [ 128.22589246036901, -3.63330312603263 ], [ 128.225881780019989, -3.63327086555228 ], [ 128.225879049678014, -3.63326981604342 ], [ 128.225856640372001, -3.63326123561177 ], [ 128.225833939685003, -3.63327647642253 ], [ 128.225791690433994, -3.63333014616351 ], [ 128.225774740012014, -3.63340646622956 ], [ 128.225735279560013, -3.63348841605157 ], [ 128.225687399653992, -3.63353925562612 ], [ 128.225625459746993, -3.63358443576699 ], [ 128.225577620310986, -3.63359004573796 ], [ 128.225526969594, -3.63358717600133 ], [ 128.225484759913996, -3.63359845619773 ], [ 128.225341159766998, -3.6337000957766 ], [ 128.225293320330991, -3.63371136608049 ], [ 128.225247120358006, -3.63371896625107 ], [ 128.225187780391991, -3.63375605609086 ], [ 128.225144110212995, -3.63380452595185 ], [ 128.225132830016008, -3.63382996597379 ], [ 128.22514405985001, -3.63386389559592 ], [ 128.22517216006699, -3.63391197605043 ], [ 128.225152419947989, -3.63396001603543 ], [ 128.225098910286988, -3.63400803623535 ], [ 128.225034150106012, -3.63405886591733 ], [ 128.224966580443009, -3.63410969559934 ], [ 128.224917050281988, -3.63411207610479 ], [ 128.224896189607989, -3.63416334555525 ], [ 128.224923879733012, -3.63419117597525 ], [ 128.224927080420997, -3.63422839621669 ], [ 128.224915800224011, -3.63424875596851 ], [ 128.224949340439991, -3.63429123634465 ], [ 128.224951940380009, -3.63429452606471 ], [ 128.224990720046009, -3.63434364613544 ], [ 128.224993900048986, -3.63434767599753 ], [ 128.225141219791993, -3.63453428622124 ], [ 128.225226970149009, -3.63458105636353 ], [ 128.225281540111013, -3.63474476625058 ], [ 128.225203579681988, -3.6348461063553 ], [ 128.225195789753997, -3.63497862595524 ], [ 128.225164610258986, -3.63511115634704 ], [ 128.224852780231998, -3.63507997595249 ], [ 128.224741747233992, -3.63520334584991 ], [ 128.224725429935006, -3.63522147618236 ], [ 128.224722960396008, -3.63522422630917 ], [ 128.224712459912013, -3.63523588601949 ], [ 128.224603329880011, -3.63529045598191 ], [ 128.224540960096988, -3.63537620633884 ], [ 128.224439619992012, -3.63540738583421 ], [ 128.224252530429993, -3.63546195579654 ], [ 128.224151180433012, -3.63542297558179 ], [ 128.224034249681011, -3.63535281587179 ], [ 128.223901730080996, -3.63530604572952 ], [ 128.223891969738986, -3.63531189581942 ], [ 128.223891420253011, -3.63531222587061 ], [ 128.223823769651005, -3.63535281587179 ], [ 128.223675650410996, -3.63529824590937 ], [ 128.223589900054009, -3.63511894627461 ], [ 128.22362888026899, -3.63502540599007 ], [ 128.223558719658996, -3.63490846624521 ], [ 128.223371630097006, -3.6348461063553 ], [ 128.223309260314011, -3.63486169610293 ], [ 128.223200130282009, -3.63479933621301 ], [ 128.223083189638004, -3.63471358585598 ], [ 128.222981850432006, -3.63469798621584 ], [ 128.222942870216997, -3.63462003567896 ], [ 128.222911689823007, -3.63451869557428 ], [ 128.22283373029299, -3.63447191643874 ], [ 128.222732390188014, -3.63438616608177 ], [ 128.222599869687997, -3.63426923622947 ], [ 128.222584279941003, -3.63418348587251 ], [ 128.222327019875991, -3.63416009630474 ], [ 128.222139930314, -3.63409773641479 ], [ 128.222070269726999, -3.63406580598554 ], [ 128.221952839852008, -3.63401197616525 ], [ 128.221913859636999, -3.63384827617065 ], [ 128.221864530023993, -3.63374582630258 ], [ 128.221854820044001, -3.6337451464151 ], [ 128.221753540193987, -3.63372809616846 ], [ 128.221704820321008, -3.63374139624218 ], [ 128.221704269935998, -3.63373700575192 ], [ 128.221696062722998, -3.63373924776183 ], [ 128.221688049763998, -3.63374143581232 ], [ 128.221634549994008, -3.63378945601228 ], [ 128.221569820391011, -3.63380353579821 ], [ 128.22152764038799, -3.63376957559918 ], [ 128.221417909608988, -3.6337609960668 ], [ 128.221350339946014, -3.63380899558233 ], [ 128.221321120074009, -3.63386373641594 ], [ 128.221299619982005, -3.63389093641118 ], [ 128.221271480195014, -3.63389373600069 ], [ 128.221240539918995, -3.6338824063416 ], [ 128.221194619636009, -3.63389298596614 ], [ 128.221054810131989, -3.63390202595136 ], [ 128.220815659714987, -3.63386789578041 ], [ 128.220604659877011, -3.63383661556101 ], [ 128.220458350072988, -3.63382235591066 ], [ 128.220321029892006, -3.63382219583131 ], [ 128.22029886969699, -3.63382216615371 ], [ 128.220210749626006, -3.63380800632815 ], [ 128.220033979784006, -3.63372607629113 ], [ 128.22003354990801, -3.63372587574231 ], [ 128.219994500446006, -3.63368395564385 ], [ 128.219991379797989, -3.63368060566924 ], [ 128.219870439868998, -3.63362113620036 ], [ 128.219735430046001, -3.63355882577311 ], [ 128.219589140027011, -3.63352477564184 ], [ 128.219425949948004, -3.63351331558104 ], [ 128.219220540295993, -3.63351596588312 ], [ 128.219046050234994, -3.63355822592533 ], [ 128.218880163089011, -3.63359510622308 ], [ 128.218818090083005, -3.63360890631985 ], [ 128.218668899750014, -3.63367097572882 ], [ 128.218599029621998, -3.6337432155707 ], [ 128.218569360087997, -3.6337827659556 ], [ 128.218483050353001, -3.63383760571458 ], [ 128.218384529622, -3.63387427557096 ], [ 128.218212879621007, -3.63388825643152 ], [ 128.218147669779, -3.63387098585091 ], [ 128.218146720095007, -3.6338707358394 ], [ 128.218116680040993, -3.63383267563114 ], [ 128.218080039862002, -3.63378624633192 ], [ 128.218005549916001, -3.63374181622557 ], [ 128.217913040255013, -3.6337342862021 ], [ 128.21784803006301, -3.63368230628725 ], [ 128.217757989939003, -3.63367092626603 ], [ 128.217701740042997, -3.63364260571554 ], [ 128.217620179628, -3.63360295640523 ], [ 128.217535739583013, -3.6336339758212 ], [ 128.217475199921012, -3.63369238588873 ], [ 128.21735841036201, -3.63370167588545 ], [ 128.217316170104993, -3.63373838621135 ], [ 128.217293080012013, -3.63377451557513 ], [ 128.217254220305989, -3.63379204605975 ], [ 128.217175439695012, -3.63378632637158 ], [ 128.21714445984901, -3.63382021642353 ], [ 128.217120090019989, -3.63381934587973 ], [ 128.217088409602013, -3.63384827617065 ], [ 128.217002660144999, -3.63388725638532 ], [ 128.216706429758005, -3.63387166573841 ], [ 128.216402399550987, -3.63373913624591 ], [ 128.216332239840995, -3.63373133642578 ], [ 128.216137349559006, -3.63378590638815 ], [ 128.215958049924012, -3.63379370620832 ], [ 128.215786550108987, -3.63371574577883 ], [ 128.215669620256989, -3.63364558606879 ], [ 128.215537089864995, -3.6333883358971 ], [ 128.214819900317991, -3.63330258643945 ], [ 128.214640599783991, -3.63330258643945 ], [ 128.214515590421996, -3.63331758623179 ], [ 128.214445710401009, -3.63332597600721 ], [ 128.214157279835007, -3.63323242583009 ], [ 128.214005680218008, -3.63321347621528 ], [ 128.213907819589991, -3.63320124633478 ], [ 128.213829860060002, -3.63312977631256 ], [ 128.213805080139991, -3.63313034558341 ], [ 128.213667740174003, -3.63311740613776 ], [ 128.213648269852001, -3.63308680580593 ], [ 128.213575949969993, -3.63308402600148 ], [ 128.213509619572989, -3.63314139555337 ], [ 128.213427999802008, -3.63315546634607 ], [ 128.213351999894996, -3.63319214609499 ], [ 128.213247889878005, -3.63319205616281 ], [ 128.213210089574005, -3.63315392580743 ], [ 128.213199740176009, -3.63315738639867 ], [ 128.213194759729987, -3.63314274633503 ], [ 128.213194269599995, -3.63314132630557 ], [ 128.213133249700007, -3.63296208602608 ], [ 128.213183119804995, -3.63240114559158 ], [ 128.213320230443998, -3.63218508616824 ], [ 128.213404499618008, -3.63215460634546 ], [ 128.213536299759994, -3.63213522595539 ], [ 128.213548769759996, -3.63213522595539 ], [ 128.213814690296005, -3.63206458600743 ], [ 128.213985049770002, -3.63199810632319 ], [ 128.214059849981993, -3.63188591589804 ], [ 128.214067669586996, -3.63182779631155 ], [ 128.214064000353005, -3.63181112557882 ], [ 128.214080619825012, -3.63163660584072 ], [ 128.214213580093002, -3.63140391615405 ], [ 128.214379790094995, -3.63111306641142 ], [ 128.214422610414999, -3.63095249605762 ], [ 128.214417190201004, -3.63093854577401 ], [ 128.214424579930011, -3.63083498614259 ], [ 128.214424085302994, -3.63083290331271 ], [ 128.214422970144, -3.63082820615367 ], [ 128.214422536671009, -3.63082638682516 ], [ 128.214404720201998, -3.63075156592899 ], [ 128.214313310411001, -3.63071417571565 ], [ 128.214167929605992, -3.63074688585706 ], [ 128.214147100408013, -3.63075156592899 ], [ 128.21402660024799, -3.63071001635114 ], [ 128.213989210033986, -3.63062691629623 ], [ 128.213960119663994, -3.63045655592261 ], [ 128.213963420175986, -3.6304404355749 ], [ 128.213914419714996, -3.63023217597164 ], [ 128.213838480960987, -3.63009351220349 ], [ 128.213818849659987, -3.63005766612611 ], [ 128.213648490185989, -3.62999118644185 ], [ 128.213647259912989, -3.62998621588893 ], [ 128.213508269691005, -3.63000084605999 ], [ 128.213164230444988, -3.63007064604118 ], [ 128.213155569973992, -3.63007085558321 ], [ 128.213099880355003, -3.63007217578798 ], [ 128.212994394411993, -3.63007469210678 ], [ 128.212954809817006, -3.63007563637917 ], [ 128.212750380426002, -3.6299609557313 ], [ 128.212580860018988, -3.62986123620499 ], [ 128.212485389789009, -3.62976576597531 ], [ 128.212426289940993, -3.62970666612783 ], [ 128.212231830435002, -3.6295022358378 ], [ 128.212130160279003, -3.62948740601731 ], [ 128.211992500153997, -3.62946733584717 ], [ 128.211792300274993, -3.6294387356075 ], [ 128.211783090317994, -3.62943741630205 ], [ 128.211573669688988, -3.62945735607045 ], [ 128.211543760036989, -3.62954212616645 ], [ 128.211468969717004, -3.629716636012 ], [ 128.211439140104005, -3.62983052615576 ], [ 128.211414120065996, -3.62992605574073 ], [ 128.211287184355996, -3.62998337672922 ], [ 128.211259549988, -3.62999585572189 ], [ 128.211050140151997, -3.62999585572189 ], [ 128.210920489388997, -3.62990942457815 ], [ 128.210915509843005, -3.6299061060798 ], [ 128.21084221959299, -3.6297057856915 ], [ 128.210835730084995, -3.62970666612783 ], [ 128.210818051270138, -3.629635943726081 ], [ 128.210782310355, -3.62949296562613 ], [ 128.210788369987, -3.62946484562443 ], [ 128.210753460104002, -3.62933021621499 ], [ 128.210653739678008, -3.6291656762536 ], [ 128.210539059929999, -3.62900612573097 ], [ 128.210464269609986, -3.62883659633083 ], [ 128.210389480190003, -3.6286870156924 ], [ 128.210323530207006, -3.6286210558163 ], [ 128.210316494810002, -3.62861402131924 ], [ 128.210254859774011, -3.62855238628293 ], [ 128.210232240025988, -3.62854083628984 ], [ 128.210020509939, -3.62843272608887 ], [ 128.209979650141008, -3.62841958609444 ], [ 128.209975640063988, -3.62842275620467 ], [ 128.209796139880012, -3.62836790565384 ], [ 128.209541850275997, -3.62826319578947 ], [ 128.209377310315006, -3.62817843558602 ], [ 128.209297529656993, -3.62804879561527 ], [ 128.209162910140009, -3.62784436622457 ], [ 128.209193440325009, -3.62779094559581 ], [ 128.209260679936989, -3.62767327560143 ], [ 128.209257640228003, -3.62743052609842 ], [ 128.209197810131002, -3.62724105603062 ], [ 128.20916774039901, -3.62719064633202 ], [ 128.209028289723989, -3.62695684598264 ], [ 128.208985767079014, -3.62684459440363 ], [ 128.208919619244995, -3.62666997484077 ], [ 128.208903630197995, -3.62662776605994 ], [ 128.208849929879989, -3.62645424636792 ], [ 128.208644360149009, -3.62633359602036 ], [ 128.208424969637008, -3.62613913561451 ], [ 128.208195610139001, -3.62603941608817 ], [ 128.208118629971011, -3.62595922623936 ], [ 128.207985540201008, -3.62589749587489 ], [ 128.207675110417995, -3.62565934640412 ], [ 128.20765244030801, -3.62558701573065 ], [ 128.207625949878008, -3.62555273627228 ], [ 128.207590039948002, -3.62546325642677 ], [ 128.207584539695006, -3.62525582599842 ], [ 128.207565779837012, -3.62504647641678 ], [ 128.207520370368997, -3.62498934608458 ], [ 128.207497679574004, -3.62494555629555 ], [ 128.207440899977996, -3.62490173592955 ], [ 128.207372729567993, -3.62486932616176 ], [ 128.207217449925992, -3.62482921639851 ], [ 128.206840499988999, -3.62484411636613 ], [ 128.206664369565004, -3.62482492573306 ], [ 128.206617079615, -3.62475257617385 ], [ 128.206560270339992, -3.62472778636163 ], [ 128.20650930036399, -3.62456168607648 ], [ 128.206459870027004, -3.62443222597022 ], [ 128.206415389558998, -3.6243127258555 ], [ 128.206370900096999, -3.62420318573239 ], [ 128.206266979837011, -3.6240686957178 ], [ 128.206227419560008, -3.62398404613103 ], [ 128.206207690232986, -3.62388448578466 ], [ 128.206252359558988, -3.62378994635335 ], [ 128.206371339865996, -3.62369547616976 ], [ 128.206401120016011, -3.62363079602899 ], [ 128.206391259848999, -3.62358101585582 ], [ 128.206351669893991, -3.62352622555959 ], [ 128.206242709832992, -3.62348631634513 ], [ 128.206159830112, -3.62344858618807 ], [ 128.206070899752007, -3.62334193558675 ], [ 128.206002750027011, -3.62329620596005 ], [ 128.205906209603995, -3.62323141610198 ], [ 128.205813399568996, -3.62322182573167 ], [ 128.205743339683011, -3.62320273582264 ], [ 128.20542895018599, -3.62315678586205 ], [ 128.205381629658007, -3.62311867619106 ], [ 128.205285059558008, -3.6230862457388 ], [ 128.205192280099993, -3.62304429596263 ], [ 128.205120349624991, -3.62299665617599 ], [ 128.204925339732995, -3.62289371617746 ], [ 128.204790909973013, -3.62283460643734 ], [ 128.204588309803, -3.62275069609329 ], [ 128.204398989921003, -3.6226401559241 ], [ 128.204222950329012, -3.62251820605611 ], [ 128.204126370336013, -3.62248957613882 ], [ 128.204020360051999, -3.62242287612073 ], [ 128.203891630194988, -3.62234283555933 ], [ 128.203783740326998, -3.6222475856636 ], [ 128.203758730180994, -3.62216587596055 ], [ 128.203744039756003, -3.62216000608557 ], [ 128.203727270097005, -3.62184789636979 ], [ 128.203662939792991, -3.62176600590304 ], [ 128.20359488, -3.62171167605962 ], [ 128.203585379562014, -3.6216517560304 ], [ 128.203201190083007, -3.62129364599204 ], [ 128.203136830100988, -3.62124791636536 ], [ 128.203076240076996, -3.62121932601826 ], [ 128.203000539643, -3.62114122619389 ], [ 128.202881240077005, -3.62110877595653 ], [ 128.202833889872011, -3.62110492595885 ], [ 128.202833920448995, -3.62107066628553 ], [ 128.202667259885999, -3.62104007584619 ], [ 128.202565009667012, -3.62100192570569 ], [ 128.202334060168994, -3.6208494762299 ], [ 128.202127770081006, -3.62065518579592 ], [ 128.202059650032993, -3.62058471581978 ], [ 128.202044539624012, -3.62053712639514 ], [ 128.201783239804996, -3.62027791570142 ], [ 128.201722419553988, -3.62020816608222 ], [ 128.201652249950996, -3.62012767585992 ], [ 128.201126439733997, -3.61947631578838 ], [ 128.200883790055002, -3.61913708611702 ], [ 128.200834109705994, -3.61902988602991 ], [ 128.200800699892, -3.61895778558289 ], [ 128.200789489843004, -3.61893360641039 ], [ 128.200776279702012, -3.61860813636631 ], [ 128.200830810094004, -3.61798440616603 ], [ 128.200574610329994, -3.6177129763836 ], [ 128.200350529853011, -3.61757050578525 ], [ 128.200318309842004, -3.61755002642364 ], [ 128.199974089832011, -3.6174313761683 ], [ 128.199656739766993, -3.61732198623204 ], [ 128.19940564995099, -3.61695763579798 ], [ 128.199374090041999, -3.61691184591671 ], [ 128.199255080058009, -3.6168529259336 ], [ 128.198712230385013, -3.6165841563458 ], [ 128.198651959620008, -3.61655431594104 ], [ 128.198593209608987, -3.61648631640259 ], [ 128.198547800141, -3.61643299559852 ], [ 128.198470249802, -3.61640325591784 ], [ 128.198269540007004, -3.61623102585362 ], [ 128.198158499815008, -3.61611459602442 ], [ 128.197726249666999, -3.61586515646462 ], [ 128.197612630218998, -3.61583651575554 ], [ 128.197393030163994, -3.61570691625423 ], [ 128.197251039804001, -3.61563066633532 ], [ 128.196827100290989, -3.61524016631419 ], [ 128.196577280317001, -3.61501158562995 ], [ 128.196348210401993, -3.61487435628043 ], [ 128.196187270426009, -3.61480570563282 ], [ 128.195846559571009, -3.61455039619817 ], [ 128.195653549772004, -3.61433708600223 ], [ 128.195526790329012, -3.61417141559303 ], [ 128.195454890430995, -3.6140876158656 ], [ 128.195381149620005, -3.61392959598903 ], [ 128.195368159813, -3.61362700559716 ], [ 128.195326520303013, -3.61359271624614 ], [ 128.195230009557008, -3.61348986617982 ], [ 128.195182750183989, -3.6133851563154 ], [ 128.195084420109993, -3.61320047603684 ], [ 128.194950119851995, -3.6129891155712 ], [ 128.194923740039002, -3.61284065638729 ], [ 128.194879290146986, -3.61268861610303 ], [ 128.194795160367988, -3.6125950560334 ], [ 128.194713820287006, -3.61246557614197 ], [ 128.194558650362012, -3.61229796589516 ], [ 128.194342969552991, -3.61202373562389 ], [ 128.194299460351999, -3.61195899612782 ], [ 128.194301599839008, -3.61167925571047 ], [ 128.194354880173989, -3.61140145603008 ], [ 128.194258530407012, -3.61112352594793 ], [ 128.194199880219998, -3.61104925633611 ], [ 128.194126060270008, -3.61098449615563 ], [ 128.194069340027994, -3.61087025617559 ], [ 128.193933140402009, -3.61067031620063 ], [ 128.193730710203994, -3.61040561604509 ], [ 128.193621719567005, -3.61029897623559 ], [ 128.193530100234, -3.61001987613555 ], [ 128.193498110449013, -3.60988811646267 ], [ 128.193531749590989, -3.60982131572048 ], [ 128.193895219588995, -3.60936405632599 ], [ 128.194072520031, -3.60870793614287 ], [ 128.194711189770004, -3.60739300590444 ], [ 128.194895010296989, -3.60711734571119 ], [ 128.195637010339993, -3.60669887587512 ], [ 128.196435569646013, -3.60659158585582 ], [ 128.196997820392994, -3.60651604640131 ], [ 128.198047590024004, -3.60637501561751 ], [ 128.198418929989998, -3.6057699256652 ], [ 128.198604909788997, -3.60511809614764 ], [ 128.198327620024003, -3.60418644617296 ], [ 128.197818070447994, -3.60381342627437 ], [ 128.197633159942995, -3.60325441578506 ], [ 128.197631880207013, -3.60319292643883 ], [ 128.19761968989701, -3.60260335608705 ], [ 128.197881829683013, -3.60225374644072 ], [ 128.198283420144008, -3.60171815609607 ], [ 128.199305800023012, -3.60116318626065 ], [ 128.199581999809993, -3.60088103566018 ], [ 128.199768020078011, -3.60018263564977 ], [ 128.200000139595005, -3.59976370626018 ], [ 128.200464390319013, -3.59892584568223 ], [ 128.200939420318008, -3.5988711956802 ], [ 128.201669650034006, -3.59878718641066 ], [ 128.202595910372992, -3.59967284595532 ], [ 128.202624790301996, -3.59969609612813 ], [ 128.203059099898013, -3.60004581639112 ], [ 128.203939619817987, -3.60023287627585 ], [ 128.204263720195001, -3.60065229579599 ], [ 128.205237099612987, -3.60065314565533 ], [ 128.20602540035199, -3.60028126609708 ], [ 128.206628699754987, -3.59944352602837 ], [ 128.206536479675009, -3.598884596478 ], [ 128.206769649600005, -3.59725482618208 ], [ 128.20708830008499, -3.59661144579507 ], [ 128.207107610327995, -3.59657244579529 ], [ 128.207094750023003, -3.59650997618808 ], [ 128.207632389922992, -3.59539350564055 ], [ 128.207744840251991, -3.59515998587969 ], [ 128.207606830291013, -3.59394902626291 ], [ 128.207887800082005, -3.59099198613078 ], [ 128.207934259957995, -3.59050307599615 ], [ 128.209974429575993, -3.58966657609252 ], [ 128.210886469835003, -3.58857528566299 ], [ 128.211551690258005, -3.58813110600832 ], [ 128.212574099814987, -3.5865708164343 ], [ 128.212619160346009, -3.58650204617681 ], [ 128.215579179934991, -3.58667945633595 ], [ 128.215861010377012, -3.58654299590678 ], [ 128.215987550384995, -3.58624053591661 ], [ 128.216104240118995, -3.58588132600736 ], [ 128.216255190424988, -3.58540607567534 ], [ 128.216315609578004, -3.5850077263714 ], [ 128.216363330303011, -3.58469308596344 ], [ 128.216558250263006, -3.58309422626549 ], [ 128.216580750400993, -3.5819273864889 ], [ 128.216839690399013, -3.58102004608846 ], [ 128.216964470433993, -3.58073129626279 ], [ 128.217119730290989, -3.58037202609902 ], [ 128.21737807044201, -3.58006973608066 ], [ 128.217722310236013, -3.57989715618017 ], [ 128.218131210387014, -3.57957338585482 ], [ 128.218626000289987, -3.57940093635609 ], [ 128.221658509732009, -3.57927400604256 ], [ 128.22391661, -3.57936223605498 ], [ 128.224239549615987, -3.57895194622775 ], [ 128.224992530381002, -3.57865006630027 ], [ 128.225883819682991, -3.5782378557456 ], [ 128.231853190272005, -3.58156232648982 ], [ 128.231956019655001, -3.58161959621693 ], [ 128.233507789952995, -3.58077674620035 ], [ 128.233709790274986, -3.58030946566029 ], [ 128.234349579668987, -3.57882940640452 ], [ 128.235062150298006, -3.57681701594725 ], [ 128.235062949795008, -3.57585482589522 ], [ 128.235063340100993, -3.57538844647585 ], [ 128.236356700101993, -3.57441550592812 ], [ 128.237520689928004, -3.57357231596779 ], [ 128.238619840432989, -3.57298881603984 ], [ 128.23984765964201, -3.57311970606824 ], [ 128.240492870150007, -3.57441894583494 ], [ 128.241073930217993, -3.5751337162045 ], [ 128.241296929709989, -3.57521857623271 ], [ 128.241611679834989, -3.57533833625148 ], [ 128.242430849804009, -3.57545951629974 ], [ 128.243981280111996, -3.57624001631903 ], [ 128.245208680236004, -3.57689038623696 ], [ 128.246242510283992, -3.57715097649073 ], [ 128.247275869985003, -3.57799598577953 ], [ 128.25005498015301, -3.57786840615555 ], [ 128.250507009990997, -3.57832331562159 ], [ 128.249859570062995, -3.57975136618419 ], [ 128.249794090425013, -3.58079027650051 ], [ 128.250051599601989, -3.58202425606371 ], [ 128.251213910394, -3.58325897576891 ], [ 128.252376380366002, -3.58429889602392 ], [ 128.253215970340989, -3.58501386604299 ], [ 128.253990729988004, -3.58598852609446 ], [ 128.255282359693012, -3.587158426264 ], [ 128.255870449761005, -3.58762346569355 ], [ 128.257090809993002, -3.58858847601943 ], [ 128.257995140363988, -3.58917362620336 ], [ 128.259093160421003, -3.59001868585419 ], [ 128.261612540086986, -3.59144930577986 ], [ 128.26303328995499, -3.59281409623116 ], [ 128.263292380139006, -3.59444265603956 ], [ 128.265680609871993, -3.59593313573986 ], [ 128.26626100983799, -3.59671421582178 ], [ 128.267101519818993, -3.59710312584152 ], [ 128.267682530424992, -3.59704066612686 ], [ 128.268587799686998, -3.59736406593163 ], [ 128.270331200225002, -3.59937846637364 ], [ 128.270459580246012, -3.60048246602232 ], [ 128.269941819859014, -3.60139114641266 ], [ 128.269552489856011, -3.60333889629934 ], [ 128.269163769592012, -3.60450742590203 ], [ 128.269098000372992, -3.60593594591072 ], [ 128.268967649936997, -3.60729948630431 ], [ 128.269095979595988, -3.60846843589038 ], [ 128.268859920148998, -3.60902419622991 ], [ 128.268701890379987, -3.60923276609929 ], [ 128.268651719900987, -3.60929897598687 ], [ 128.268246399951011, -3.60968357645537 ], [ 128.268027280134987, -3.60992535558991 ], [ 128.26792851029299, -3.61024421561694 ], [ 128.268081359966999, -3.61073924563804 ], [ 128.268288970259988, -3.61120132629806 ], [ 128.268529449873995, -3.61163044590573 ], [ 128.268550860033997, -3.61222434559385 ], [ 128.268484949621012, -3.61252124597517 ], [ 128.268477807204988, -3.61254033678353 ], [ 128.268386220248004, -3.61278511605641 ], [ 128.268353180054987, -3.61303803599245 ], [ 128.268360290094989, -3.61314898625249 ], [ 128.268366969359988, -3.61315631482786 ], [ 128.268366969359988, -3.61333436710291 ], [ 128.268366969359988, -3.61357849436735 ], [ 128.268366969359988, -3.61387454039275 ], [ 128.268075187920005, -3.61447103012829 ], [ 128.26795282885999, -3.61507221702293 ], [ 128.267552807715987, -3.61582369861774 ], [ 128.267581044629992, -3.61603974994718 ], [ 128.268047906985004, -3.61627271662499 ], [ 128.268050509623009, -3.61629642635139 ], [ 128.268054980153011, -3.61633718632448 ], [ 128.268098629647994, -3.61651318634669 ], [ 128.268263569807999, -3.61665151556707 ], [ 128.268795200438007, -3.61670316633003 ], [ 128.269575659988988, -3.61656039625739 ], [ 128.269851679911, -3.61643666573186 ], [ 128.269857515611989, -3.61643678983823 ], [ 128.270117860351007, -3.61644232606476 ], [ 128.270245818590013, -3.61646651692843 ], [ 128.270250394339996, -3.61647010792139 ], [ 128.27026037771401, -3.61647794281506 ], [ 128.270480896875995, -3.61695144936164 ], [ 128.270524201929987, -3.61723519266144 ], [ 128.270592909235006, -3.61738276691244 ], [ 128.270667089813998, -3.6174781319214 ], [ 128.270672311277991, -3.61747436466139 ], [ 128.270679743275991, -3.61748048814518 ], [ 128.270914565254998, -3.61771884805731 ], [ 128.27093672005401, -3.61775012557872 ], [ 128.271161000180001, -3.61800084577304 ], [ 128.271295230291003, -3.61815089585762 ], [ 128.271302379900987, -3.61815351558273 ], [ 128.271315549572989, -3.61817647617389 ], [ 128.271331609665992, -3.61819156589844 ], [ 128.271171819924007, -3.61823892599596 ], [ 128.271005310447009, -3.61827840623377 ], [ 128.270833129844988, -3.61828927633935 ], [ 128.270657360049, -3.6182951057448 ], [ 128.270477420096995, -3.61830223556998 ], [ 128.270299929897988, -3.61831131602465 ], [ 128.270124380435988, -3.61831960597531 ], [ 128.269953350066999, -3.61832316639127 ], [ 128.269778850113994, -3.61831065592223 ], [ 128.269601500209006, -3.61829302561295 ], [ 128.269427500278994, -3.61827496632694 ], [ 128.269256479803005, -3.61827121615398 ], [ 128.269082130035997, -3.61826822590822 ], [ 128.268911060096997, -3.61826481567901 ], [ 128.26873723013901, -3.61825902584369 ], [ 128.268557999752005, -3.61824138564179 ], [ 128.268383429652005, -3.61821720556993 ], [ 128.268212689763999, -3.61818435603361 ], [ 128.268046989677003, -3.61814158607581 ], [ 128.267877650033995, -3.6181025959685 ], [ 128.267710350052994, -3.61806670582432 ], [ 128.267538729729011, -3.61803759566903 ], [ 128.267366759568006, -3.61801040556636 ], [ 128.267188870069987, -3.61798229635647 ], [ 128.267022339909005, -3.61797198562925 ], [ 128.266838940264989, -3.61799486618073 ], [ 128.266698819595007, -3.61803694635856 ], [ 128.266544319665002, -3.61810941642687 ], [ 128.266380160116, -3.61816075602446 ], [ 128.266202380336011, -3.6181319462428 ], [ 128.266129769972991, -3.61810678590993 ], [ 128.266039729850007, -3.61807559562276 ], [ 128.265975010138987, -3.61795336606569 ], [ 128.265942510438009, -3.61780256594648 ], [ 128.265924130094987, -3.61771731561253 ], [ 128.265905770435012, -3.61763218578773 ], [ 128.265765530154994, -3.61752129578226 ], [ 128.265595650019009, -3.61750113568002 ], [ 128.265515050080012, -3.61749173596599 ], [ 128.265423029649014, -3.61748100615466 ], [ 128.265253090158012, -3.6174612462507 ], [ 128.265075459665013, -3.6174460261244 ], [ 128.264901410271989, -3.61743969579651 ], [ 128.264721499996995, -3.61744752619357 ], [ 128.26465130970999, -3.61745275575125 ], [ 128.264550350018993, -3.61746028577472 ], [ 128.264377319558008, -3.61747460567969 ], [ 128.264199639601998, -3.61748930599782 ], [ 128.264020160102007, -3.6175041663953 ], [ 128.263840829890995, -3.6175190160009 ], [ 128.263661360284004, -3.61753387639837 ], [ 128.263488399969987, -3.61754549563919 ], [ 128.263317640297004, -3.61755575600445 ], [ 128.263141699630012, -3.61757117578019 ], [ 128.26296544959601, -3.61758865590279 ], [ 128.262789880349004, -3.61762886639002 ], [ 128.262619830240993, -3.61767254646184 ], [ 128.262455630223002, -3.61772074562678 ], [ 128.262291309695996, -3.61778113600147 ], [ 128.262124620354996, -3.61784960588536 ], [ 128.261970710380012, -3.61793038568938 ], [ 128.261815300335996, -3.61801319616262 ], [ 128.26165902964101, -3.61809884579557 ], [ 128.261512219813, -3.61818708637528 ], [ 128.261366970309012, -3.61828919629963 ], [ 128.26123093975599, -3.61839366604503 ], [ 128.261100369886009, -3.61850470623728 ], [ 128.260972020442011, -3.61863149625646 ], [ 128.260852309885991, -3.61876232603032 ], [ 128.260742960419009, -3.61889449579397 ], [ 128.260605790424989, -3.6190042355666 ], [ 128.260466220139989, -3.61911002641601 ], [ 128.260335029738002, -3.61922033635872 ], [ 128.260227680362988, -3.61935478590378 ], [ 128.260125809658007, -3.61949958574629 ], [ 128.260031420414009, -3.6196429358816 ], [ 128.259935260404006, -3.61978976639327 ], [ 128.259838350360013, -3.61993653575102 ], [ 128.259737510278001, -3.62008642575633 ], [ 128.259639350176002, -3.62023699564903 ], [ 128.259547020378989, -3.62038168577423 ], [ 128.259520646717846, -3.620425252447826 ], [ 128.259453509771987, -3.62053615602667 ], [ 128.259363539795999, -3.62068584638246 ], [ 128.259269809753988, -3.62083853597719 ], [ 128.259178730014014, -3.62099460612359 ], [ 128.259089449817992, -3.62115085613429 ], [ 128.25900844968001, -3.62130225610128 ], [ 128.258924999789002, -3.62145399601203 ], [ 128.258834900310006, -3.62161063632855 ], [ 128.258746120137005, -3.62176280611517 ], [ 128.258654029560006, -3.62191828630629 ], [ 128.258569010352005, -3.62207051634746 ], [ 128.258482759971997, -3.62222831589012 ], [ 128.258394499606993, -3.62238601560808 ], [ 128.258309969629011, -3.62253578600347 ], [ 128.258220759580013, -3.62269294612819 ], [ 128.258132049554007, -3.62284785614907 ], [ 128.258047880205993, -3.62300182637841 ], [ 128.257967659780007, -3.62316046588788 ], [ 128.257894620439998, -3.62331588582437 ], [ 128.257822869829994, -3.62347335621514 ], [ 128.257754970115997, -3.62364092599253 ], [ 128.257691710004991, -3.62380212587183 ], [ 128.257628139627002, -3.62397140615969 ], [ 128.257563320091009, -3.62413105560782 ], [ 128.257496260343999, -3.62428917620841 ], [ 128.257433650443005, -3.62445505615958 ], [ 128.257373430039991, -3.62461721561557 ], [ 128.257294849977001, -3.62481836607805 ], [ 128.257238709798997, -3.62495246578686 ], [ 128.257175849886011, -3.62511232567626 ], [ 128.257143826825995, -3.62525419193024 ], [ 128.257141299730989, -3.62526538579173 ], [ 128.25713767996001, -3.62528142609974 ], [ 128.25710665964499, -3.62545336568293 ], [ 128.257088260415003, -3.62562424586468 ], [ 128.257054050204005, -3.62579989605059 ], [ 128.25701205006601, -3.62596719603134 ], [ 128.256962560374006, -3.62613173599276 ], [ 128.256908969773008, -3.62630307572806 ], [ 128.25685598981201, -3.62646807614235 ], [ 128.256799819956001, -3.62663042625453 ], [ 128.256809609975988, -3.62679471620435 ], [ 128.256886139583997, -3.62694075621196 ], [ 128.256978990087987, -3.62708156576258 ], [ 128.25699713031301, -3.62723615562479 ], [ 128.256982640437002, -3.62741649577515 ], [ 128.256968149660992, -3.62759683592559 ], [ 128.256954280315995, -3.62776971619957 ], [ 128.256898560120987, -3.62791988589403 ], [ 128.256803410049002, -3.62804826591461 ], [ 128.256751459811994, -3.62821863618075 ], [ 128.256738559936991, -3.62839591593824 ], [ 128.256724079951994, -3.62857625608862 ], [ 128.256719649892005, -3.62875087565149 ], [ 128.25671924519699, -3.62885576088366 ], [ 128.256718960112011, -3.62892939557405 ], [ 128.256722970189003, -3.62910121644669 ], [ 128.256737120122011, -3.62927374598514 ], [ 128.256751240377014, -3.6294459256873 ], [ 128.256766019835993, -3.62962624605255 ], [ 128.256780780409002, -3.62980610596498 ], [ 128.256811539920989, -3.62997709586406 ], [ 128.256828507429987, -3.63003096705321 ], [ 128.256865869763999, -3.63014959572487 ], [ 128.256938249900003, -3.63030610563969 ], [ 128.256994669768005, -3.63042892605143 ], [ 128.257066360124014, -3.63058498630521 ], [ 128.257141820438989, -3.63074925557062 ], [ 128.257241039941988, -3.63089509592872 ], [ 128.257306542062992, -3.63097427673818 ], [ 128.257328329939014, -3.63100061608221 ], [ 128.257353109858002, -3.63103057609685 ], [ 128.257475989624993, -3.63115893633235 ], [ 128.257477940255001, -3.63116097599474 ], [ 128.257617770444, -3.63127174639037 ], [ 128.257748840337001, -3.63135339583886 ], [ 128.257763170134012, -3.63136231621423 ], [ 128.257922119910006, -3.631442215582 ], [ 128.258012980215, -3.63147681609832 ], [ 128.258087040285005, -3.63150501613972 ], [ 128.258254910435994, -3.63153813637199 ], [ 128.258429020083014, -3.63153925602793 ], [ 128.258588930335009, -3.6314615357175 ], [ 128.258726809894, -3.63135115562761 ], [ 128.258883339594007, -3.63127435622293 ], [ 128.259050199807007, -3.63123641562449 ], [ 128.259224170059014, -3.63122207593451 ], [ 128.259395060134011, -3.63125130569959 ], [ 128.259565700196987, -3.63129098558692 ], [ 128.259739610194998, -3.63133791580851 ], [ 128.259901880267989, -3.63141558575693 ], [ 128.260058630302012, -3.63149820557389 ], [ 128.260217470360004, -3.63158344601524 ], [ 128.260369030406991, -3.63167887577544 ], [ 128.260515920273008, -3.63178354606964 ], [ 128.260651619876, -3.63189553594595 ], [ 128.260773629998994, -3.63202046616717 ], [ 128.260813579683003, -3.63206663556235 ], [ 128.260891780231987, -3.63215700573665 ], [ 128.260997500034989, -3.63229320626177 ], [ 128.261089050120006, -3.63244011591375 ], [ 128.261156879686013, -3.63259868617544 ], [ 128.261214029803995, -3.63276391591679 ], [ 128.261284470101998, -3.63292055623333 ], [ 128.261381960209008, -3.63306539564598 ], [ 128.261441079842001, -3.63312284613684 ], [ 128.261505709620991, -3.63318565568781 ], [ 128.261591510339997, -3.63321366597222 ], [ 128.26166568012701, -3.63323788561418 ], [ 128.261672120171994, -3.6332399864305 ], [ 128.261783415771987, -3.63329364627899 ], [ 128.261833400091007, -3.63331774631113 ], [ 128.261846649803005, -3.63333192592181 ], [ 128.261863809766993, -3.63335030626577 ], [ 128.261932740103987, -3.63342411632399 ], [ 128.261950919898993, -3.6334435758544 ], [ 128.261988939638002, -3.63350492580567 ], [ 128.262041799988992, -3.63359020581727 ], [ 128.262073600017004, -3.63364920584005 ], [ 128.262127019746003, -3.63374830573342 ], [ 128.262204999961, -3.63390144588855 ], [ 128.262277540176996, -3.63405711583666 ], [ 128.262350059708012, -3.63421277589215 ], [ 128.262426410350997, -3.63437663596602 ], [ 128.262498939773991, -3.63453230591411 ], [ 128.262572560075995, -3.63469493571543 ], [ 128.262646110230008, -3.63486007642397 ], [ 128.262719670276994, -3.63502522612567 ], [ 128.262793220431007, -3.63519035604233 ], [ 128.26286677957799, -3.63535550574404 ], [ 128.262940130082995, -3.63551675598534 ], [ 128.263015260346009, -3.63567117587577 ], [ 128.263090399601992, -3.63582558587359 ], [ 128.263165519973001, -3.63598000576399 ], [ 128.263244600057988, -3.63614254563318 ], [ 128.263326170367009, -3.63630068601885 ], [ 128.263407860285014, -3.63645170557263 ], [ 128.263489560094996, -3.63660272602571 ], [ 128.263575549671998, -3.63676167580123 ], [ 128.26365725038201, -3.63691269625427 ], [ 128.263735729719997, -3.63707010639048 ], [ 128.263811010170002, -3.63722444624126 ], [ 128.263886310405013, -3.63737878609196 ], [ 128.263961599847988, -3.6375331259427 ], [ 128.264040000046009, -3.63768594593915 ], [ 128.264120160217004, -3.6378377856746 ], [ 128.264200330281, -3.6379896263094 ], [ 128.26428276034099, -3.63814930633444 ], [ 128.264413320318994, -3.63835332563429 ], [ 128.264497270232994, -3.63831076611783 ], [ 128.26455051009799, -3.63828376577207 ], [ 128.264701189708006, -3.63819568617098 ], [ 128.264857619583012, -3.63810604624609 ], [ 128.265006229854009, -3.63802089573692 ], [ 128.265162659728986, -3.63793126570462 ], [ 128.265396969993986, -3.63783146613862 ], [ 128.265602980392998, -3.6378003963606 ], [ 128.265696929869989, -3.63781573609673 ], [ 128.265785329629011, -3.63786298557768 ], [ 128.265903729873003, -3.63805882554354 ], [ 128.265930650179001, -3.63811748562255 ], [ 128.265977100163013, -3.63821869622479 ], [ 128.266047070116002, -3.63838427580249 ], [ 128.266112649578986, -3.63854302592854 ], [ 128.266178130116998, -3.6387098555638 ], [ 128.266240230102994, -3.6388727461686 ], [ 128.266302939828989, -3.63904234571573 ], [ 128.26635338460099, -3.63915931693689 ], [ 128.266359499991012, -3.63917349564831 ], [ 128.266372249679989, -3.63920306625638 ], [ 128.26653204032101, -3.63926378578295 ], [ 128.266600350125998, -3.63925299571704 ], [ 128.266677090175989, -3.63924087555383 ], [ 128.266840960141991, -3.63931189591502 ], [ 128.266915809816993, -3.6394683158977 ], [ 128.266903880309997, -3.63963345570684 ], [ 128.266808800386002, -3.63976997639058 ], [ 128.266796440104002, -3.63977418611708 ], [ 128.266641930280997, -3.63982684591942 ], [ 128.266493400049995, -3.63991278603336 ], [ 128.266401240225008, -3.64004466621533 ], [ 128.266388850265002, -3.64024588592574 ], [ 128.266460060383992, -3.64038125637651 ], [ 128.266569190415993, -3.64052492577122 ], [ 128.266612619576989, -3.64056059558149 ], [ 128.266705099560994, -3.64063656581123 ], [ 128.266861759662987, -3.64072579564523 ], [ 128.267020400071004, -3.64080559608757 ], [ 128.267175470171992, -3.6408794259309 ], [ 128.267312009741005, -3.64093558589459 ], [ 128.267375661057997, -3.64096097825258 ], [ 128.266545770270994, -3.64259704919872 ], [ 128.270654678271001, -3.64492377969049 ], [ 128.270612779755993, -3.6450245757053 ], [ 128.270340929989999, -3.64545299564052 ], [ 128.270185670133003, -3.64560873573561 ], [ 128.270146599985992, -3.64595940568268 ], [ 128.270029990291988, -3.64627104595238 ], [ 128.269797049694006, -3.64654362596764 ], [ 128.269510530187006, -3.64677029559253 ], [ 128.269214950009996, -3.64693282556909 ], [ 128.268710420449992, -3.6473220863244 ], [ 128.268516360241989, -3.64747779584267 ], [ 128.268204049976987, -3.64769522583284 ], [ 128.267973050116012, -3.6478670260211 ], [ 128.267662540293998, -3.64813954578179 ], [ 128.267429599695987, -3.64841212579701 ], [ 128.267080310208001, -3.6486846059875 ], [ 128.266886189746003, -3.64891824625758 ], [ 128.266839524824007, -3.64897090516063 ], [ 128.266785450387999, -3.64903192596001 ], [ 128.26663442993501, -3.64920234568891 ], [ 128.266575619668998, -3.64926869587076 ], [ 128.266342709648001, -3.64950231635572 ], [ 128.266032359906006, -3.64957999619669 ], [ 128.265528080357001, -3.64965751595833 ], [ 128.265078820431, -3.64981474623009 ], [ 128.264707539820989, -3.64986588617817 ], [ 128.264247960174998, -3.64989026589954 ], [ 128.264247711962014, -3.6498902883826 ], [ 128.263821280428004, -3.64992888638546 ], [ 128.263363289884012, -3.65000625596028 ], [ 128.263045429903002, -3.65008411566565 ], [ 128.262826461172011, -3.65016390621551 ], [ 128.262618660223012, -3.65023962553438 ], [ 128.261997860012997, -3.65051188629038 ], [ 128.261609809745011, -3.65074537637358 ], [ 128.261327130343005, -3.65093057556099 ], [ 128.261066559873996, -3.6510566560151 ], [ 128.260794930441989, -3.65121230617805 ], [ 128.260575517446, -3.65128558203897 ], [ 128.260483130092013, -3.65131643597969 ], [ 128.260329370303992, -3.65136778636916 ], [ 128.260182619831994, -3.65138403621917 ], [ 128.260171229918001, -3.65138529616937 ], [ 128.260031909644994, -3.65140071594517 ], [ 128.259980259781003, -3.65140646621032 ], [ 128.25955351977899, -3.65152301564939 ], [ 128.259366979702008, -3.65166279637555 ], [ 128.259188959802998, -3.65176368591985 ], [ 128.258918059720997, -3.65192668624186 ], [ 128.258600679977008, -3.65215958636984 ], [ 128.258414919612989, -3.65226824605669 ], [ 128.258206029585011, -3.6522913964047 ], [ 128.258058969746003, -3.65237676634857 ], [ 128.258004729834994, -3.65247776561015 ], [ 128.257996830189995, -3.6526798360791 ], [ 128.258042889867994, -3.6530529459098 ], [ 128.258174270027013, -3.65327845630857 ], [ 128.258390270094992, -3.65356653613929 ], [ 128.258390100122995, -3.65377037557471 ], [ 128.258271580268996, -3.65397412597722 ], [ 128.258203749802988, -3.65421187614903 ], [ 128.258072679909986, -3.6545219363099 ], [ 128.257902000276999, -3.65510471588082 ], [ 128.257847590393993, -3.65541556564641 ], [ 128.257824090209994, -3.65578084597943 ], [ 128.257842619841, -3.65678215564104 ], [ 128.25788118007199, -3.65705495599027 ], [ 128.25791960990199, -3.65748362593695 ], [ 128.257880570331992, -3.65779532556183 ], [ 128.257672899785007, -3.65806544593128 ], [ 128.257608750244003, -3.65818476618164 ], [ 128.257569639627008, -3.65857440555155 ], [ 128.257569410299993, -3.6588471762231 ], [ 128.257441710167001, -3.6589912458161 ], [ 128.257142639720996, -3.65900269598432 ], [ 128.256793559774991, -3.65900240640263 ], [ 128.256560780156008, -3.65908014559891 ], [ 128.256327899812987, -3.65927478586912 ], [ 128.256211380051013, -3.65946952596408 ], [ 128.256199390289993, -3.65971043635354 ], [ 128.256210610231989, -3.66040472556289 ], [ 128.256442940189999, -3.66087252591109 ], [ 128.256628310248004, -3.66111943567785 ], [ 128.256813790024012, -3.66134498564681 ], [ 128.257154099782014, -3.6614540860014 ], [ 128.257417039964992, -3.66157088635129 ], [ 128.257687750289989, -3.66163328581145 ], [ 128.257904399668007, -3.66160237611275 ], [ 128.258152039685001, -3.6615015459237 ], [ 128.258336219940986, -3.6614495956864 ], [ 128.258461539568003, -3.66144739594471 ], [ 128.258562019920987, -3.66155629575044 ], [ 128.258719600029991, -3.66173171570994 ], [ 128.259001909809996, -3.66200469592351 ], [ 128.259079360323994, -3.66216062577563 ], [ 128.259288569612011, -3.66236521614495 ], [ 128.25939675985299, -3.66250520641314 ], [ 128.259528149904014, -3.66266076574458 ], [ 128.259613160118988, -3.66276187562274 ], [ 128.259674980416008, -3.6628474155384 ], [ 128.259643960100988, -3.66294066624126 ], [ 128.259543329561012, -3.66301053636963 ], [ 128.259427180319989, -3.66314256583904 ], [ 128.259040360324008, -3.6631422456804 ], [ 128.258800500343, -3.663188675879 ], [ 128.258645680254006, -3.66329736614267 ], [ 128.258580560344996, -3.66339625559473 ], [ 128.258544900427012, -3.66355376555571 ], [ 128.258598910111999, -3.66373257595928 ], [ 128.258737930011989, -3.66402026638356 ], [ 128.258876940019007, -3.66431572605102 ], [ 128.258923200245988, -3.66450230569766 ], [ 128.258954020011998, -3.66465000585382 ], [ 128.258930709585002, -3.66478210636969 ], [ 128.258891920026002, -3.6649064358438 ], [ 128.258822270232002, -3.66493746605165 ], [ 128.258713949589009, -3.66495292629687 ], [ 128.258528319626009, -3.66490613636953 ], [ 128.258334950098003, -3.6648515664072 ], [ 128.257940430106999, -3.66481237575107 ], [ 128.257436620004, -3.66476926584947 ], [ 128.257298360031001, -3.6647574361673 ], [ 128.25719013022001, -3.66467185578219 ], [ 128.257166999656988, -3.66457079626601 ], [ 128.257136160106, -3.66443863639488 ], [ 128.257175000025995, -3.66425213588847 ], [ 128.257206010449011, -3.66416666612002 ], [ 128.257167399856002, -3.66408113609683 ], [ 128.257088880048002, -3.66399673562224 ], [ 128.256981789678008, -3.66401103574211 ], [ 128.25687345015001, -3.66404980551551 ], [ 128.256757339579991, -3.66412742600118 ], [ 128.256548169861986, -3.6644770059699 ], [ 128.25649385980401, -3.66466349568448 ], [ 128.256424149754992, -3.66477225609533 ], [ 128.256344170347006, -3.66486422616357 ], [ 128.256253739918009, -3.66502082601064 ], [ 128.25620718021699, -3.66519954558264 ], [ 128.256230200163998, -3.6654249660492 ], [ 128.256261000145003, -3.66560375576839 ], [ 128.256222230372003, -3.6657125359643 ], [ 128.256106090124007, -3.66582902604812 ], [ 128.255811990230995, -3.6659686763726 ], [ 128.255618459723991, -3.66611619576494 ], [ 128.255432630112011, -3.66630257576219 ], [ 128.255370620057988, -3.66645019587864 ], [ 128.255354970056004, -3.6666600355907 ], [ 128.255308399563006, -3.66685430623959 ], [ 128.255323750091009, -3.66699421556875 ], [ 128.255354610327004, -3.66709528587685 ], [ 128.255339079934998, -3.66717299629475 ], [ 128.255230799761989, -3.66713404575764 ], [ 128.255122470125997, -3.66715726625287 ], [ 128.255052779862012, -3.66723493620129 ], [ 128.255049500034005, -3.66724479636819 ], [ 128.255031299554986, -3.66723431566907 ], [ 128.254597089783999, -3.66715696587926 ], [ 128.254265019614991, -3.66714385556247 ], [ 128.253690180158003, -3.66723319601311 ], [ 128.25325568979801, -3.6675023055446 ], [ 128.253063959733993, -3.66766895621487 ], [ 128.253025480442005, -3.66786140573656 ], [ 128.252953210023009, -3.66828047631975 ], [ 128.252823509796997, -3.66868648604887 ], [ 128.252769250101011, -3.66881857577289 ], [ 128.25267633034801, -3.66891953636365 ], [ 128.252615629708004, -3.66899818567373 ], [ 128.252598789902009, -3.66912932571373 ], [ 128.252621829633995, -3.66933919600279 ], [ 128.25253651005201, -3.66959560620771 ], [ 128.252489970135997, -3.66975101625163 ], [ 128.252443459897989, -3.66985978565572 ], [ 128.252373689594009, -3.66992962610643 ], [ 128.252300080085007, -3.67000330576296 ], [ 128.252218880296994, -3.67012385628581 ], [ 128.252141370428006, -3.67030255607279 ], [ 128.252118089677992, -3.67038803573385 ], [ 128.252133459991001, -3.67051240567741 ], [ 128.252187500253001, -3.67065234558361 ], [ 128.252195139994001, -3.67076893639144 ], [ 128.252125439836988, -3.67085437558303 ], [ 128.25197841956799, -3.67088534553632 ], [ 128.251824249689008, -3.6708941561944 ], [ 128.251746290158991, -3.67093178562737 ], [ 128.251707509594013, -3.67104833596579 ], [ 128.251746120186993, -3.67114163613134 ], [ 128.251728849606991, -3.67124898640522 ], [ 128.251668829752987, -3.67132051578275 ], [ 128.25162989000799, -3.67136693608873 ], [ 128.251629800074994, -3.6714757459623 ], [ 128.251652929739009, -3.67156903623533 ], [ 128.251745719989003, -3.67162351626548 ], [ 128.251792060255013, -3.67170904628866 ], [ 128.251776490292997, -3.67182562630467 ], [ 128.251572919754011, -3.67206193576249 ], [ 128.251505399554986, -3.67221400572443 ], [ 128.251427940047989, -3.6723227562427 ], [ 128.251327320299993, -3.67238484633602 ], [ 128.251126150051988, -3.67241576592723 ], [ 128.250824309693996, -3.67255541625171 ], [ 128.250607580276011, -3.67269513582399 ], [ 128.250592000420994, -3.67282725612494 ], [ 128.250607330263989, -3.67299825591651 ], [ 128.250684570337, -3.67313822639964 ], [ 128.250784940073004, -3.67337924560706 ], [ 128.250792530350992, -3.67355801554113 ], [ 128.250707299802002, -3.67372116604994 ], [ 128.250552430250991, -3.67388425630424 ], [ 128.250191240034013, -3.67425217614741 ], [ 128.250080100016987, -3.67438128551819 ], [ 128.250041299666009, -3.67452114628402 ], [ 128.250095330035009, -3.6746688662252 ], [ 128.250164799966001, -3.67486323579949 ], [ 128.250249749926013, -3.67503429584568 ], [ 128.250272820233988, -3.67520530552986 ], [ 128.250249439659996, -3.67541513624874 ], [ 128.250218279949991, -3.67566382577383 ], [ 128.250148470075999, -3.6758813960583 ], [ 128.249862400230001, -3.67630046574216 ], [ 128.249672799759992, -3.67657422566793 ], [ 128.249653270082007, -3.67687438609165 ], [ 128.24963454979499, -3.67763757596016 ], [ 128.249580130019012, -3.67781924620789 ], [ 128.24945334, -3.67803719600615 ], [ 128.249380830360991, -3.67821884556948 ], [ 128.24936255973401, -3.67843688619929 ], [ 128.249488990024986, -3.67865505633156 ], [ 128.249597379915002, -3.67881868617898 ], [ 128.249615319590987, -3.67900041578192 ], [ 128.249687560333001, -3.67912768603907 ], [ 128.249832100270993, -3.6793276862687 ], [ 128.250084940167994, -3.67978218564392 ], [ 128.250193359735988, -3.67990948557868 ], [ 128.250193230233009, -3.68007302639327 ], [ 128.250193039576999, -3.68029108590884 ], [ 128.250156549585, -3.6806726556621 ], [ 128.250156340042992, -3.68092705588222 ], [ 128.250174259933999, -3.6811269562871 ], [ 128.250192240079997, -3.68125417618223 ], [ 128.250191900136002, -3.68165394551573 ], [ 128.250227849635991, -3.68192654621535 ], [ 128.250300069692997, -3.68209014638522 ], [ 128.250209450406004, -3.6823081357537 ], [ 128.249992200279991, -3.68254417631424 ], [ 128.249793149733989, -3.68263486574792 ], [ 128.249594080303012, -3.68276189588613 ], [ 128.249214079865993, -3.68296146623986 ], [ 128.248978690413992, -3.68325200571632 ], [ 128.248689089830009, -3.68348799591487 ], [ 128.24848997003599, -3.68366953576082 ], [ 128.248218540252992, -3.68381468633891 ], [ 128.248019530177004, -3.68386902607486 ], [ 128.247657759898004, -3.68388689560388 ], [ 128.247368369755009, -3.68386847568972 ], [ 128.247097039797012, -3.68388641626522 ], [ 128.246934279593006, -3.68384993616577 ], [ 128.246600380203006, -3.68367514573174 ], [ 128.246482290225998, -3.68361332633438 ], [ 128.246229149955013, -3.68350407579298 ], [ 128.245957849674994, -3.68348567566399 ], [ 128.245632269912988, -3.68348540586733 ], [ 128.245161810268996, -3.68370305619142 ], [ 128.244835969704013, -3.68401169632273 ], [ 128.244759840294989, -3.68407107585942 ], [ 128.244673070105989, -3.68413875613855 ], [ 128.244257040130009, -3.68415657620488 ], [ 128.24384102994, -3.68415622636858 ], [ 128.243027169567995, -3.68404649558923 ], [ 128.242231579823994, -3.6837369057739 ], [ 128.241942240041993, -3.68366397615194 ], [ 128.241562639803988, -3.68337290607548 ], [ 128.241381930031991, -3.68317286627566 ], [ 128.241254589627999, -3.68311106576405 ], [ 128.241169389655994, -3.68307921627383 ], [ 128.240724600259995, -3.68240181633249 ], [ 128.24056765956999, -3.68212798625957 ], [ 128.240127919868002, -3.68173813554891 ], [ 128.239930999816011, -3.68158634617557 ], [ 128.239478649820001, -3.68131651628712 ], [ 128.238923439865005, -3.68116867583677 ], [ 128.238724380326005, -3.68114744554123 ], [ 128.238493869695986, -3.68113672562243 ], [ 128.238284350143005, -3.68109443590262 ], [ 128.237854860014011, -3.68096775560067 ], [ 128.237373069811014, -3.68073575569406 ], [ 128.236996070412005, -3.68050384571964 ], [ 128.236598140192001, -3.68022981599722 ], [ 128.236022069563006, -3.67996615635735 ], [ 128.235393470432001, -3.6798814060465 ], [ 128.234922130352004, -3.67969152588785 ], [ 128.234908260108, -3.67968605621115 ], [ 128.234443219778996, -3.67927655621318 ], [ 128.233902479915997, -3.67870296591485 ], [ 128.233624909561996, -3.67829124639002 ], [ 128.233361910024001, -3.67793832633915 ], [ 128.233040760323007, -3.67715918609484 ], [ 128.232646900433991, -3.67589502618318 ], [ 128.232427859757991, -3.67524104638656 ], [ 128.232282690293999, -3.6741606359551 ], [ 128.231698460116007, -3.67313144551143 ], [ 128.231201820308002, -3.67230806581711 ], [ 128.230911570413014, -3.67138292603469 ], [ 128.230837120036995, -3.67116149586008 ], [ 128.230471569906996, -3.67099952616108 ], [ 128.229711069909996, -3.67083721561907 ], [ 128.229228449633013, -3.67073392578423 ], [ 128.227999759880987, -3.67070347563909 ], [ 128.227370710190002, -3.6707764061604 ], [ 128.227019370248001, -3.67109940576678 ], [ 128.22619257043101, -3.67170024552305 ], [ 128.225152499988013, -3.6721010859491 ], [ 128.224112850428014, -3.67201983579964 ], [ 128.223727589856992, -3.67175784620071 ], [ 128.223233780214997, -3.67121556579942 ], [ 128.223012000203994, -3.67041992569354 ], [ 128.222909400149007, -3.66929142581438 ], [ 128.222725389864991, -3.668849506156 ], [ 128.222562369758009, -3.6687282361755 ], [ 128.222385199716996, -3.66857132606234 ], [ 128.22223639968999, -3.66841444562683 ], [ 128.222080469838005, -3.66830742630348 ], [ 128.221903240442003, -3.66821464594604 ], [ 128.22171887043001, -3.66819311617632 ], [ 128.221449300444988, -3.66827125557077 ], [ 128.221172609628013, -3.66837788638708 ], [ 128.220683200368995, -3.66843446633419 ], [ 128.220158400090014, -3.66841262629835 ], [ 128.219761139865, -3.6685262862157 ], [ 128.219498670028003, -3.66859730567753 ], [ 128.219335499734001, -3.66865415632065 ], [ 128.219193590311988, -3.66872528639918 ], [ 128.219058840392989, -3.6687322957152 ], [ 128.218952490165009, -3.66868945561027 ], [ 128.218817789708993, -3.66863233606994 ], [ 128.21866882960299, -3.66866070608314 ], [ 128.218463029644994, -3.66880302559545 ], [ 128.218285560130994, -3.66899524578999 ], [ 128.218044219864993, -3.66923728572797 ], [ 128.217866619949007, -3.66957201609113 ], [ 128.217653520194006, -3.66995658598269 ], [ 128.217518549940991, -3.67020584567801 ], [ 128.217475930169996, -3.67029131634582 ], [ 128.217376580265011, -3.67035534627687 ], [ 128.217285819784991, -3.67029702614151 ], [ 128.217185229715, -3.67019842627112 ], [ 128.217071809916007, -3.67013420568391 ], [ 128.216993770345994, -3.6701626359517 ], [ 128.216894440226014, -3.67020529619223 ], [ 128.216766710414987, -3.67029068592111 ], [ 128.216716959920007, -3.670404646212 ], [ 128.216752299679001, -3.67055430599076 ], [ 128.216801839732994, -3.67066834632141 ], [ 128.216865550405004, -3.67080378601999 ], [ 128.216978880271, -3.67096776570377 ], [ 128.217000029627997, -3.6711174056975 ], [ 128.21699278019301, -3.67129553621367 ], [ 128.216957239885005, -3.67139525573996 ], [ 128.216850779939989, -3.67147353632806 ], [ 128.216735649631005, -3.67155058574428 ], [ 128.216649449611992, -3.67163452576597 ], [ 128.216588179701006, -3.67169418589117 ], [ 128.216438189871013, -3.6718498558392 ], [ 128.216176470068007, -3.67210707633329 ], [ 128.21597780982799, -3.67219952574019 ], [ 128.215786280313012, -3.67224923576624 ], [ 128.215608930407996, -3.67230608550997 ], [ 128.215477009756, -3.67233541330116 ], [ 128.215440360584012, -3.67234356115892 ], [ 128.215417399992987, -3.67234866571081 ], [ 128.215282620397005, -3.67238416554925 ], [ 128.215224999934009, -3.67237508599386 ], [ 128.215217479802988, -3.67237387550636 ], [ 128.215147880370012, -3.67236267624895 ], [ 128.214977719645987, -3.67231264606426 ], [ 128.214800439887995, -3.67227686563739 ], [ 128.214701199701011, -3.67221977577465 ], [ 128.214607420195989, -3.67215488789041 ], [ 128.214569284444991, -3.6721358195651 ], [ 128.214467259955995, -3.6721055762641 ], [ 128.214341996086006, -3.67213934670621 ], [ 128.214313660247001, -3.67214698554767 ], [ 128.214226059985009, -3.67218373634298 ], [ 128.214140889689986, -3.67225491588421 ], [ 128.214130924302992, -3.67227126735767 ], [ 128.214091414387013, -3.67233608689337 ], [ 128.214062760188, -3.67238309625531 ], [ 128.213998789612987, -3.67253978603459 ], [ 128.213996252625009, -3.67262156858271 ], [ 128.213996029593005, -3.67262874787059 ], [ 128.214023850121009, -3.67308776723836 ], [ 128.213978041354011, -3.67331680927477 ], [ 128.213974224630988, -3.67333588839191 ], [ 128.213967542668001, -3.67336929910524 ], [ 128.213953892758013, -3.67337664926432 ], [ 128.213784547719001, -3.67346783512376 ], [ 128.213517092040007, -3.67329891636334 ], [ 128.213481242365987, -3.67327330906747 ], [ 128.213258307625011, -3.67311406971023 ], [ 128.213260760075997, -3.67310199631177 ], [ 128.21316151988799, -3.67298793619611 ], [ 128.213072593125986, -3.67291760651421 ], [ 128.213062300384991, -3.67290946585103 ], [ 128.21296054029699, -3.67282527581773 ], [ 128.21291352014299, -3.6727383356577 ], [ 128.212913512948006, -3.67273653701364 ], [ 128.212657261922999, -3.67245893068744 ], [ 128.212612720300996, -3.67242655599316 ], [ 128.212554713129009, -3.67235801866012 ], [ 128.212448239694993, -3.6722322160965 ], [ 128.212383850034996, -3.67218181629041 ], [ 128.212342254591988, -3.67219277273093 ], [ 128.212317285814009, -3.67219935127171 ], [ 128.212247799696001, -3.67221765607258 ], [ 128.212154670401986, -3.67228949571615 ], [ 128.212106714053988, -3.67235069997727 ], [ 128.212075830434998, -3.67239011636315 ], [ 128.211985739050988, -3.67243765092923 ], [ 128.21188420739, -3.67251062731588 ], [ 128.211419679675004, -3.67267954607628 ], [ 128.211173455190988, -3.67277074092893 ], [ 128.211151970386993, -3.67278487557357 ], [ 128.211135331131004, -3.67278486118438 ], [ 128.211044590435989, -3.67278477574881 ], [ 128.211009656270988, -3.67276468039771 ], [ 128.210944409556987, -3.67272714629279 ], [ 128.210894390163986, -3.67262641592855 ], [ 128.210830090435991, -3.67247531633511 ], [ 128.210751499581988, -3.67229544563085 ], [ 128.210694399826991, -3.67209400558659 ], [ 128.210692641652003, -3.67208869059333 ], [ 128.210637280285994, -3.6719213456465 ], [ 128.210609174674005, -3.67190436824495 ], [ 128.210578292853995, -3.67188571270848 ], [ 128.210529959690007, -3.67185651621826 ], [ 128.210401110222989, -3.67184202634144 ], [ 128.210313658349008, -3.67185658816404 ], [ 128.210124633444991, -3.67184902666424 ], [ 128.20963220875899, -3.67172305772605 ], [ 128.209549339830005, -3.67166865593691 ], [ 128.209311621134987, -3.67164330404847 ], [ 128.209277320092013, -3.67163964560639 ], [ 128.208928439796011, -3.67135796625064 ], [ 128.208894071304002, -3.67130404469948 ], [ 128.208830070152004, -3.67120363629251 ], [ 128.208798968897014, -3.67115483907832 ], [ 128.208670460273993, -3.67095320567988 ], [ 128.208474749809994, -3.67057068624256 ], [ 128.208479429882004, -3.67051614595777 ], [ 128.208472149870005, -3.67050999639371 ], [ 128.208383760002988, -3.67015005623493 ], [ 128.208419919942997, -3.66973293628125 ], [ 128.208498949666989, -3.66942373587228 ], [ 128.20857079020999, -3.66913611559516 ], [ 128.208664120052987, -3.66883412595041 ], [ 128.208778989558994, -3.66846741569529 ], [ 128.208830959581007, -3.66839792598023 ], [ 128.208994010265002, -3.66817991592726 ], [ 128.209080069989, -3.66800018551727 ], [ 128.209115989811011, -3.66785637582836 ], [ 128.209180580019989, -3.6676766256332 ], [ 128.209198106906996, -3.66763397168796 ], [ 128.209219011648003, -3.66746672476725 ], [ 128.209204546952009, -3.66742119928662 ], [ 128.209173729883986, -3.66732420560544 ], [ 128.209113954645005, -3.66726404635656 ], [ 128.209066439863989, -3.66721622580615 ] ], [ [ 128.213420638539759, -3.622459551562488 ], [ 128.213495071255295, -3.622541427549567 ], [ 128.213602998692807, -3.622556314092673 ], [ 128.213714647766096, -3.622578643907331 ], [ 128.213766274240413, -3.622608532918786 ], [ 128.213757023866862, -3.622525279556648 ], [ 128.213729016298174, -3.622383087284857 ], [ 128.213701008729487, -3.62226028486831 ], [ 128.213660074590649, -3.622135328023402 ], [ 128.213636375878679, -3.622001753465053 ], [ 128.213627758165245, -3.621926348472437 ], [ 128.213662229019008, -3.621868178906704 ], [ 128.213754869438503, -3.621838016909658 ], [ 128.213871208569969, -3.621822935911134 ], [ 128.213974621131257, -3.621829399196216 ], [ 128.21403279069699, -3.621853097908181 ], [ 128.214103886832902, -3.621857406764902 ], [ 128.214170674112069, -3.621857406764902 ], [ 128.214210598832381, -3.62185354308229 ], [ 128.214243626441998, -3.6211086239711 ], [ 128.21424931015801, -3.62098042201629 ], [ 128.214145183054001, -3.6210059124003 ], [ 128.212964794089999, -3.62129486277478 ], [ 128.212051898575993, -3.62198824456815 ], [ 128.212657703205622, -3.622105996163738 ], [ 128.21308569131989, -3.622210201965475 ], [ 128.213260608201381, -3.622262304866343 ], [ 128.213353649095779, -3.622333015946094 ], [ 128.213420638539759, -3.622459551562488 ] ] ] ] } },
{ "type": "Feature", "properties": { "gid": 123308, "kdkec": "010", "nmkab": "AMBON", "nmkec": "NUSANIWE", "nmsls": "RT 01 RW 02 SOA NAHEL", "kddesa": "004", "nmdesa": "AMAHUSU", "nmprov": "MALUKU", "sumber": "", "dom_sls": null, "kdprov": "81", "kdkab": "71", "iddesa": "8171010004", "idkec": "8171010" }, "geometry": { "type": "MultiPolygon", "coordinates": [ [ [ [ 128.104211680225006, -3.78877430591772 ], [ 128.104174610169991, -3.78879995548175 ], [ 128.104137530222999, -3.78882561583767 ], [ 128.104098370143987, -3.78884755569827 ], [ 128.104057200080007, -3.78886587578764 ], [ 128.104016039908004, -3.78888419587703 ], [ 128.103974879736995, -3.78890251596642 ], [ 128.103933699779986, -3.78892083605574 ], [ 128.103888980091995, -3.78892524543178 ], [ 128.103844120110011, -3.78892911611382 ], [ 128.103817140448996, -3.78892648559687 ], [ 128.103805249613004, -3.78892532547147 ], [ 128.103799459777008, -3.78892475620063 ], [ 128.103785620109988, -3.78892440546503 ], [ 128.103754779658999, -3.78892363564534 ], [ 128.103751460262004, -3.78892402595113 ], [ 128.103710069864007, -3.78892886610231 ], [ 128.103680910245998, -3.78896088556443 ], [ 128.103667399730995, -3.7890024953968 ], [ 128.103662549686987, -3.78904745610314 ], [ 128.103657660072997, -3.78909239612509 ], [ 128.103622969624013, -3.78912122569186 ], [ 128.103588280075002, -3.78915006605053 ], [ 128.103553589627012, -3.78917889561733 ], [ 128.103518890185001, -3.78920772608345 ], [ 128.103483890369006, -3.78923611588181 ], [ 128.103458653594004, -3.78925177397792 ], [ 128.103445580149014, -3.78925988586275 ], [ 128.103407260036988, -3.78928364595118 ], [ 128.103368959709996, -3.7893074060396 ], [ 128.103330639597004, -3.78933117602058 ], [ 128.103292340168991, -3.78935493610901 ], [ 128.103254020056994, -3.78937869619746 ], [ 128.103215709837002, -3.78940246617843 ], [ 128.10317739961701, -3.78942622626689 ], [ 128.103139090296992, -3.78944998545597 ], [ 128.103100780077, -3.78947374554441 ], [ 128.103062469857008, -3.78949751552536 ], [ 128.103024170428995, -3.78952128550637 ], [ 128.102985870102003, -3.78954507617172 ], [ 128.102947579666989, -3.78956887583033 ], [ 128.102909280239004, -3.78959265570387 ], [ 128.102870979912012, -3.78961644546988 ], [ 128.102832700269005, -3.78964023613527 ], [ 128.102794399942013, -3.78966402590131 ], [ 128.102756099613998, -3.7896878156674 ], [ 128.102717810079014, -3.78971160543348 ], [ 128.102679519643999, -3.78973538620632 ], [ 128.102641220215986, -3.78975918586488 ], [ 128.102603810218, -3.78978433540591 ], [ 128.102566570190987, -3.78980977542788 ], [ 128.102529340057004, -3.78983520555736 ], [ 128.102492109922991, -3.78986063568688 ], [ 128.102454879789008, -3.78988607570886 ], [ 128.102417649654996, -3.78991150583837 ], [ 128.102380409628012, -3.78993694586031 ], [ 128.102343180393007, -3.78996237598985 ], [ 128.102305950259989, -3.78998781601182 ], [ 128.102283230686993, -3.7900033338137 ], [ 128.102268720125011, -3.79001324614132 ], [ 128.102231489990999, -3.79003867627078 ], [ 128.102194259856986, -3.79006411539343 ], [ 128.102157019830997, -3.79008954552293 ], [ 128.102119789697014, -3.7901149855449 ], [ 128.102082559562007, -3.79014041567445 ], [ 128.102045330327996, -3.7901658556964 ], [ 128.102009289997, -3.79019295586694 ], [ 128.101973339598004, -3.79022019543234 ], [ 128.10193739009901, -3.79024743589714 ], [ 128.101911885967013, -3.79026675332292 ], [ 128.101901439699986, -3.79027466556994 ], [ 128.101865500092998, -3.79030190603477 ], [ 128.101829549694003, -3.79032913570763 ], [ 128.101793600195009, -3.79035637617238 ], [ 128.101757659687991, -3.79038361573779 ], [ 128.101721710188997, -3.7904108562025 ], [ 128.101685769683002, -3.790438095768 ], [ 128.101649820183013, -3.79046532544081 ], [ 128.101613869783989, -3.7904925659056 ], [ 128.101578430199993, -3.79052041611064 ], [ 128.101544739797987, -3.79055041569548 ], [ 128.101511050294988, -3.79058042607213 ], [ 128.101477359891987, -3.79061043554943 ], [ 128.101443670388988, -3.79064043603356 ], [ 128.101406909701012, -3.79066641564879 ], [ 128.101369319838, -3.79069133586261 ], [ 128.101331739867987, -3.79071624618398 ], [ 128.101294159898003, -3.79074115560596 ], [ 128.101256570034991, -3.79076605603473 ], [ 128.101218980172007, -3.79079094567167 ], [ 128.101181390308994, -3.79081584610044 ], [ 128.10116208006599, -3.79082059542021 ], [ 128.101137780383993, -3.79082657591178 ], [ 128.101096979942014, -3.79082449577989 ], [ 128.101067449802997, -3.79079181621545 ], [ 128.101055380002009, -3.79074831600813 ], [ 128.101053680283002, -3.79070311608216 ], [ 128.101049789815988, -3.79069630551624 ], [ 128.101031709846012, -3.79066469614504 ], [ 128.101000069896998, -3.79063472623786 ], [ 128.10095913995201, -3.79061587554854 ], [ 128.100915869971004, -3.79061237538704 ], [ 128.100871199745995, -3.7906180761895 ], [ 128.100840819747987, -3.79064857579731 ], [ 128.100813640436996, -3.79068463591339 ], [ 128.100786470119999, -3.79072069602944 ], [ 128.100770419919002, -3.79076293538724 ], [ 128.100766409842009, -3.79078050544208 ], [ 128.100765571674003, -3.79078417827333 ], [ 128.100760860126002, -3.79080482580812 ], [ 128.100785929626994, -3.79083990566317 ], [ 128.100810769801001, -3.79084769559073 ], [ 128.10082890013399, -3.79085338560126 ], [ 128.100871699768987, -3.7908671856981 ], [ 128.100905560144014, -3.79089700541844 ], [ 128.100925589843996, -3.79091724556038 ], [ 128.100935350186006, -3.79092711561984 ], [ 128.100905999911987, -3.79096141576257 ], [ 128.100875119890986, -3.79099419605114 ], [ 128.100841569783, -3.79102436560779 ], [ 128.100808029566991, -3.79105453606381 ], [ 128.100774480358012, -3.79108470562038 ], [ 128.100740940142003, -3.79111488596894 ], [ 128.100705620167986, -3.79114239623025 ], [ 128.100665090422012, -3.79116208598721 ], [ 128.100624549883008, -3.79118177574404 ], [ 128.100584020136012, -3.79120145560829 ], [ 128.100543479598002, -3.79122115615705 ], [ 128.100502949851005, -3.79124083602137 ], [ 128.100462410212003, -3.79126053567077 ], [ 128.100421869673994, -3.79128022542766 ], [ 128.100381330034992, -3.7912999061912 ], [ 128.100340800287995, -3.79131960584068 ], [ 128.100300259748991, -3.79133929559752 ], [ 128.100259730002989, -3.79135897546185 ], [ 128.100219190362992, -3.79137867601055 ], [ 128.100179610301012, -3.79140017610268 ], [ 128.100140430436994, -3.7914224855846 ], [ 128.100101259566003, -3.79144477618083 ], [ 128.10006208959399, -3.79146707577027 ], [ 128.100022909729006, -3.79148937625904 ], [ 128.099983739757988, -3.7915116758485 ], [ 128.099944559893999, -3.7915339754379 ], [ 128.099905389921986, -3.79155626603413 ], [ 128.099866219950002, -3.7915785755161 ], [ 128.099826999615999, -3.79160079596519 ], [ 128.099786930323006, -3.79162141562101 ], [ 128.099746860130011, -3.79164203617617 ], [ 128.099706780043988, -3.79166265583199 ], [ 128.099666709850993, -3.79168328538045 ], [ 128.099626639657998, -3.79170390593566 ], [ 128.099586570364011, -3.79172453548402 ], [ 128.099546490277987, -3.79174514614663 ], [ 128.099506420084992, -3.79176577569501 ], [ 128.099466349891998, -3.79178639625018 ], [ 128.099426269806997, -3.7918070257986 ], [ 128.099386210404987, -3.79182764545446 ], [ 128.099346130319987, -3.79184827590218 ], [ 128.099306070018997, -3.79186891624241 ], [ 128.099265999826002, -3.79188955568333 ], [ 128.099239957659989, -3.79190297012244 ], [ 128.099225929633008, -3.79191019602366 ], [ 128.099185880123997, -3.79193083546459 ], [ 128.099145809931002, -3.79195147580478 ], [ 128.099105739738008, -3.79197210625255 ], [ 128.099065680336992, -3.79199275558599 ], [ 128.099025420386994, -3.79201300562053 ], [ 128.098985119967011, -3.7920331756153 ], [ 128.098944830340002, -3.79205336539525 ], [ 128.098904529919992, -3.79207354618195 ], [ 128.098864240291988, -3.79209372606928 ], [ 128.098823949766, -3.79211390595667 ], [ 128.098783650244997, -3.79213409573662 ], [ 128.098772882663013, -3.79213948447427 ], [ 128.098743349826009, -3.7921542657314 ], [ 128.098703050306, -3.7921744555113 ], [ 128.09866249987499, -3.79219408591292 ], [ 128.098621649969004, -3.79221310567483 ], [ 128.098580800064013, -3.79223213622866 ], [ 128.098539950158994, -3.7922511658831 ], [ 128.098499100253008, -3.79227017575249 ], [ 128.098458250347988, -3.792289205407 ], [ 128.098417400442997, -3.7923082260682 ], [ 128.098376549638004, -3.79232725572273 ], [ 128.098335699733013, -3.79234628627648 ], [ 128.098294849827994, -3.79236529614591 ], [ 128.098254009815008, -3.79238432580037 ], [ 128.098213159909989, -3.7924033455623 ], [ 128.098172849597006, -3.79242351555715 ], [ 128.098132630116993, -3.79244385552383 ], [ 128.098092419630007, -3.79246419549046 ], [ 128.098052210041004, -3.7924845354572 ], [ 128.098011989662012, -3.7925048754239 ], [ 128.097971780074005, -3.79252521539059 ], [ 128.09793155969399, -3.79254555625663 ], [ 128.097891350106011, -3.79256589622328 ], [ 128.097851129725996, -3.79258623619003 ], [ 128.097810920137988, -3.7926065761567 ], [ 128.097770990239013, -3.79262740625392 ], [ 128.097734639641999, -3.79265408554166 ], [ 128.097698270158986, -3.79268076572879 ], [ 128.097661919562, -3.79270744591592 ], [ 128.097625559971988, -3.79273412610306 ], [ 128.097589210274009, -3.7927608161827 ], [ 128.097552849783995, -3.79278749547046 ], [ 128.097516500085987, -3.7928141756576 ], [ 128.097480139596996, -3.79284085584471 ], [ 128.097444049802988, -3.79286789576063 ], [ 128.09740806972701, -3.79289510564845 ], [ 128.097372110334987, -3.79292230564366 ], [ 128.097336140150986, -3.79294951553148 ], [ 128.097300160074013, -3.79297671552675 ], [ 128.097264189891007, -3.79300391552198 ], [ 128.097228990426004, -3.7930320759932 ], [ 128.097195219983007, -3.79306198564574 ], [ 128.097161439649, -3.79309189619768 ], [ 128.09712767999801, -3.79312180585025 ], [ 128.097093889771003, -3.79315172539536 ], [ 128.097060120228008, -3.79318162605469 ], [ 128.097025290385005, -3.79321028564968 ], [ 128.096990320246988, -3.79323875548765 ], [ 128.096955340216994, -3.79326724601004 ], [ 128.096920360186999, -3.79329572574053 ], [ 128.09688538015601, -3.79332420547109 ], [ 128.09687669090701, -3.79333128043758 ], [ 128.096874879671986, -3.7933327562251 ], [ 128.096850400125987, -3.79335268610093 ], [ 128.096818469697013, -3.79338456616805 ], [ 128.096786600421012, -3.79341651548305 ], [ 128.096754720353999, -3.79344845580482 ], [ 128.096717849948988, -3.79347249558244 ], [ 128.096675490081992, -3.79348781553346 ], [ 128.096633120321997, -3.79350312559192 ], [ 128.096590759555994, -3.793518445543 ], [ 128.096548389796993, -3.79353375560145 ], [ 128.096505049667996, -3.79354585597965 ], [ 128.096461400174007, -3.79355695541226 ], [ 128.096417579807991, -3.79356730570966 ], [ 128.096373350249991, -3.79357575573962 ], [ 128.096329119793012, -3.79358421566212 ], [ 128.096284880343006, -3.79359267558461 ], [ 128.096240649885999, -3.7936011355071 ], [ 128.096197840358002, -3.79361475573945 ], [ 128.096155580316008, -3.79363036617152 ], [ 128.096113330165991, -3.79364598559677 ], [ 128.096071070123998, -3.79366160592138 ], [ 128.096028810082004, -3.79367722624599 ], [ 128.095986559931987, -3.79369283577874 ], [ 128.095944479753996, -3.79370888597926 ], [ 128.095903819606008, -3.79372831583209 ], [ 128.095863160356998, -3.79374773579229 ], [ 128.095822500207987, -3.79376715575256 ], [ 128.095781830166999, -3.79378658560531 ], [ 128.095741170019011, -3.79380600556557 ], [ 128.095700509870994, -3.79382542552582 ], [ 128.095659859615012, -3.79384487606298 ], [ 128.095619239936013, -3.79386440574052 ], [ 128.095578620256987, -3.79388392552555 ], [ 128.095538020362994, -3.79390345610238 ], [ 128.095497399784989, -3.79392297588739 ], [ 128.095456789998991, -3.79394249567231 ], [ 128.095413949894009, -3.79395638570134 ], [ 128.095371019856998, -3.79397000593369 ], [ 128.095328089819986, -3.79398362616609 ], [ 128.095285139997003, -3.79399725539169 ], [ 128.095242209959991, -3.79401087562407 ], [ 128.095199279923008, -3.79402449585644 ], [ 128.095156339992997, -3.79403812598133 ], [ 128.095113400063013, -3.79405174621373 ], [ 128.095069639951987, -3.79406221612097 ], [ 128.09502561004399, -3.79407163562008 ], [ 128.094981570242993, -3.79408106591102 ], [ 128.094937530442991, -3.79409049620195 ], [ 128.094893499634992, -3.79409992559367 ], [ 128.094849170253013, -3.79410660575777 ], [ 128.094804140299004, -3.79410655539581 ], [ 128.094759120237001, -3.79410650593306 ], [ 128.094716129945994, -3.79410015582007 ], [ 128.094705630361005, -3.79409252597183 ], [ 128.094679649846, -3.79407364560482 ], [ 128.09464759980699, -3.79404486550078 ], [ 128.094647640276008, -3.79399963589711 ], [ 128.094675489581988, -3.79397170565239 ], [ 128.094716659645997, -3.79395659614268 ], [ 128.094761360449013, -3.79396198577968 ], [ 128.094806070244005, -3.79396737541677 ], [ 128.094850770146991, -3.79397277584562 ], [ 128.094895220038012, -3.79397514555919 ], [ 128.094938359617998, -3.79396219622108 ], [ 128.094981509988997, -3.79394924598363 ], [ 128.095024649567989, -3.79393630563872 ], [ 128.095067100266988, -3.79392169615211 ], [ 128.095106399741013, -3.79389964567487 ], [ 128.095145710006989, -3.7938775862044 ], [ 128.09517535975499, -3.79384676553862 ], [ 128.095193140251013, -3.79380522585339 ], [ 128.095190880254989, -3.79376006549751 ], [ 128.095183670390014, -3.79371683598615 ], [ 128.095176060326992, -3.79370778610842 ], [ 128.095154619590005, -3.79368228583179 ], [ 128.095119910255988, -3.79365456602841 ], [ 128.09508076006901, -3.79363222596951 ], [ 128.095041599989997, -3.79360989580309 ], [ 128.095001769915996, -3.79358897577369 ], [ 128.094960089935995, -3.79357185537996 ], [ 128.094918409956989, -3.79355475567055 ], [ 128.094875429557987, -3.7935421156992 ], [ 128.094831110067986, -3.7935341261222 ], [ 128.094786799571011, -3.7935261356458 ], [ 128.09474198995099, -3.79352219571596 ], [ 128.09469704992901, -3.79351940601894 ], [ 128.094652119799008, -3.79351662621451 ], [ 128.094607169884995, -3.7935138356182 ], [ 128.094562229862987, -3.79351106570633 ], [ 128.094517289841008, -3.79350828590185 ], [ 128.094472330033994, -3.79350763569203 ], [ 128.094427339649997, -3.79350939566528 ], [ 128.094382340273, -3.79351115563851 ], [ 128.094337349889003, -3.79351291561174 ], [ 128.094292360404012, -3.79351467558499 ], [ 128.094247370020014, -3.7935164256657 ], [ 128.094202379635988, -3.79351819553144 ], [ 128.094157380258991, -3.79351994561217 ], [ 128.094112389874994, -3.79352170558541 ], [ 128.09406737970599, -3.79352275599357 ], [ 128.094022359643986, -3.79352336573394 ], [ 128.093977339583006, -3.79352396558173 ], [ 128.093932309628997, -3.79352457622137 ], [ 128.093888439799997, -3.79353204599028 ], [ 128.093845710311001, -3.79354630564063 ], [ 128.093802979923993, -3.79356055539846 ], [ 128.093764280296995, -3.79358337569539 ], [ 128.093726229981996, -3.79360755576712 ], [ 128.093688189558009, -3.793631735839 ], [ 128.093660180173003, -3.79366704592048 ], [ 128.093632499939986, -3.79370272562325 ], [ 128.093618369792011, -3.79374545601089 ], [ 128.093605239689992, -3.79378871609926 ], [ 128.093592109588002, -3.79383198608012 ], [ 128.093585069694996, -3.7938761158129 ], [ 128.093585710013002, -3.7939213454165 ], [ 128.093586350330014, -3.79396656602687 ], [ 128.09358697985499, -3.79401179563053 ], [ 128.093603870023003, -3.79404989540896 ], [ 128.093636439870011, -3.79408111627305 ], [ 128.093675840067988, -3.79410198594043 ], [ 128.093693820214014, -3.79410979565308 ], [ 128.093717170210994, -3.79411993550914 ], [ 128.093758500354994, -3.79413789586972 ], [ 128.093801550002013, -3.79414687560033 ], [ 128.093846570062993, -3.79414570558234 ], [ 128.093891180034007, -3.7941478657539 ], [ 128.093933580370987, -3.79416137626897 ], [ 128.093964589894, -3.79419414576569 ], [ 128.093976399790989, -3.79422937580747 ], [ 128.093963460345009, -3.79425269612742 ], [ 128.09395447971599, -3.79426888572288 ], [ 128.093928830150986, -3.79430535592979 ], [ 128.093894920314, -3.79433509561049 ], [ 128.093864470168995, -3.79436180547521 ], [ 128.093860999685006, -3.79436484608305 ], [ 128.093824679665005, -3.79438704584775 ], [ 128.093779889829989, -3.79438250607005 ], [ 128.093736320375001, -3.79437368551944 ], [ 128.093696070317009, -3.79435342559238 ], [ 128.093653919991993, -3.79433834576034 ], [ 128.09361014998899, -3.79432775624327 ], [ 128.093566319730002, -3.79431763617229 ], [ 128.093521299667998, -3.79431758581028 ], [ 128.093510130088987, -3.79431757591768 ], [ 128.093476269713989, -3.79431753544822 ], [ 128.093460250090004, -3.79431751566317 ], [ 128.093431239760008, -3.79431748598549 ], [ 128.093387289892007, -3.79432475610495 ], [ 128.093344209668004, -3.7943378754149 ], [ 128.093301109658995, -3.79435098573169 ], [ 128.093258009649986, -3.79436405557893 ], [ 128.093214899748006, -3.7943771155337 ], [ 128.093171789845996, -3.79439018538097 ], [ 128.093127380423994, -3.79438614562639 ], [ 128.093082800130986, -3.79437980540597 ], [ 128.093038219838007, -3.79437348586998 ], [ 128.092993640444007, -3.79436715554205 ], [ 128.092949050258994, -3.794360816221 ], [ 128.092905130068004, -3.79435179602085 ], [ 128.092862729730996, -3.79433657589456 ], [ 128.092820330293989, -3.79432135576828 ], [ 128.092777929958004, -3.79430613564198 ], [ 128.092735529620995, -3.79429091551564 ], [ 128.092693130183989, -3.79427569538943 ], [ 128.092650729847009, -3.79426047616239 ], [ 128.092608350195007, -3.79424520567412 ], [ 128.092581320172002, -3.7942339956248 ], [ 128.09256672957099, -3.7942279458854 ], [ 128.092525109846008, -3.79421069598928 ], [ 128.092483490120998, -3.7941934254087 ], [ 128.092441870395987, -3.79417616562003 ], [ 128.092400259664004, -3.79415890583134 ], [ 128.092361790264988, -3.79413546590157 ], [ 128.092323560083997, -3.79411158620327 ], [ 128.092295100139012, -3.7940937958146 ], [ 128.092285329904001, -3.79408768582061 ], [ 128.092247099724005, -3.79406380612233 ], [ 128.092209019730007, -3.79403966562067 ], [ 128.092171589946986, -3.7940145358648 ], [ 128.092134140377993, -3.79398940610888 ], [ 128.092097580238999, -3.79396316569025 ], [ 128.092064290035012, -3.79393270565259 ], [ 128.092030999830996, -3.79390225550741 ], [ 128.091997709627009, -3.79387179546979 ], [ 128.091964039908987, -3.7938418255626 ], [ 128.091926700057002, -3.79381655551246 ], [ 128.091889350313011, -3.79379129625416 ], [ 128.091852009563013, -3.79376602620411 ], [ 128.091814659818994, -3.79374075615396 ], [ 128.091778089786999, -3.79371451573529 ], [ 128.091745129634006, -3.79368370586136 ], [ 128.091712159589008, -3.79365290587991 ], [ 128.091679190441994, -3.79362209600599 ], [ 128.091646230289001, -3.79359128613206 ], [ 128.091607140357013, -3.79356892538873 ], [ 128.091567810306003, -3.79354692617284 ], [ 128.091549670081008, -3.79354158599854 ], [ 128.091549670081008, -3.79354116601516 ], [ 128.091516100187988, -3.79344044554333 ], [ 128.091482520401996, -3.7933733057568 ], [ 128.091401950140011, -3.79324572613284 ], [ 128.091294519825993, -3.79311815550205 ], [ 128.091220660304998, -3.79302414577143 ], [ 128.091133370308995, -3.79295028625044 ], [ 128.091012510419006, -3.79286300614671 ], [ 128.090891649630009, -3.79275556594056 ], [ 128.090796450096008, -3.79271749583977 ], [ 128.090790960633996, -3.79271529879606 ], [ 128.090790930057011, -3.79271528620549 ], [ 128.090645876200995, -3.79268046976744 ], [ 128.090623069798994, -3.79267499567861 ], [ 128.090535789694997, -3.79266828583678 ], [ 128.09040821007099, -3.79264813562705 ], [ 128.090320920073992, -3.79266828583678 ], [ 128.090206779918987, -3.79271528620549 ], [ 128.090153059816004, -3.79274885609879 ], [ 128.090065769819006, -3.79293686566757 ], [ 128.090002130193994, -3.79308728627291 ], [ 128.090000970069013, -3.79308556586982 ], [ 128.089965060139008, -3.79310472592596 ], [ 128.08981734019801, -3.79312486624312 ], [ 128.089696480307992, -3.79302414577143 ], [ 128.089683049833013, -3.79277571615032 ], [ 128.089686659711987, -3.79277003603231 ], [ 128.089677000094014, -3.7927530262551 ], [ 128.089667690312012, -3.79273661542648 ], [ 128.089645389823005, -3.79269732584498 ], [ 128.089627669581006, -3.79265589587697 ], [ 128.089612149981008, -3.79261343618525 ], [ 128.089600230365988, -3.79257002591019 ], [ 128.089592870314988, -3.79252540604688 ], [ 128.089585510262992, -3.79248077539176 ], [ 128.08957794966301, -3.79243620589051 ], [ 128.089568129964988, -3.79239205547335 ], [ 128.089558310267989, -3.79234792574058 ], [ 128.089548489670989, -3.79230377622277 ], [ 128.08953866997399, -3.79225964559068 ], [ 128.089528850275997, -3.79221549607284 ], [ 128.089523010079006, -3.79217080606245 ], [ 128.089520480286012, -3.79212564570666 ], [ 128.089517949594011, -3.79208049614269 ], [ 128.089515419800989, -3.79203533578687 ], [ 128.089512899900996, -3.791990175431 ], [ 128.08951038, -3.79194501597453 ], [ 128.089509690220012, -3.79189985561872 ], [ 128.089511770352004, -3.79185466558529 ], [ 128.089513159804994, -3.79180949623624 ], [ 128.089509930339005, -3.79176440602755 ], [ 128.089500939816986, -3.79172009553107 ], [ 128.089490749598014, -3.79167604583794 ], [ 128.089482090026991, -3.79163172544892 ], [ 128.08947891991599, -3.79158667570974 ], [ 128.089483160219999, -3.79154170601017 ], [ 128.089491690289009, -3.79149731547406 ], [ 128.089499009871986, -3.79145269561078 ], [ 128.089500310290987, -3.7914074857923 ], [ 128.089499730228994, -3.79136227597371 ], [ 128.089497679774013, -3.79131710572538 ], [ 128.089494050110005, -3.79127203620108 ], [ 128.089488580433994, -3.79122714564181 ], [ 128.089481289629987, -3.79118252577859 ], [ 128.089474579788003, -3.7911378762377 ], [ 128.089472870176991, -3.7910927455595 ], [ 128.089479619589014, -3.79104810591118 ], [ 128.089488049833989, -3.79100369558991 ], [ 128.089489639834994, -3.79095849566393 ], [ 128.089492589611012, -3.79091336588507 ], [ 128.089496640157989, -3.7908683260384 ], [ 128.089501629597009, -3.79082337612396 ], [ 128.089508209936014, -3.790778676221 ], [ 128.089519740143999, -3.79073499614926 ], [ 128.089532479940004, -3.79069161555181 ], [ 128.089545889730999, -3.7906484355031 ], [ 128.089559480285999, -3.79060531570903 ], [ 128.089575769705988, -3.79056320585357 ], [ 128.089594310129002, -3.79052198542769 ], [ 128.089612950376988, -3.79048082615563 ], [ 128.08963198003201, -3.79043982606357 ], [ 128.089651739935988, -3.7903992261698 ], [ 128.089674650164994, -3.79036028552531 ], [ 128.089697549601993, -3.79032134578008 ], [ 128.089721270120009, -3.79028290605787 ], [ 128.089739240374001, -3.79025440564294 ], [ 128.089745360259997, -3.79024469566285 ], [ 128.089769429715005, -3.79020646548267 ], [ 128.089792310267001, -3.79016753563001 ], [ 128.089814320274996, -3.79012807607658 ], [ 128.089831279690003, -3.79009765560911 ], [ 128.089836320389992, -3.79008861562393 ], [ 128.089856379768008, -3.79004813623936 ], [ 128.089876139671986, -3.79000749587616 ], [ 128.089894480445992, -3.7899662556651 ], [ 128.089909750034991, -3.78992369614868 ], [ 128.089924630217013, -3.78988103590814 ], [ 128.089934760180995, -3.78983696553059 ], [ 128.089944550201011, -3.78979282590536 ], [ 128.08995340042901, -3.78974847583871 ], [ 128.089962710211012, -3.78970423548931 ], [ 128.089973520061989, -3.78966032609049 ], [ 128.089984310127988, -3.78961642568483 ], [ 128.089995350204987, -3.78957256574869 ], [ 128.090006669972013, -3.78952879574477 ], [ 128.090017989737987, -3.78948502574086 ], [ 128.090034100194003, -3.78944278548369 ], [ 128.090050639624991, -3.78940072599025 ], [ 128.090068779849986, -3.7893593256999 ], [ 128.09008870972599, -3.78931880584584 ], [ 128.09010967022499, -3.78927877612234 ], [ 128.090131049808008, -3.78923897572587 ], [ 128.09015280980401, -3.78919937587828 ], [ 128.090174569801007, -3.78915978592319 ], [ 128.090196069893011, -3.78912003588877 ], [ 128.090217519622996, -3.78908027596187 ], [ 128.090238990036994, -3.78904051603492 ], [ 128.090257820042012, -3.78899944579576 ], [ 128.090276589793007, -3.7889583260939 ], [ 128.090291860281013, -3.78891581604016 ], [ 128.090306559699997, -3.78887306586745 ], [ 128.090321930013005, -3.7888305558137 ], [ 128.090337300326013, -3.78878804575995 ], [ 128.090353659893992, -3.78874590622684 ], [ 128.090370270372006, -3.78870386561919 ], [ 128.090383570445994, -3.78866067567797 ], [ 128.090396570145998, -3.78861736612693 ], [ 128.090409950258987, -3.78857417618571 ], [ 128.090423500344002, -3.78853105549224 ], [ 128.090438890443011, -3.78848856612294 ], [ 128.090454949636012, -3.7884463159733 ], [ 128.090471499860001, -3.78840424568795 ], [ 128.090488429597002, -3.78836233548208 ], [ 128.090505280195003, -3.78832040549104 ], [ 128.090521780056008, -3.78827831542073 ], [ 128.090538279918007, -3.78823622624959 ], [ 128.090554570237003, -3.78819407592472 ], [ 128.090570310172012, -3.78815169627263 ], [ 128.090586050105998, -3.78810931572126 ], [ 128.09060171000101, -3.78806691538479 ], [ 128.090617010166994, -3.78802437565349 ], [ 128.090632330118012, -3.78798184581458 ], [ 128.090647810147999, -3.78793937623032 ], [ 128.090663589652991, -3.78789701546404 ], [ 128.090679370056989, -3.78785465559706 ], [ 128.090695100098998, -3.78781227594505 ], [ 128.090710810356001, -3.78776988550116 ], [ 128.090726509820996, -3.7877274959565 ], [ 128.090741429573001, -3.78768482582344 ], [ 128.090756350225007, -3.78764215569036 ], [ 128.090771279871007, -3.78759947566472 ], [ 128.090785570098006, -3.78755659598959 ], [ 128.090799819855988, -3.78751368573757 ], [ 128.090814069613998, -3.78747078627735 ], [ 128.090829230384998, -3.78742819618401 ], [ 128.090844769770001, -3.78738575627737 ], [ 128.090860310055007, -3.78734329568629 ], [ 128.090876350363004, -3.78730104553661 ], [ 128.090893409603012, -3.78725918569274 ], [ 128.090910459849994, -3.78721732584878 ], [ 128.09092725019201, -3.78717536618013 ], [ 128.090942960449013, -3.7871329757362 ], [ 128.090958679699014, -3.78709059608415 ], [ 128.09097463996801, -3.7870482955724 ], [ 128.090989239561992, -3.7870055561916 ], [ 128.091001800393002, -3.78696212613138 ], [ 128.091009520173003, -3.78691758540846 ], [ 128.09101545030299, -3.78687276589569 ], [ 128.091020339917009, -3.78682781598119 ], [ 128.091025969673012, -3.78678293621392 ], [ 128.091031610220995, -3.78673806543977 ], [ 128.091037759784996, -3.78669325581953 ], [ 128.091044570350988, -3.78664854602405 ], [ 128.091052489780992, -3.78660402598553 ], [ 128.091063619789992, -3.78656024608908 ], [ 128.091075980071992, -3.78651675577429 ], [ 128.091089559835012, -3.78647365576524 ], [ 128.091104479588012, -3.78643097573965 ], [ 128.091120900308994, -3.7863888757768 ], [ 128.091137189730006, -3.78634670566673 ], [ 128.091154140152014, -3.78630482603775 ], [ 128.091173140128006, -3.78626381605317 ], [ 128.091193099681988, -3.78622328540721 ], [ 128.091213490011, -3.78618295620943 ], [ 128.091234339892992, -3.78614287612388 ], [ 128.091255609759003, -3.78610301547283 ], [ 128.091280430148004, -3.78606544539511 ], [ 128.091307710183003, -3.78602946621804 ], [ 128.091338609989009, -3.78599657621221 ], [ 128.091369720236003, -3.78596388585584 ], [ 128.091401020240994, -3.78593136547141 ], [ 128.091433109849987, -3.78589997553474 ], [ 128.091468380361988, -3.78587194546528 ], [ 128.091505659957988, -3.78584659627473 ], [ 128.091543509725, -3.78582209604423 ], [ 128.091581649972994, -3.78579808594428 ], [ 128.091622269651992, -3.78577872623865 ], [ 128.09166410971099, -3.78576203572079 ], [ 128.091706480369993, -3.78574673555483 ], [ 128.091748850128994, -3.78573144618078 ], [ 128.091790350244992, -3.78571393548122 ], [ 128.091831620133007, -3.78569583572575 ], [ 128.091872839659999, -3.78567765593057 ], [ 128.091914009724007, -3.78565934573379 ], [ 128.091955509839011, -3.78564187550369 ], [ 128.091998390413011, -3.78562807540695 ], [ 128.092041219726013, -3.78561413591522 ], [ 128.092083350265995, -3.78559828626349 ], [ 128.092124760449991, -3.78558054623681 ], [ 128.092165380127994, -3.78556104623696 ], [ 128.092205749795994, -3.78554101563702 ], [ 128.092245999852992, -3.78552074581746 ], [ 128.092286189655994, -3.78550035548877 ], [ 128.092326230171011, -3.78547967557829 ], [ 128.092365859696997, -3.7854582060631 ], [ 128.092405490120996, -3.78543672575611 ], [ 128.092445089969004, -3.78541520587887 ], [ 128.092484640354002, -3.78539359606944 ], [ 128.092524199731997, -3.78537198625999 ], [ 128.092564240246986, -3.78535131624213 ], [ 128.092604549659995, -3.78533116603238 ], [ 128.092643109892009, -3.78530795542971 ], [ 128.092680820264007, -3.78528324565725 ], [ 128.092715109615, -3.785253945745 ], [ 128.092752120314003, -3.78522818556433 ], [ 128.092791669799993, -3.78520663600949 ], [ 128.092833429818995, -3.78519000574623 ], [ 128.092875929980011, -3.7851750554165 ], [ 128.092918610005995, -3.78516064557943 ], [ 128.092960950088013, -3.78514538588293 ], [ 128.093002339586008, -3.78512757570915 ], [ 128.093044440449006, -3.78511159565576 ], [ 128.09308650983499, -3.78509548609994 ], [ 128.093127570180997, -3.78507700593126 ], [ 128.093167629582013, -3.78505634580594 ], [ 128.093207359832007, -3.78503508583273 ], [ 128.093246760030013, -3.78501319543485 ], [ 128.09328617012099, -3.78499130593628 ], [ 128.093325590104001, -3.78496947579297 ], [ 128.09336518995201, -3.78494795591576 ], [ 128.093404789798996, -3.78492643603847 ], [ 128.093444389647004, -3.78490490626875 ], [ 128.093482230420989, -3.7848804761854 ], [ 128.093519340045987, -3.78485486619158 ], [ 128.093556449671013, -3.78482925619763 ], [ 128.093591839791998, -3.78480130616784 ], [ 128.093626950224007, -3.78477299550981 ], [ 128.093662059756014, -3.78474468575114 ], [ 128.093695709689001, -3.78471465558946 ], [ 128.093728849706991, -3.78468404626433 ], [ 128.093761999616987, -3.78465343603987 ], [ 128.093795250250992, -3.78462294542521 ], [ 128.093828539555005, -3.78459247549501 ], [ 128.093861819866987, -3.7845620154574 ], [ 128.093893320419994, -3.7845297261986 ], [ 128.093924390198993, -3.78449698548028 ], [ 128.093955250434988, -3.78446406579677 ], [ 128.093986019839008, -3.78443103549673 ], [ 128.094020239942012, -3.78440185609368 ], [ 128.094056069831993, -3.78437447623401 ], [ 128.094094280227011, -3.78435064599843 ], [ 128.094133130040007, -3.78432778613139 ], [ 128.094172749672992, -3.7843064155416 ], [ 128.094213829804005, -3.78428789580275 ], [ 128.094238750018008, -3.78427732607073 ], [ 128.094255279558013, -3.78427031585545 ], [ 128.094297630430987, -3.78425495543491 ], [ 128.094340299664992, -3.78424053570521 ], [ 128.094383039945996, -3.78422629583994 ], [ 128.094425409704996, -3.78421103614354 ], [ 128.094430280432988, -3.78420903605125 ], [ 128.094467079791997, -3.78419393553479 ], [ 128.094507710263002, -3.78417468554642 ], [ 128.094545190408013, -3.78414962593763 ], [ 128.094580190224008, -3.78412119566984 ], [ 128.094612889573, -3.78409029586368 ], [ 128.094642899950003, -3.78405657578361 ], [ 128.094672910327006, -3.78402285570349 ], [ 128.094699259562987, -3.78398631624878 ], [ 128.094724009804992, -3.78394851594467 ], [ 128.094749029843996, -3.78391092608182 ], [ 128.094774739662995, -3.78387379577247 ], [ 128.094800439588994, -3.78383666546326 ], [ 128.094826769939999, -3.78379997582171 ], [ 128.094853950149997, -3.78376393549076 ], [ 128.094883939841992, -3.78373021541075 ], [ 128.094913950218995, -3.7836964854381 ], [ 128.094942740215004, -3.78366173563428 ], [ 128.094971079651998, -3.78362658563211 ], [ 128.095001240214998, -3.78359301573881 ], [ 128.095031550066011, -3.78355956545533 ], [ 128.095061209707012, -3.78352553600847 ], [ 128.095091009642005, -3.78349163606399 ], [ 128.095122639697991, -3.78345945562323 ], [ 128.095154269754005, -3.78342726618932 ], [ 128.09518822995301, -3.78339756607875 ], [ 128.095222299868993, -3.78336800626248 ], [ 128.095257789815008, -3.78334016594986 ], [ 128.095293269868989, -3.7833123157448 ], [ 128.09532888032399, -3.78328463551161 ], [ 128.095364489878989, -3.78325695617769 ], [ 128.095401550041004, -3.78323131560682 ], [ 128.095439030187009, -3.78320624610549 ], [ 128.095478870154011, -3.78318531618357 ], [ 128.095519350437996, -3.78316551581011 ], [ 128.095558819883991, -3.78314376570641 ], [ 128.095597020386009, -3.78311995615535 ], [ 128.095631319630002, -3.78309084600003 ], [ 128.095662150187991, -3.78305797577924 ], [ 128.095690799891003, -3.7830230757887 ], [ 128.095719470277004, -3.78298821626753 ], [ 128.09574829984399, -3.78295346556441 ], [ 128.095777140203012, -3.78291873554567 ], [ 128.09580549043099, -3.78288359543608 ], [ 128.095832270442997, -3.78284736624752 ], [ 128.095852339714014, -3.78280705593549 ], [ 128.095866510331007, -3.78276412589831 ], [ 128.095879619749013, -3.78272089548763 ], [ 128.095890140018014, -3.7826769159416 ], [ 128.095901420214005, -3.78263312615258 ], [ 128.095914769751005, -3.78259000545914 ], [ 128.095930640087005, -3.78254766627664 ], [ 128.095950019577998, -3.7825068955117 ], [ 128.095970579878013, -3.78246665624609 ], [ 128.095992259834986, -3.7824270258216 ], [ 128.096014429922008, -3.78238766609294 ], [ 128.096037480445005, -3.78234881627989 ], [ 128.09606321004901, -3.78231169586318 ], [ 128.096088810150007, -3.78227449540683 ], [ 128.096113760041987, -3.78223684618867 ], [ 128.096135139625005, -3.7821971159394 ], [ 128.09615016999399, -3.78215464545576 ], [ 128.096161290111013, -3.7821108358817 ], [ 128.096176549808007, -3.78206845622962 ], [ 128.096201770394998, -3.78203121620309 ], [ 128.096232510122007, -3.78199834598232 ], [ 128.096265699601986, -3.78196780590503 ], [ 128.096301030368011, -3.78193981540564 ], [ 128.096337100377013, -3.78191274581211 ], [ 128.09637432961199, -3.78188729589754 ], [ 128.096412510329003, -3.78186339551487 ], [ 128.096451690192993, -3.78184119575023 ], [ 128.096493399850999, -3.78182419586559 ], [ 128.096496110407003, -3.78182339546898 ], [ 128.096536419820012, -3.78181142549256 ], [ 128.096580019852013, -3.78180046545478 ], [ 128.09662223043199, -3.78178471562783 ], [ 128.09666378990201, -3.78176751609365 ], [ 128.096703600191006, -3.78174639551543 ], [ 128.096742389750005, -3.78172348618566 ], [ 128.09678046974301, -3.7816993654691 ], [ 128.096815859863995, -3.78167140554674 ], [ 128.096851259878008, -3.78164344562434 ], [ 128.096884450256994, -3.78161289565444 ], [ 128.096917649630001, -3.78158232589947 ], [ 128.096949939788004, -3.78155082624556 ], [ 128.096981530273013, -3.78151859544278 ], [ 128.097013100075003, -3.7814863556468 ], [ 128.097045079966989, -3.78145451604909 ], [ 128.09707609038901, -3.78142178612255 ], [ 128.097103050266014, -3.78138574579163 ], [ 128.097124720329987, -3.78134609558202 ], [ 128.097146580150991, -3.78130655598894 ], [ 128.09716850022599, -3.78126704607355 ], [ 128.097186849992994, -3.7812257860774 ], [ 128.097204359793011, -3.78118412588303 ], [ 128.097219820038987, -3.78114164550687 ], [ 128.09723672999101, -3.7810997254084 ], [ 128.097250309754003, -3.781056685654 ], [ 128.097261589949994, -3.78101289586493 ], [ 128.097271999603009, -3.78096890552707 ], [ 128.097284320314998, -3.78092540621912 ], [ 128.09729749988, -3.78088216591586 ], [ 128.097311370124004, -3.78083912616143 ], [ 128.097326539888002, -3.78079654596061 ], [ 128.097341359815999, -3.78075383625727 ], [ 128.097355700404989, -3.78071096557543 ], [ 128.097369870123003, -3.78066803553829 ], [ 128.097383969694988, -3.78062507582349 ], [ 128.097397720329013, -3.78058201628395 ], [ 128.097410589627003, -3.78053867615598 ], [ 128.097423340214988, -3.78049529555848 ], [ 128.097436589927014, -3.78045207593966 ], [ 128.097449690350999, -3.78040879606624 ], [ 128.097462740412993, -3.78036551619284 ], [ 128.097476539610994, -3.7803224656465 ], [ 128.097490509679005, -3.78027946546224 ], [ 128.097504190166006, -3.78023637624508 ], [ 128.097517140403994, -3.78019307568729 ], [ 128.09752871018199, -3.78014935604536 ], [ 128.097539719682004, -3.78010550600171 ], [ 128.097549620319, -3.7800613960541 ], [ 128.097558729551992, -3.78001709545019 ], [ 128.09756675959801, -3.77997259609602 ], [ 128.097575570256993, -3.77992824602939 ], [ 128.097586649904002, -3.77988444544848 ], [ 128.097594220397013, -3.77986402544217 ], [ 128.097602329583992, -3.77984214583614 ], [ 128.097621000408992, -3.7798009955573 ], [ 128.097643749658999, -3.77976196587986 ], [ 128.097666739928002, -3.7797230755973 ], [ 128.097690869638001, -3.77968489577928 ], [ 128.097715320405996, -3.77964692550318 ], [ 128.097740499623995, -3.77960942557256 ], [ 128.097764909923001, -3.77957142561882 ], [ 128.097789039632005, -3.77953323590817 ], [ 128.097812100048003, -3.77949439598774 ], [ 128.097835330435998, -3.77945564599943 ], [ 128.097858620179011, -3.7794169355813 ], [ 128.097882990008003, -3.77937890594998 ], [ 128.097906840028998, -3.77934055616 ], [ 128.097930570440013, -3.77930212543106 ], [ 128.097955440291003, -3.7792644159584 ], [ 128.09798065008701, -3.77922694570538 ], [ 128.098005670126014, -3.77918935584258 ], [ 128.098030690163995, -3.77915174619459 ], [ 128.098057089762989, -3.77911511590838 ], [ 128.09808495975301, -3.77907960617743 ], [ 128.098112309935004, -3.77904367556376 ], [ 128.098125320426988, -3.77902580603474 ], [ 128.098138890298003, -3.77900717567925 ], [ 128.098165819597, -3.77897103552349 ], [ 128.098196939736994, -3.77893835595909 ], [ 128.098226680316998, -3.7789044155451 ], [ 128.098255630392998, -3.77886977545853 ], [ 128.098283840327014, -3.77883452563167 ], [ 128.098313140238986, -3.77880019581124 ], [ 128.098343659632008, -3.77876696586169 ], [ 128.098375310372006, -3.77873479621276 ], [ 128.098406089668998, -3.77870180548293 ], [ 128.098435670170005, -3.77866772567396 ], [ 128.098465419743007, -3.77863384551457 ], [ 128.098497950020004, -3.77860263544235 ], [ 128.098532410242996, -3.77857351539451 ], [ 128.098555146003008, -3.77855726824247 ], [ 128.098559569768014, -3.77855410622613 ], [ 128.098569080098997, -3.77854730555285 ], [ 128.098606080006988, -3.77852153547967 ], [ 128.098640960212009, -3.77849293613929 ], [ 128.098675729800988, -3.77846419560534 ], [ 128.098710410357, -3.77843536603857 ], [ 128.098745090014006, -3.77840651578738 ], [ 128.098778800202012, -3.77837652609509 ], [ 128.098811520236012, -3.7783454859947 ], [ 128.098843230330999, -3.77831338559367 ], [ 128.098875589736991, -3.77828197587189 ], [ 128.098909739692999, -3.7782524960952 ], [ 128.098942879709995, -3.77822195601793 ], [ 128.098973989958012, -3.77818925576902 ], [ 128.099005209923007, -3.77815666613673 ], [ 128.099037920064006, -3.7781255954594 ], [ 128.099070630205006, -3.77809451578888 ], [ 128.099104030126995, -3.7780641762604 ], [ 128.099137750207007, -3.77803420545392 ], [ 128.099169779562004, -3.7780024962579 ], [ 128.099200510294992, -3.7779694362802 ], [ 128.099231279700007, -3.77793641587272 ], [ 128.099262050004, -3.77790340625701 ], [ 128.099294750252994, -3.77787249565897 ], [ 128.099330299553998, -3.77784475607051 ], [ 128.099365859647008, -3.77781700569013 ], [ 128.099401440424003, -3.77778928588675 ], [ 128.099437090448987, -3.77776165601556 ], [ 128.099472069580003, -3.77773322574777 ], [ 128.099505070203008, -3.777702455444 ], [ 128.099540480108999, -3.77767459624568 ], [ 128.099578140119007, -3.77764991615079 ], [ 128.099586730508491, -3.777644590589275 ], [ 128.099616450338999, -3.7776261659549 ], [ 128.099654059986989, -3.77760129610305 ], [ 128.099691120149004, -3.77757562585457 ], [ 128.09969502699488, -3.777572749835469 ], [ 128.099727430276999, -3.77754889620479 ], [ 128.099763539856013, -3.77752187607393 ], [ 128.09979942010699, -3.77749456546205 ], [ 128.099834910053005, -3.77746672604883 ], [ 128.09987030017399, -3.77743877601901 ], [ 128.099905999662013, -3.77741120550303 ], [ 128.099942280112003, -3.77738442549122 ], [ 128.099978569554992, -3.77735764547938 ], [ 128.10001485000501, -3.77733085557496 ], [ 128.100053070293001, -3.77730700555431 ], [ 128.100091660201997, -3.77728370591875 ], [ 128.100130369721001, -3.77726059604015 ], [ 128.100169090030988, -3.77723752573177 ], [ 128.100207619685989, -3.77721412627148 ], [ 128.100246320211994, -3.77719100560098 ], [ 128.100282509830009, -3.77716408619422 ], [ 128.100318280364007, -3.7771366559725 ], [ 128.100353419574986, -3.77710836599894 ], [ 128.100388780017994, -3.77708036560705 ], [ 128.100423879657995, -3.77705206574098 ], [ 128.100457689671003, -3.77702219565854 ], [ 128.100491710124004, -3.77699256569513 ], [ 128.100526180239001, -3.77696349600941 ], [ 128.100562189993013, -3.77693634547678 ], [ 128.10059774019399, -3.77690861578084 ], [ 128.100632210307992, -3.7768795056256 ], [ 128.100667499704997, -3.77685142609343 ], [ 128.100698080251988, -3.77681895607092 ], [ 128.100723520273988, -3.77678162611214 ], [ 128.100752830078989, -3.77674735564699 ], [ 128.100782729839011, -3.77671353574213 ], [ 128.100812760000991, -3.77667984623903 ], [ 128.100841520319989, -3.77664513600538 ], [ 128.100867230138988, -3.77660800569606 ], [ 128.100892449827001, -3.77657054623498 ], [ 128.100917399718014, -3.77653289611749 ], [ 128.100941499750007, -3.77649469561501 ], [ 128.100965609675001, -3.77645649601181 ], [ 128.100989260045992, -3.77641801582016 ], [ 128.101012850162988, -3.77637948616578 ], [ 128.101036790116012, -3.776341175946 ], [ 128.10106116983701, -3.7763031562072 ], [ 128.101086349955011, -3.77626566616915 ], [ 128.101111760299005, -3.77622832541844 ], [ 128.10113748990301, -3.77619120590107 ], [ 128.101140310176987, -3.77618729564884 ], [ 128.101163890401011, -3.77615459539992 ], [ 128.101192329662013, -3.77611952543746 ], [ 128.101220779714993, -3.7760844860519 ], [ 128.101249319700003, -3.77604950602172 ], [ 128.101277999979999, -3.77601463570872 ], [ 128.101307379931995, -3.77598036614288 ], [ 128.10135700991799, -3.77590487615103 ], [ 128.101409810015014, -3.77583167583326 ], [ 128.101464850322998, -3.77576008620111 ], [ 128.101515289698995, -3.77568551621579 ], [ 128.101536660289014, -3.7756446762031 ], [ 128.101559250359003, -3.7756387262884 ], [ 128.101659969932001, -3.77554472555098 ], [ 128.10178082982199, -3.7753432953993 ], [ 128.101854690241993, -3.77520900593352 ], [ 128.101982269865999, -3.77499413541398 ], [ 128.102089700179988, -3.77487327552427 ], [ 128.102150130123988, -3.77477927568611 ], [ 128.102183700018003, -3.77469198568981 ], [ 128.102237410228014, -3.77462484590321 ], [ 128.102371699694004, -3.77451741558964 ], [ 128.102438850272989, -3.77439655570003 ], [ 128.102526140268992, -3.77427569581041 ], [ 128.102599999789987, -3.77409440597594 ], [ 128.10264700015901, -3.77395339587651 ], [ 128.10278800036599, -3.77378553561817 ], [ 128.102875290362988, -3.77371167609724 ], [ 128.102935720306988, -3.77361096551802 ], [ 128.103063290038989, -3.77352367552172 ], [ 128.103143870193009, -3.77339609589771 ], [ 128.103211009979987, -3.77330880590137 ], [ 128.103318440294004, -3.77318794601174 ], [ 128.103349816741002, -3.77314481092912 ], [ 128.10336460968901, -3.77312447545911 ], [ 128.103425869707991, -3.77304023596312 ], [ 128.103499730128988, -3.77296637554284 ], [ 128.103580310283007, -3.77291936618091 ], [ 128.103687739697989, -3.77283208607713 ], [ 128.103754880383008, -3.77274479608083 ], [ 128.103822030062986, -3.77265079624267 ], [ 128.103889169848998, -3.77248292609175 ], [ 128.103969750004012, -3.77242249614692 ], [ 128.10403688979099, -3.77240907556404 ], [ 128.104063749841998, -3.77232178556768 ], [ 128.10425847015199, -3.77194577542337 ], [ 128.104312180362996, -3.77185848542699 ], [ 128.104359189724988, -3.77176448558891 ], [ 128.104473329879994, -3.77153619628502 ], [ 128.104574050351999, -3.77146904570653 ], [ 128.104688189607998, -3.77138847544453 ], [ 128.104849340024998, -3.77134147597513 ], [ 128.104963490073004, -3.77130789618931 ], [ 128.105034649829008, -3.7712422160024 ], [ 128.105059169844992, -3.77123404566155 ], [ 128.10506719989101, -3.77122746622148 ], [ 128.105096099604992, -3.77120382574293 ], [ 128.105116239923007, -3.77117696569135 ], [ 128.105149809815998, -3.7711501155324 ], [ 128.10518002973501, -3.77107289614438 ], [ 128.105227030103009, -3.77098224628081 ], [ 128.105284100180995, -3.77091510559492 ], [ 128.105391529595011, -3.77082781559855 ], [ 128.105468749882988, -3.77075059621048 ], [ 128.10553925043601, -3.77069016626565 ], [ 128.105629900299988, -3.77066666608126 ], [ 128.105666830059988, -3.77064988563125 ], [ 128.105750760189011, -3.77064988563125 ], [ 128.105821259842998, -3.77061631573798 ], [ 128.105901830105012, -3.77051223629835 ], [ 128.105952190340986, -3.77047194577136 ], [ 128.106009260419, -3.77042159542806 ], [ 128.106207339696994, -3.77030744627951 ], [ 128.106217410304993, -3.77030408551306 ], [ 128.106257699932996, -3.77030073553841 ], [ 128.10633827019501, -3.77029401580405 ], [ 128.106445699608997, -3.77023694572647 ], [ 128.106539710240014, -3.77015636557193 ], [ 128.10659341955099, -3.77011272596963 ], [ 128.106657210262, -3.7700455762905 ], [ 128.106774710285009, -3.76996164616132 ], [ 128.10681499991199, -3.76989114560821 ], [ 128.106808280178001, -3.7698340755306 ], [ 128.106828430387992, -3.76976693574393 ], [ 128.106882139698996, -3.76968300561481 ], [ 128.106945930410006, -3.76960578622672 ], [ 128.107036580274013, -3.76955878585796 ], [ 128.107113789770011, -3.7695050657549 ], [ 128.107174219715006, -3.76944127594299 ], [ 128.107238010425988, -3.7693707762892 ], [ 128.107362230183014, -3.76932713578765 ], [ 128.107449520178989, -3.76928348629286 ], [ 128.107493159781995, -3.76927341568459 ], [ 128.107527432045003, -3.76925106483377 ], [ 128.107570380069006, -3.76922305544872 ], [ 128.107657660173004, -3.76918612568824 ], [ 128.107718090117999, -3.76916934613755 ], [ 128.107838959899993, -3.76915255579499 ], [ 128.107872529793013, -3.76916934613755 ], [ 128.107936309713011, -3.76913577624418 ], [ 128.108033670318008, -3.76911562603444 ], [ 128.108141109624995, -3.76909548571726 ], [ 128.108191459967998, -3.76909212585018 ], [ 128.108315679724996, -3.76902833603814 ], [ 128.108332470067012, -3.76898469553656 ], [ 128.108359320227009, -3.76896455611866 ], [ 128.108406329588007, -3.76895448551042 ], [ 128.108513759901996, -3.76893097543354 ], [ 128.108580899689002, -3.7689209057246 ], [ 128.108688330002991, -3.76894776577615 ], [ 128.108748759946991, -3.7688940555656 ], [ 128.108795770209014, -3.76884033546261 ], [ 128.108879700338008, -3.7687765456506 ], [ 128.108966980442005, -3.76873290604836 ], [ 128.109024060411997, -3.76870604599678 ], [ 128.109097919932992, -3.76863890621021 ], [ 128.10921877982301, -3.76865233578636 ], [ 128.109369849739011, -3.76863554544379 ], [ 128.109443710159013, -3.76863554544379 ], [ 128.109514209813, -3.76863554544379 ], [ 128.109551139573995, -3.76863554544379 ], [ 128.109718999832012, -3.76858182624004 ], [ 128.109767067695998, -3.76856809449173 ], [ 128.109860009931992, -3.76854154560561 ], [ 128.109964080378006, -3.76852475616236 ], [ 128.110071509791993, -3.76853482587129 ], [ 128.110135299604991, -3.76852811602955 ], [ 128.110222589600994, -3.76852475616236 ], [ 128.110353520099011, -3.76846768608467 ], [ 128.110417309911014, -3.7684273955578 ], [ 128.110531450065992, -3.76836025577119 ], [ 128.110622099929998, -3.76834010556145 ], [ 128.110682529874992, -3.7683166062764 ], [ 128.110769819870995, -3.76828639625026 ], [ 128.110883960026996, -3.76819238562027 ], [ 128.110984679598999, -3.76813531554255 ], [ 128.111055180152988, -3.76807488559776 ], [ 128.111122329832, -3.76803795583731 ], [ 128.111139110282011, -3.76799095546855 ], [ 128.111186109751003, -3.76792381568198 ], [ 128.111209114409007, -3.76792642911188 ], [ 128.111333829692995, -3.76794059613207 ], [ 128.111377480086986, -3.76787680542072 ], [ 128.111434550164006, -3.76778952621629 ], [ 128.111411040087006, -3.76770615546537 ], [ 128.111418839907998, -3.76769998611619 ], [ 128.111488829645992, -3.76764307611785 ], [ 128.111562020071005, -3.76759058628735 ], [ 128.111638689974001, -3.7675431362576 ], [ 128.111722200119004, -3.76751083620699 ], [ 128.111808220272991, -3.76748405619518 ], [ 128.11189746, -3.76747726541437 ], [ 128.111987490231002, -3.76747539572381 ], [ 128.112077319912004, -3.76746926594482 ], [ 128.112164529869005, -3.76745398556389 ], [ 128.112243209756002, -3.76740998623288 ], [ 128.112323959883014, -3.7673715959734 ], [ 128.112412179778005, -3.76735344585592 ], [ 128.112497209778013, -3.76732445620976 ], [ 128.112581110229996, -3.76729158598902 ], [ 128.112664820025003, -3.76725826610721 ], [ 128.112748469565986, -3.7672247555692 ], [ 128.112823470326987, -3.76717487557129 ], [ 128.112890340316994, -3.7671147855702 ], [ 128.112903439842, -3.76702881577864 ], [ 128.112865779831992, -3.76694665551523 ], [ 128.112807619775992, -3.7668783960727 ], [ 128.112745789586995, -3.76681262595353 ], [ 128.112715569668012, -3.76672981548029 ], [ 128.112702339740991, -3.76664063600834 ], [ 128.112706439750013, -3.76655159593132 ], [ 128.112733229654992, -3.76646522594141 ], [ 128.112760009666999, -3.76637886584407 ], [ 128.112818429626998, -3.76631224586565 ], [ 128.112856409795995, -3.76628920613413 ], [ 128.112934940395007, -3.76615945554678 ], [ 128.113158000141993, -3.76607505597146 ], [ 128.113459430408, -3.76605697600108 ], [ 128.113664400292009, -3.76611123569735 ], [ 128.113784969700987, -3.76618960621763 ], [ 128.113989939584002, -3.76650308560085 ], [ 128.113985049970012, -3.76651082606572 ], [ 128.11400743589499, -3.76652154148786 ], [ 128.114009679703003, -3.76652261617776 ], [ 128.114025249666014, -3.76653006616156 ], [ 128.114097539710343, -3.766543511289093 ], [ 128.114113799611999, -3.7665465354462 ], [ 128.114165659917006, -3.76654742577501 ], [ 128.114202860374007, -3.76654806609231 ], [ 128.114290379696996, -3.76653282618091 ], [ 128.114363140247008, -3.76647953595384 ], [ 128.114435909788995, -3.76642624572668 ], [ 128.114508260247987, -3.76637239612127 ], [ 128.114556540351998, -3.76633583598222 ], [ 128.114580170039005, -3.76631794576872 ], [ 128.114587899712006, -3.76631154619304 ], [ 128.114604430149996, -3.76629785581355 ], [ 128.114649319810013, -3.76626066614906 ], [ 128.114704950074014, -3.76618953607055 ], [ 128.114745680368998, -3.76614048614684 ], [ 128.114762559744008, -3.7661201659653 ], [ 128.114826309986, -3.76605627542923 ], [ 128.114892340009987, -3.76599488590773 ], [ 128.114961169622006, -3.76593656577248 ], [ 128.114984909925994, -3.76591577614476 ], [ 128.115029039658992, -3.76587711608866 ], [ 128.115096409671992, -3.76581709623473 ], [ 128.115163779684991, -3.76575707548139 ], [ 128.115232049919001, -3.76569808625051 ], [ 128.115300689775012, -3.76563953588871 ], [ 128.115372110334988, -3.7655858058932 ], [ 128.115456769813989, -3.76555498612665 ], [ 128.115544979817003, -3.76553933612442 ], [ 128.115634609848996, -3.76553118556879 ], [ 128.115722630095007, -3.76552060594422 ], [ 128.115802020447006, -3.76547791602602 ], [ 128.115882769673988, -3.76543789619508 ], [ 128.115963609733001, -3.76539804543656 ], [ 128.116048850173996, -3.76537050549764 ], [ 128.116136480114989, -3.76534964572271 ], [ 128.116224100161986, -3.76532879584049 ], [ 128.116311519660997, -3.76530711588388 ], [ 128.116398289849002, -3.7652832460782 ], [ 128.116482759571994, -3.76525190560426 ], [ 128.116567240085999, -3.76522057592216 ], [ 128.116650340141007, -3.76518574607866 ], [ 128.116733350264013, -3.76515068600874 ], [ 128.116816360386991, -3.76511563583136 ], [ 128.116904959795988, -3.7650994956986 ], [ 128.116993579889993, -3.7650834059279 ], [ 128.117081899610014, -3.76506580619554 ], [ 128.117170099719999, -3.76504766597055 ], [ 128.11724929042299, -3.76500483575812 ], [ 128.11731359014999, -3.76494221596414 ], [ 128.117372119827991, -3.76487346549179 ], [ 128.117406869630997, -3.76479314614053 ], [ 128.117421730029008, -3.76470496581542 ], [ 128.117480700373989, -3.76463924605833 ], [ 128.117559509763993, -3.76460052574768 ], [ 128.117582060263999, -3.76451297584723 ], [ 128.117627330337001, -3.76443850568663 ], [ 128.117700490185996, -3.76439104576436 ], [ 128.117716640211, -3.76438669304568 ], [ 128.11778746002301, -3.76436760583459 ], [ 128.117850550163013, -3.76430632603042 ], [ 128.117915160156997, -3.76424331593062 ], [ 128.117986149941004, -3.76418805618831 ], [ 128.118065019585003, -3.76414567563685 ], [ 128.118153350097003, -3.76413279554658 ], [ 128.118211940028999, -3.76406852549663 ], [ 128.118263650146986, -3.7639986355832 ], [ 128.118351180263005, -3.76397748622666 ], [ 128.118439599807999, -3.76396031547089 ], [ 128.118525299802997, -3.76393485566377 ], [ 128.118604049836989, -3.76389155600527 ], [ 128.118677980403987, -3.76383990614156 ], [ 128.118755769963002, -3.76379538610304 ], [ 128.118806849656011, -3.76377438603397 ], [ 128.118839110137003, -3.76376111563788 ], [ 128.118922440418004, -3.76372683617953 ], [ 128.119008459673012, -3.76370196542831 ], [ 128.119097229953013, -3.76368677587903 ], [ 128.11918523041399, -3.76369920540898 ], [ 128.119274239914006, -3.76371198567453 ], [ 128.119359010009987, -3.76369948599744 ], [ 128.119410610410995, -3.76362575597889 ], [ 128.119452070057008, -3.76354545551344 ], [ 128.119504169582001, -3.76347210590821 ], [ 128.119572539641013, -3.76341682548133 ], [ 128.119656819607002, -3.76338843568305 ], [ 128.119718100309996, -3.76338201542297 ], [ 128.119746359706994, -3.76337905575411 ], [ 128.119836409723007, -3.76337914568634 ], [ 128.119926420168014, -3.76338150550736 ], [ 128.120000099825006, -3.7633761554405 ], [ 128.120015249803998, -3.76337505556966 ], [ 128.120085420305998, -3.76334557579301 ], [ 128.120098160102003, -3.76334022572618 ], [ 128.120180059561989, -3.76330262597079 ], [ 128.120244290041995, -3.76323942611407 ], [ 128.120260369920004, -3.7631542261422 ], [ 128.120269630238994, -3.7630935057163 ], [ 128.120295959690992, -3.76307932610563 ], [ 128.120450390373009, -3.7630256060026 ], [ 128.120502221001004, -3.76301646079668 ], [ 128.120564540420986, -3.76300546568539 ], [ 128.120732399780991, -3.7631196157332 ], [ 128.120819689776994, -3.76326733567446 ], [ 128.120880119721988, -3.76332776561929 ], [ 128.120974119560003, -3.76331433604312 ], [ 128.121014410087014, -3.76326061594008 ], [ 128.121061409556006, -3.76310618615718 ], [ 128.121108409925, -3.76303232573692 ], [ 128.121269560342, -3.7629987558436 ], [ 128.12140384980799, -3.76298532626754 ], [ 128.121578419907991, -3.76297189579206 ], [ 128.121692569955997, -3.76297189579206 ], [ 128.121954430052995, -3.76291146584724 ], [ 128.121994250234991, -3.76290055617151 ], [ 128.122444590246005, -3.76277717548214 ], [ 128.122578879711995, -3.76271003569558 ], [ 128.122746739970012, -3.76262945554104 ], [ 128.122854369933009, -3.76262433570062 ], [ 128.122887740176992, -3.76262274569923 ], [ 128.122995169591007, -3.7625891758059 ], [ 128.123263750321996, -3.76255559602016 ], [ 128.123344329577009, -3.76252873596861 ], [ 128.123485329783989, -3.76241459581326 ], [ 128.123673330359992, -3.76232730581696 ], [ 128.123720339722013, -3.76230044576541 ], [ 128.123800909983999, -3.76225344629599 ], [ 128.123861339928993, -3.76218630561009 ], [ 128.123914300105014, -3.76213996624303 ], [ 128.123915392780987, -3.76214316962818 ], [ 128.12393549113699, -3.76212881374483 ], [ 128.123895780366013, -3.76190701575304 ], [ 128.123931819798003, -3.7618516561859 ], [ 128.124005022023994, -3.76176381783931 ], [ 128.124160139678992, -3.7615776858187 ], [ 128.124165690294006, -3.76157102543973 ], [ 128.12422521012499, -3.76151433577527 ], [ 128.124210050253993, -3.76149738625267 ], [ 128.124440120215013, -3.76131333549955 ], [ 128.124439950242987, -3.76130882629878 ], [ 128.124444400089004, -3.7613125458948 ], [ 128.12445520994001, -3.76130225585197 ], [ 128.124496669585994, -3.76126276572159 ], [ 128.124824080367006, -3.7608418056628 ], [ 128.124980000327014, -3.76096653623449 ], [ 128.12507359007401, -3.760834406041 ], [ 128.125153680098009, -3.76072133607893 ], [ 128.12518298990301, -3.76067995557362 ], [ 128.125245040425995, -3.76059234541862 ], [ 128.125350639720011, -3.76068474626217 ], [ 128.125383509941003, -3.76061353614403 ], [ 128.12544275008301, -3.76054762573062 ], [ 128.125460869623993, -3.7605347861098 ], [ 128.125516329915001, -3.76049546595137 ], [ 128.125588309852986, -3.76044117567815 ], [ 128.125658689896994, -3.76038474591778 ], [ 128.125713240073992, -3.76031370577142 ], [ 128.125750310129007, -3.76023238547491 ], [ 128.125764460061987, -3.76014398571512 ], [ 128.125764549993988, -3.76005352560852 ], [ 128.125800889798995, -3.75997083564449 ], [ 128.125854949846001, -3.75989897621579 ], [ 128.125924169765, -3.75984432621377 ], [ 128.125985970275991, -3.75978191596177 ], [ 128.126034340312998, -3.75970572629749 ], [ 128.126079390052013, -3.7596274061392 ], [ 128.126124429898994, -3.75954907608838 ], [ 128.126162570146988, -3.75946716583646 ], [ 128.126200079970005, -3.75938492553345 ], [ 128.126237589792993, -3.75930268612971 ], [ 128.126280000022007, -3.75922292615685 ], [ 128.126323189962989, -3.75914354569789 ], [ 128.126364049761008, -3.75906301590534 ], [ 128.126400799657006, -3.75898042576602 ], [ 128.126436509937008, -3.75889739585817 ], [ 128.126478810448987, -3.75881813590841 ], [ 128.126532519759991, -3.7587455462302 ], [ 128.126593400264994, -3.75867913579382 ], [ 128.126650679884989, -3.75860958582407 ], [ 128.126690990197005, -3.75852869630273 ], [ 128.126734229600999, -3.75844941566851 ], [ 128.126783019621001, -3.75837367566518 ], [ 128.126841509727996, -3.75830489551519 ], [ 128.126898610382995, -3.75823497592418 ], [ 128.126942609714007, -3.75815835548459 ], [ 128.126952870079009, -3.75806896557124 ], [ 128.126937710206988, -3.75798069621319 ], [ 128.126975460148998, -3.75790124560712 ], [ 128.127024740299987, -3.75782579608483 ], [ 128.127039369571008, -3.75773659592845 ], [ 128.127060119628993, -3.75764908559826 ], [ 128.127106770160992, -3.7575717259159 ], [ 128.127180519965009, -3.75752268588479 ], [ 128.12724543033201, -3.75746092584264 ], [ 128.127314709605997, -3.75740350592877 ], [ 128.12739311969699, -3.75735903625222 ], [ 128.127471189843988, -3.75731395593609 ], [ 128.127551119787995, -3.7572727759796 ], [ 128.12763486016101, -3.75723949566803 ], [ 128.127721009817009, -3.757213365866 ], [ 128.127808420321998, -3.75719210589285 ], [ 128.127897099770991, -3.75717639563607 ], [ 128.12798496983001, -3.75715663573205 ], [ 128.128069900006011, -3.75712867580967 ], [ 128.128150050285001, -3.75708743559864 ], [ 128.128229470314011, -3.75704480593509 ], [ 128.128308859766008, -3.75700212590946 ], [ 128.128388629632013, -3.75696016624082 ], [ 128.128463240086006, -3.75690986625952 ], [ 128.128525889558006, -3.75684592626077 ], [ 128.128608879896007, -3.75682260594078 ], [ 128.128688620084006, -3.75678191611484 ], [ 128.128756970358012, -3.75672303570192 ], [ 128.128826579682993, -3.75667493546233 ], [ 128.128902149714008, -3.75662654564106 ], [ 128.12897471960801, -3.75657304587188 ], [ 128.129045030404001, -3.75651652617934 ], [ 128.12911462983601, -3.75645915572813 ], [ 128.129182019633987, -3.75639916555179 ], [ 128.129249420224994, -3.75633916548288 ], [ 128.129316720090998, -3.75627906558929 ], [ 128.129383920132, -3.75621885597835 ], [ 128.129432559965011, -3.75614305572046 ], [ 128.129480240221, -3.75606632556355 ], [ 128.129545090334005, -3.75600772573916 ], [ 128.129621660411004, -3.75597677557088 ], [ 128.129662190158001, -3.75589691577335 ], [ 128.129674859807011, -3.75580973549429 ], [ 128.129700789959003, -3.75572415600843 ], [ 128.129741969916012, -3.75564371614809 ], [ 128.129783159764997, -3.75556326549592 ], [ 128.129827630340998, -3.75548480594274 ], [ 128.129878969938005, -3.75541048596893 ], [ 128.129910099970999, -3.75532763592556 ], [ 128.129916059778992, -3.75523754544038 ], [ 128.129947490185003, -3.75515419627318 ], [ 128.129991520093, -3.7550755262787 ], [ 128.130039950383008, -3.75499943553974 ], [ 128.130073430344993, -3.75491585614614 ], [ 128.130082759911005, -3.75482591584777 ], [ 128.130100199564993, -3.75473750619548 ], [ 128.130155940444013, -3.75466728623083 ], [ 128.130216109586001, -3.75460104576632 ], [ 128.130243209756003, -3.75451578553985 ], [ 128.130259070199997, -3.75442818617673 ], [ 128.130297869651002, -3.75434655561398 ], [ 128.130341479576003, -3.75426760593031 ], [ 128.130389839718987, -3.75419129575679 ], [ 128.130438199862994, -3.75411499547582 ], [ 128.130485649892989, -3.75403812592402 ], [ 128.130507704716138, -3.753999993285664 ], [ 128.130530890287986, -3.75395990559053 ], [ 128.130576119891998, -3.75388169604884 ], [ 128.130621360287989, -3.75380347571536 ], [ 128.130624989951002, -3.75379741428473 ], [ 128.130667769801988, -3.75372596584621 ], [ 128.130715039966987, -3.75364897578525 ], [ 128.130762320025013, -3.75357198572429 ], [ 128.130807410234013, -3.75349382564536 ], [ 128.130844689831008, -3.75341148551759 ], [ 128.130881980218987, -3.75332914628906 ], [ 128.13091106339499, -3.75326793483338 ], [ 128.130920759884987, -3.75324752561892 ], [ 128.130960779715991, -3.75316648591077 ], [ 128.131000800446998, -3.75308545609519 ], [ 128.131040820278002, -3.75300441548775 ], [ 128.131086059773992, -3.75292631566338 ], [ 128.131087964420999, -3.75292007069851 ], [ 128.131090588292892, -3.752911467537634 ], [ 128.131111919778988, -3.75284152578234 ], [ 128.131112052687996, -3.75284027183631 ], [ 128.131121440002005, -3.75275170599306 ], [ 128.131134599782001, -3.75266309579198 ], [ 128.131179389616989, -3.75258740615071 ], [ 128.131251810223006, -3.75253449543744 ], [ 128.131312070196003, -3.75246954550005 ], [ 128.131363569873002, -3.75239534603536 ], [ 128.131418680328011, -3.75232390569077 ], [ 128.131476219852004, -3.75225431615091 ], [ 128.131522839806991, -3.75217772628827 ], [ 128.131561570010007, -3.75209605615537 ], [ 128.131567517227012, -3.75207769289851 ], [ 128.131589420215988, -3.75201006567939 ], [ 128.131598808984108, -3.75197474732947 ], [ 128.131612579556986, -3.75192294565494 ], [ 128.131624240167014, -3.7518332454755 ], [ 128.131633020247989, -3.75174334564657 ], [ 128.131633850322004, -3.75167931571563 ], [ 128.131634200158004, -3.75165289543258 ], [ 128.131635389960991, -3.75156244611785 ], [ 128.131637489877988, -3.75147201568897 ], [ 128.131638978763988, -3.75144226561579 ], [ 128.131636518989012, -3.7514374755272 ], [ 128.131635470000987, -3.75143746553468 ], [ 128.131638429670005, -3.75137810578302 ], [ 128.131642589933989, -3.7512877562931 ], [ 128.131638069941005, -3.7511974157964 ], [ 128.131633549947992, -3.75110707619899 ], [ 128.131629059633013, -3.75101672580974 ], [ 128.131624720405, -3.75092637631978 ], [ 128.13162039016899, -3.75083601603798 ], [ 128.131610099227004, -3.75077325864771 ], [ 128.131605759997996, -3.7507467960965 ], [ 128.131590549764013, -3.75065763551031 ], [ 128.131575329637997, -3.75056847582348 ], [ 128.131567686506003, -3.75051261513707 ], [ 128.131563070080006, -3.75047887546881 ], [ 128.131551990432001, -3.75038910604153 ], [ 128.131532680188997, -3.75031535623795 ], [ 128.131529099988001, -3.75030167575101 ], [ 128.13151632961501, -3.75025437590804 ], [ 128.131494450009001, -3.750214836315 ], [ 128.131468670043006, -3.75017786608502 ], [ 128.131441520409993, -3.75014178618388 ], [ 128.131419739729012, -3.75010219622879 ], [ 128.131397969840009, -3.75006260627376 ], [ 128.131376199952001, -3.75002301631866 ], [ 128.131363540194997, -3.75000001615739 ], [ 128.131353529841988, -3.74998182557033 ], [ 128.131331759953014, -3.7499422356153 ], [ 128.131309980171011, -3.74990264566026 ], [ 128.131290679821007, -3.7498618056475 ], [ 128.131272220336996, -3.74982055554395 ], [ 128.131253759953012, -3.7497793054404 ], [ 128.131235299569994, -3.74973805623611 ], [ 128.131216830193011, -3.74969680613258 ], [ 128.131198369808999, -3.74965555602899 ], [ 128.131179910324988, -3.74961430592544 ], [ 128.131161440048004, -3.74957305582189 ], [ 128.131142979664986, -3.74953179582577 ], [ 128.131118140389987, -3.74949428600261 ], [ 128.131091470094987, -3.74945784547334 ], [ 128.131064729654014, -3.74942145620542 ], [ 128.131036939702994, -3.74938586553547 ], [ 128.131009159645004, -3.74935028565741 ], [ 128.130981369694013, -3.74931469588681 ], [ 128.130953579743988, -3.74927909622367 ], [ 128.130924049604999, -3.74924496605269 ], [ 128.130894430434012, -3.74921090602892 ], [ 128.130864810362993, -3.74917683611252 ], [ 128.130835469981008, -3.74914253596971 ], [ 128.130806849956002, -3.74910762608657 ], [ 128.130778229931991, -3.7490727063109 ], [ 128.130749600014013, -3.74903779552841 ], [ 128.130720979989007, -3.74900287575276 ], [ 128.130692350071996, -3.7489679658696 ], [ 128.130666439703987, -3.74893129601324 ], [ 128.130663420680008, -3.74892510867752 ], [ 128.130646620444992, -3.74889068622693 ], [ 128.130626810178995, -3.74885007554136 ], [ 128.130606999912999, -3.74880946575509 ], [ 128.130587189647002, -3.74876884607626 ], [ 128.130567370388007, -3.74872823629002 ], [ 128.130547550229011, -3.74868761571185 ], [ 128.130527739962986, -3.74864700592556 ], [ 128.130516979574992, -3.74860309562744 ], [ 128.130514799617998, -3.74859413568189 ], [ 128.130506290233001, -3.74855916554415 ], [ 128.130495599992003, -3.74851522556829 ], [ 128.130484909751004, -3.74847128559257 ], [ 128.130474220409013, -3.74842734561678 ], [ 128.130463540059992, -3.74838341553347 ], [ 128.130452849818994, -3.74833947555766 ], [ 128.130442159577996, -3.74829553558186 ], [ 128.130431480129005, -3.74825159560605 ], [ 128.130420789888007, -3.74820766552282 ], [ 128.130410099646014, -3.748163725547 ], [ 128.130399420196994, -3.74811979546371 ], [ 128.130388729955996, -3.74807585548798 ], [ 128.130378039714998, -3.74803192630404 ], [ 128.130366460044002, -3.74799132551095 ], [ 128.130365639862987, -3.74798844588179 ], [ 128.130364031119996, -3.74798288750659 ], [ 128.130353070038012, -3.74794501582157 ], [ 128.130340510106009, -3.74790157586886 ], [ 128.130327930389996, -3.74785814580862 ], [ 128.130315369559014, -3.7478147157484 ], [ 128.130302809627011, -3.74777127579567 ], [ 128.130290229910003, -3.74772784573546 ], [ 128.130277669978994, -3.74768441567525 ], [ 128.130264860034998, -3.74764106565471 ], [ 128.130251399882013, -3.74759789549859 ], [ 128.130237939729, -3.74755473613435 ], [ 128.130224479575986, -3.74751157587074 ], [ 128.130211020322008, -3.74746841560716 ], [ 128.130197560168995, -3.74742525624291 ], [ 128.13018410001601, -3.74738209597929 ], [ 128.130179400158994, -3.74736701614726 ], [ 128.130170649755996, -3.74733893571574 ], [ 128.130157179710011, -3.74729577545211 ], [ 128.130144949829997, -3.74725224556718 ], [ 128.130132989745988, -3.74720864553509 ], [ 128.130121029662007, -3.74716504550307 ], [ 128.130120492766991, -3.74716308947757 ], [ 128.130109059684997, -3.74712143557843 ], [ 128.130097099602011, -3.74707783554635 ], [ 128.130086160247998, -3.74703400618717 ], [ 128.130079210286993, -3.74698931617675 ], [ 128.130072270218989, -3.74694463605893 ], [ 128.130065320258012, -3.74689994604855 ], [ 128.130058380190007, -3.74685525603813 ], [ 128.130051420336997, -3.74681057592036 ], [ 128.130044480268992, -3.74676587601736 ], [ 128.130037540199993, -3.74672119589956 ], [ 128.13003069006399, -3.74667649599657 ], [ 128.130026250111001, -3.74663148582757 ], [ 128.130021820051013, -3.74658647565858 ], [ 128.130017380097996, -3.74654145559699 ], [ 128.130012940145008, -3.74649645621979 ], [ 128.130008510084991, -3.74645144605073 ], [ 128.130004070132003, -3.74640643588172 ], [ 128.129999640070992, -3.74636142571261 ], [ 128.129995200118003, -3.7463164254362 ], [ 128.129990760164986, -3.74627140627394 ], [ 128.129991770103999, -3.74622628548823 ], [ 128.129994309789993, -3.74618113592435 ], [ 128.129996850373999, -3.74613596567599 ], [ 128.129999399952993, -3.74609081611201 ], [ 128.130001939637992, -3.74604565575616 ], [ 128.130004490114999, -3.7460004962997 ], [ 128.130007029800993, -3.74595533594387 ], [ 128.130009570385994, -3.74591018548059 ], [ 128.130014530146013, -3.74586530571324 ], [ 128.130022159995008, -3.74582072631947 ], [ 128.130022676087009, -3.74581771542927 ], [ 128.130029799736008, -3.7457761559189 ], [ 128.130037440375986, -3.74573158551834 ], [ 128.130045080115991, -3.74568700612456 ], [ 128.130052709965014, -3.74564243572404 ], [ 128.130060359597991, -3.74559785543094 ], [ 128.130067990345992, -3.74555328592969 ], [ 128.130075630085997, -3.74550871552913 ], [ 128.130083269826997, -3.74546413613535 ], [ 128.130090899674997, -3.74541956573481 ], [ 128.130102609748008, -3.74537605563496 ], [ 128.130117499823001, -3.74533336571681 ], [ 128.130132389897994, -3.74529068569118 ], [ 128.130147279972988, -3.74524799577302 ], [ 128.130162160156004, -3.74520530585488 ], [ 128.130177060123003, -3.74516262582925 ], [ 128.130191950197997, -3.74511993591104 ], [ 128.130206840274013, -3.7450772558855 ], [ 128.130227860128002, -3.74503734577173 ], [ 128.130249770310996, -3.74499783585631 ], [ 128.130271679593989, -3.74495831604836 ], [ 128.130293579885006, -3.74491880613294 ], [ 128.130315499960005, -3.74487928632506 ], [ 128.130337410142999, -3.74483977551027 ], [ 128.130360150401003, -3.7448007359403 ], [ 128.13037160956199, -3.74478110553869 ], [ 128.130427739847988, -3.74476890623519 ], [ 128.130501600269014, -3.74467489560519 ], [ 128.130635889734009, -3.74459432624247 ], [ 128.130756749623998, -3.74456075544987 ], [ 128.13095146993399, -3.74443317582589 ], [ 128.131072329824008, -3.74428546577724 ], [ 128.131273759976011, -3.74408402573307 ], [ 128.131421479917009, -3.74394302552621 ], [ 128.131488619703987, -3.74374830611567 ], [ 128.131521313657998, -3.74371779301799 ], [ 128.13150707828899, -3.74370355585068 ], [ 128.131658656322003, -3.74358987165164 ], [ 128.131908315316991, -3.74327779880811 ], [ 128.132033277233006, -3.7430195449172 ], [ 128.132142371073996, -3.74279408495631 ], [ 128.132235993197014, -3.74262244394804 ], [ 128.132235993197014, -3.74261854268903 ], [ 128.132235993197014, -3.74257234271696 ], [ 128.132260790202992, -3.74251284626841 ], [ 128.132374930358992, -3.74240541595483 ], [ 128.132455509614005, -3.74231140622419 ], [ 128.13255622019301, -3.74227783543153 ], [ 128.132609940296987, -3.74221740548669 ], [ 128.132683569590995, -3.74218059623549 ], [ 128.132698299586991, -3.74215299604185 ], [ 128.132719580243986, -3.74211313629017 ], [ 128.132740850109997, -3.74207327563919 ], [ 128.132762129868013, -3.74203341588751 ], [ 128.132783399733995, -3.74199355613583 ], [ 128.132804680392013, -3.74195369548482 ], [ 128.132825960150001, -3.74191382584053 ], [ 128.132847239907989, -3.74187396608888 ], [ 128.132868509773999, -3.74183411622972 ], [ 128.13288977964001, -3.74179425557876 ], [ 128.132909679838008, -3.741753686262 ], [ 128.13292915016001, -3.74171290560446 ], [ 128.132948619583004, -3.74167211595382 ], [ 128.132968089905006, -3.74163133619566 ], [ 128.132987560228003, -3.74159055553828 ], [ 128.133007029650997, -3.74154977578011 ], [ 128.133026490080994, -3.74150898612946 ], [ 128.133045970295001, -3.74146821626383 ], [ 128.133065439717996, -3.7414274257138 ], [ 128.133082179698988, -3.74138544626006 ], [ 128.133098790177002, -3.74134340565244 ], [ 128.133115389863008, -3.7413013659441 ], [ 128.133132000341988, -3.74125932623583 ], [ 128.133148609920994, -3.74121727573561 ], [ 128.133165209607, -3.74117524591987 ], [ 128.133181820085014, -3.74113320621153 ], [ 128.133198429663992, -3.74109116560385 ], [ 128.133215040142005, -3.74104911600301 ], [ 128.133231639828011, -3.74100708618724 ], [ 128.133248250306991, -3.74096504557957 ], [ 128.133263929985986, -3.740922656035 ], [ 128.133279189683009, -3.74088009561922 ], [ 128.13329445027901, -3.74083754599529 ], [ 128.133309700083004, -3.74079499547206 ], [ 128.133324959779003, -3.74075244584813 ], [ 128.133340220375004, -3.74070988633164 ], [ 128.133355470178998, -3.7406673358084 ], [ 128.133370729874997, -3.74062477629196 ], [ 128.133385989571991, -3.74058222576871 ], [ 128.13340104961901, -3.74053960599764 ], [ 128.133414829931013, -3.74049654555883 ], [ 128.133428610241992, -3.74045348601935 ], [ 128.133442400446995, -3.74041042558045 ], [ 128.133456179858996, -3.7403673759335 ], [ 128.133469960170999, -3.74032431549463 ], [ 128.133483750375007, -3.74028125595513 ], [ 128.133497519895002, -3.74023819551625 ], [ 128.13351131009901, -3.74019513597678 ], [ 128.133525090411013, -3.74015208632979 ], [ 128.133538869823013, -3.74010901599842 ], [ 128.133552660026993, -3.74006596545206 ], [ 128.133566440338996, -3.74002290591258 ], [ 128.133572880384008, -3.73997843623605 ], [ 128.133575789691008, -3.73993331545047 ], [ 128.133578719681992, -3.73988817577907 ], [ 128.133581649673005, -3.73984304600015 ], [ 128.133584559880006, -3.73979790632879 ], [ 128.13358747997799, -3.73975276575799 ], [ 128.133590409969003, -3.7397076458717 ], [ 128.133593320176004, -3.73966250620033 ], [ 128.133596250166988, -3.73961736562957 ], [ 128.133599330344992, -3.73957225563576 ], [ 128.13360288986101, -3.73952716632638 ], [ 128.13360646017, -3.73948207611767 ], [ 128.133610019687012, -3.73943698590901 ], [ 128.133613589995008, -3.7393918957003 ], [ 128.133617150410998, -3.7393468054916 ], [ 128.13362539, -3.7393028259456 ], [ 128.13364214976599, -3.73926084559255 ], [ 128.133658920323001, -3.73921886613879 ], [ 128.133688109618987, -3.73918490593973 ], [ 128.133719110149002, -3.73915209597356 ], [ 128.13375010978001, -3.73911930579248 ], [ 128.133783870329012, -3.73908941592502 ], [ 128.13381809043301, -3.73906001618808 ], [ 128.133822129288006, -3.73905654570421 ], [ 128.133852299744007, -3.73903062544425 ], [ 128.13388651984701, -3.73900122570729 ], [ 128.133915129978988, -3.73896683563233 ], [ 128.133940150017992, -3.73892922598434 ], [ 128.133965160163996, -3.73889162622898 ], [ 128.133990180203, -3.73885401568176 ], [ 128.134015200241009, -3.73881640603379 ], [ 128.134039570070001, -3.73877841597262 ], [ 128.134061539608012, -3.73873893573483 ], [ 128.134083500153992, -3.73869943571203 ], [ 128.134105459799002, -3.73865995547425 ], [ 128.134127430236987, -3.73862047613579 ], [ 128.134149389882992, -3.73858099589795 ], [ 128.134171350428005, -3.73854151566018 ], [ 128.134193310072988, -3.73850203632171 ], [ 128.134214200424992, -3.7384620560609 ], [ 128.134229589623999, -3.73841954600714 ], [ 128.134244989615013, -3.73837704584591 ], [ 128.134260379712998, -3.7383345456847 ], [ 128.134275769811012, -3.73829203563098 ], [ 128.134291159908997, -3.73824953546981 ], [ 128.134306559900011, -3.73820703620787 ], [ 128.134321949997997, -3.73816452615414 ], [ 128.134337349989011, -3.73812202599293 ], [ 128.134352740086996, -3.7380795159392 ], [ 128.13436814007801, -3.73803701577799 ], [ 128.134383600322991, -3.73799453630119 ], [ 128.134403780209993, -3.73795410548006 ], [ 128.13442395020499, -3.73791367555816 ], [ 128.134444139984993, -3.73787323574369 ], [ 128.13446430997999, -3.7378328058219 ], [ 128.134487169847006, -3.73779390564679 ], [ 128.134511549568003, -3.73775588590802 ], [ 128.134535940082003, -3.73771786616924 ], [ 128.134560329695006, -3.73767985632299 ], [ 128.134575590291007, -3.73763759628082 ], [ 128.134588580099006, -3.73759428583042 ], [ 128.134601560014005, -3.7375509762794 ], [ 128.134614539929004, -3.73750767572158 ], [ 128.134627519844003, -3.73746436617049 ], [ 128.134642150014997, -3.7374215962127 ], [ 128.134656799970998, -3.73737881546295 ], [ 128.134671449927993, -3.73733605629706 ], [ 128.134686099883993, -3.7372932854399 ], [ 128.13470696955099, -3.73725342568823 ], [ 128.134730180154008, -3.73721467569991 ], [ 128.134753379964991, -3.73717591581912 ], [ 128.134776579775007, -3.7371371559383 ], [ 128.134800009813006, -3.73709857592183 ], [ 128.13483188987999, -3.7370666257076 ], [ 128.134863760054998, -3.73703468628517 ], [ 128.134895630229011, -3.73700272617837 ], [ 128.13492750040399, -3.73697078585653 ], [ 128.134959379571995, -3.73693883564226 ], [ 128.134988589551995, -3.73690460564659 ], [ 128.135014980156996, -3.73686796546785 ], [ 128.135041369862989, -3.73683132618834 ], [ 128.135067759570006, -3.73679467611706 ], [ 128.135094160067013, -3.7367580359383 ], [ 128.135120549774001, -3.73672139575951 ], [ 128.135146950272002, -3.73668474568823 ], [ 128.135173339977996, -3.73664811630133 ], [ 128.135199739575995, -3.73661146623002 ], [ 128.135226130181991, -3.73657482605122 ], [ 128.135253810415009, -3.73653917602611 ], [ 128.13528236029299, -3.73650420588839 ], [ 128.135310900278, -3.73646922585807 ], [ 128.135339460047987, -3.73643425572038 ], [ 128.135368009925998, -3.73639928558265 ], [ 128.135394399631991, -3.73636268587334 ], [ 128.135419800084009, -3.73632534602202 ], [ 128.135445210428003, -3.7362880061707 ], [ 128.135470609981013, -3.73625065552757 ], [ 128.135496020325007, -3.73621331567622 ], [ 128.135521419877989, -3.73617597582491 ], [ 128.135543240127987, -3.73613658551935 ], [ 128.135562109704011, -3.73609552607202 ], [ 128.135580970285986, -3.73605446572549 ], [ 128.135599849752992, -3.7360133954863 ], [ 128.135618720227995, -3.73597232614648 ], [ 128.135637589802997, -3.73593125590727 ], [ 128.135656460277005, -3.73589019556069 ], [ 128.135675329853001, -3.73584913611337 ], [ 128.135689960023996, -3.73580654601999 ], [ 128.135701260004993, -3.73576275623097 ], [ 128.135712550094013, -3.7357189763345 ], [ 128.135723850076005, -3.73567519553869 ], [ 128.135735140164996, -3.73563141564219 ], [ 128.135746430253988, -3.73558763574577 ], [ 128.135757730235014, -3.73554385584925 ], [ 128.135769020324005, -3.73550006606023 ], [ 128.135780320305997, -3.73545628616374 ], [ 128.135791620286994, -3.73541250626725 ], [ 128.135802920268986, -3.73536871557892 ], [ 128.135809659788009, -3.7353242459024 ], [ 128.135811780388991, -3.73527905586902 ], [ 128.135813900091989, -3.73523388562062 ], [ 128.135816019793992, -3.73518870547973 ], [ 128.135818140395003, -3.73514352623814 ], [ 128.135820260097006, -3.73509834609727 ], [ 128.135822379799009, -3.73505316595639 ], [ 128.135824510292991, -3.73500798581547 ], [ 128.135828399860998, -3.73497955554763 ], [ 128.13588323962, -3.73490535608299 ], [ 128.136111529823012, -3.73447563572815 ], [ 128.136406969706002, -3.73391161601501 ], [ 128.136715830171994, -3.73337445545407 ], [ 128.136829759886012, -3.73326053563262 ], [ 128.136910549582012, -3.73327038590702 ], [ 128.136991129736998, -3.73323681601374 ], [ 128.137081769708004, -3.73321666580399 ], [ 128.137249629966988, -3.73307902546425 ], [ 128.137346989672011, -3.7330488055456 ], [ 128.137437640434996, -3.73296152544177 ], [ 128.137491349746, -3.73287087557827 ], [ 128.137507229975, -3.73277106611972 ], [ 128.137803579971006, -3.73247472601603 ], [ 128.137909789904995, -3.73237736631078 ], [ 128.138038580016996, -3.73237736631078 ], [ 128.138135939721991, -3.73233371591668 ], [ 128.138270230086988, -3.73222292573595 ], [ 128.138407880319988, -3.73207185582019 ], [ 128.138535450050995, -3.73194092622159 ], [ 128.138649600099001, -3.73185699609243 ], [ 128.138707770048001, -3.73180380569006 ], [ 128.13876710012201, -3.73174955588632 ], [ 128.138817460358013, -3.73168241609971 ], [ 128.138840070213007, -3.73158971578192 ], [ 128.139084669622008, -3.7314227656375 ], [ 128.13958962006501, -3.73107811575222 ], [ 128.139831339844989, -3.7308901061834 ], [ 128.140113350151012, -3.73059467619359 ], [ 128.140146279726991, -3.73043734609707 ], [ 128.140146670033005, -3.73043700615338 ], [ 128.140180560085014, -3.73040723589568 ], [ 128.140214450136995, -3.730377465638 ], [ 128.140246980413991, -3.73034635628981 ], [ 128.14027557975399, -3.73031143561483 ], [ 128.140304199778996, -3.73027650594663 ], [ 128.140332800018996, -3.73024157627836 ], [ 128.140361410151002, -3.73020664571079 ], [ 128.140390010391002, -3.73017172593508 ], [ 128.140417669940007, -3.73013604623227 ], [ 128.140444709856013, -3.73009988629152 ], [ 128.140471769556996, -3.73006373624325 ], [ 128.140498640400011, -3.73002745579331 ], [ 128.140523229662989, -3.72998956555691 ], [ 128.140547829718997, -3.72995167621979 ], [ 128.140572419881011, -3.72991379587598 ], [ 128.14059701993699, -3.7298759155321 ], [ 128.140616590083994, -3.72984575586803 ], [ 128.140603510343993, -3.72970836553983 ], [ 128.140603510343993, -3.72942635613294 ], [ 128.140624823206991, -3.72935937019992 ], [ 128.14065725023201, -3.72925745266098 ], [ 128.140697510182008, -3.72913091625065 ], [ 128.140804939595995, -3.72883548626082 ], [ 128.141086949903013, -3.72848633616799 ], [ 128.141186780046013, -3.7284314262619 ], [ 128.141355529734, -3.72833861622688 ], [ 128.141477532737014, -3.72826405795361 ], [ 128.141597250413014, -3.72819089628566 ], [ 128.141603485412986, -3.72818657864053 ], [ 128.141946399607008, -3.72794917560707 ], [ 128.142228409913002, -3.72760002551421 ], [ 128.14223549591901, -3.72759589186782 ], [ 128.142280283224011, -3.72756976503434 ], [ 128.142367479683344, -3.727518898671243 ], [ 128.142465762585005, -3.72746156499279 ], [ 128.142550699954995, -3.72741201594541 ], [ 128.142846139838014, -3.72711657606313 ], [ 128.143208720405994, -3.72690171633535 ], [ 128.143316149820009, -3.72671371575979 ], [ 128.143477300237009, -3.72643170545354 ], [ 128.143497999933004, -3.72629022590807 ], [ 128.143502699789991, -3.72628017598416 ], [ 128.143499880414993, -3.72627692583434 ], [ 128.143504990362999, -3.726275595737 ], [ 128.143513435896011, -3.72625771811412 ], [ 128.143516980125014, -3.7262502159696 ], [ 128.143512739821006, -3.72624767628417 ], [ 128.143515060071991, -3.72624705575195 ], [ 128.143534950378012, -3.72620728593248 ], [ 128.143536400084997, -3.72620815557689 ], [ 128.143554749852001, -3.72616893614247 ], [ 128.143573909908014, -3.72612799630501 ], [ 128.143593050178993, -3.72608705556823 ], [ 128.143612200343, -3.7260461256233 ], [ 128.143631360399013, -3.72600519567843 ], [ 128.143650499771013, -3.72596426573348 ], [ 128.143669659826998, -3.72592332589598 ], [ 128.143688809991005, -3.72588238605855 ], [ 128.143707290159, -3.72584117552519 ], [ 128.143722649680996, -3.72579866547145 ], [ 128.143738010101004, -3.72575614552511 ], [ 128.143739792557, -3.72575120824709 ], [ 128.143753359729999, -3.72571362557884 ], [ 128.143768720150007, -3.72567110563254 ], [ 128.143784079672002, -3.72562859557879 ], [ 128.143804759581997, -3.72558884554438 ], [ 128.143830490085008, -3.72555173591953 ], [ 128.143856219689013, -3.72551461550281 ], [ 128.143881950191997, -3.72547750587794 ], [ 128.143907689688007, -3.72544039625308 ], [ 128.14393342019099, -3.72540327583632 ], [ 128.143959149794995, -3.72536616621146 ], [ 128.143984880298007, -3.7253290457947 ], [ 128.144008099893995, -3.72529048556336 ], [ 128.144027000046009, -3.72524943600862 ], [ 128.144045919983, -3.72520839634644 ], [ 128.144064830027986, -3.72516734589234 ], [ 128.144083740073, -3.72512629633764 ], [ 128.144102650116992, -3.72508524588353 ], [ 128.144121560162006, -3.72504419632879 ], [ 128.144140470206992, -3.72500315576725 ], [ 128.144159919843986, -3.72496237600916 ], [ 128.144180929805998, -3.72492237596319 ], [ 128.14420193976801, -3.72488237591732 ], [ 128.144222959621999, -3.72484237587131 ], [ 128.144243969584011, -3.72480236593291 ], [ 128.144264980444007, -3.72476236588699 ], [ 128.14428599040599, -3.72472236584103 ], [ 128.144307000368002, -3.72468236579507 ], [ 128.144328010328991, -3.72464236574923 ], [ 128.144349030184003, -3.72460235581072 ], [ 128.144369790133993, -3.72456222626244 ], [ 128.144390319856996, -3.7245219663125 ], [ 128.144410849580993, -3.72448171625502 ], [ 128.144431380203997, -3.72444146619755 ], [ 128.14445191982, -3.72440121614006 ], [ 128.144472439650997, -3.72436095619005 ], [ 128.144492970274001, -3.72432070613262 ], [ 128.14451777987199, -3.72428341574407 ], [ 128.144547980005001, -3.72424987552837 ], [ 128.144578190032007, -3.72421632631948 ], [ 128.144612660146009, -3.72418886552085 ], [ 128.144654260086014, -3.72417158594704 ], [ 128.14469586002599, -3.72415431626582 ], [ 128.144695949957992, -3.72415431626582 ], [ 128.144712480397004, -3.72412952555433 ], [ 128.144837339572007, -3.72397493569209 ], [ 128.144938419771989, -3.7239095262011 ], [ 128.145195589905001, -3.72415127565801 ], [ 128.145204090297, -3.72414531585076 ], [ 128.145241000271994, -3.72411942616775 ], [ 128.145265585938006, -3.72408519347412 ], [ 128.145266870169991, -3.72408340562188 ], [ 128.145289159866991, -3.72404410614787 ], [ 128.145311439670991, -3.72400480577448 ], [ 128.145337939993993, -3.72396825552789 ], [ 128.145364680435989, -3.72393187615256 ], [ 128.145392109758006, -3.72389602557853 ], [ 128.145420969902005, -3.72386130545237 ], [ 128.145449830046005, -3.72382659611799 ], [ 128.145478690189009, -3.72379188588441 ], [ 128.14550545041601, -3.72375563601136 ], [ 128.145529259967986, -3.72371724575192 ], [ 128.145553080310009, -3.72367886628432 ], [ 128.145576209973996, -3.72364156600316 ], [ 128.145585079987995, -3.72364063610415 ], [ 128.145586509909009, -3.72364048591739 ], [ 128.145675690280996, -3.72348292559434 ], [ 128.145675549987004, -3.72348143631708 ], [ 128.145695950207994, -3.72344855620378 ], [ 128.145719769652004, -3.72341016594436 ], [ 128.145743580101993, -3.72337178557745 ], [ 128.145767389653003, -3.72333339621727 ], [ 128.145790999555004, -3.72329488634797 ], [ 128.145812770343014, -3.72325530628543 ], [ 128.145834560016993, -3.72321571633039 ], [ 128.145856329905996, -3.72317613626786 ], [ 128.145878109687004, -3.72313654631282 ], [ 128.145899890368014, -3.72309695545838 ], [ 128.145921670148994, -3.7230573762952 ], [ 128.145943449930002, -3.72301778634014 ], [ 128.145966290012012, -3.72297890595013 ], [ 128.145993849735987, -3.72294313631512 ], [ 128.145994160002999, -3.7229427262243 ], [ 128.146003815124004, -3.72293019776886 ], [ 128.146021410359992, -3.72290736578078 ], [ 128.14604896019199, -3.72287159614578 ], [ 128.146076510022993, -3.72283583550394 ], [ 128.146104069746997, -3.72280005597641 ], [ 128.146131619578995, -3.72276428634138 ], [ 128.146159180202005, -3.722728515807 ], [ 128.146186739926009, -3.72269274617196 ], [ 128.146215150409006, -3.72265770588719 ], [ 128.146245429683006, -3.7226242358186 ], [ 128.146275719749013, -3.72259077564256 ], [ 128.146306009814992, -3.72255731546658 ], [ 128.146336299880005, -3.72252384629731 ], [ 128.146366580054007, -3.72249037622883 ], [ 128.146396870119986, -3.72245690616021 ], [ 128.146427160184999, -3.72242344598421 ], [ 128.146457450251006, -3.72238998580823 ], [ 128.146487740317014, -3.72235651573967 ], [ 128.146518019591014, -3.7223230456711 ], [ 128.146548309656993, -3.72228957560261 ], [ 128.146549819618997, -3.722287946031 ], [ 128.146826200168988, -3.7221912059586 ], [ 128.146974840116997, -3.72209607567267 ], [ 128.147075920317008, -3.72195337574718 ], [ 128.147242400116994, -3.72169771557683 ], [ 128.147386946350991, -3.72152219129603 ], [ 128.147376003400012, -3.72151603993324 ], [ 128.147391702865008, -3.72150661953481 ], [ 128.147423746609007, -3.72140247624337 ], [ 128.14742254061801, -3.72139789419751 ], [ 128.147433259637012, -3.72138828404217 ], [ 128.147438609704011, -3.72136474608625 ], [ 128.147545629927009, -3.72118637635051 ], [ 128.147496249952013, -3.72106146591439 ], [ 128.147510009579008, -3.72104078600394 ], [ 128.147535019725012, -3.72100317545669 ], [ 128.147554759844013, -3.72097349603055 ], [ 128.147560039763988, -3.72096556580877 ], [ 128.147585049909992, -3.7209279660534 ], [ 128.147610069948996, -3.72089035550615 ], [ 128.147635080095, -3.72085274585821 ], [ 128.14766010013301, -3.72081514610282 ], [ 128.147685110280008, -3.72077753555557 ], [ 128.147710130317989, -3.72073992590767 ], [ 128.147735139564986, -3.72070232615226 ], [ 128.14776015960399, -3.720664715605 ], [ 128.147779559778996, -3.72062402577903 ], [ 128.147797580394013, -3.72058257602599 ], [ 128.147815600109993, -3.72054112627296 ], [ 128.147833619826002, -3.72049967562056 ], [ 128.14785164044099, -3.72045822586753 ], [ 128.147864230050004, -3.72042926589902 ], [ 128.147946970376012, -3.72042532596912 ], [ 128.148036159740997, -3.72034802564207 ], [ 128.148178859667013, -3.72011614624459 ], [ 128.148238310250008, -3.72000317610726 ], [ 128.148345340365012, -3.71989614599201 ], [ 128.148470200438993, -3.71973561610765 ], [ 128.148470200438993, -3.71965831578058 ], [ 128.148391890173997, -3.71957479574226 ], [ 128.148381010175996, -3.71956318549468 ], [ 128.148357230301997, -3.71949183598157 ], [ 128.148434519836997, -3.71937292582213 ], [ 128.148492589960995, -3.71918784624458 ], [ 128.14852965012301, -3.7190696861197 ], [ 128.148589109699998, -3.71896266589703 ], [ 128.148624790301994, -3.71890320632069 ], [ 128.148684239986011, -3.71870699583408 ], [ 128.148761540312989, -3.71862970629892 ], [ 128.148809100059992, -3.71852268607622 ], [ 128.148804920011003, -3.71845993498124 ], [ 128.148804820186001, -3.71845843581137 ], [ 128.148803160038, -3.71843349581238 ], [ 128.148791270100986, -3.71832052567504 ], [ 128.148832889825997, -3.71824322624736 ], [ 128.148826939911004, -3.71812431608789 ], [ 128.148826939911004, -3.71805296567548 ], [ 128.148809100059992, -3.71796377631098 ], [ 128.148762890195002, -3.71789292592162 ], [ 128.148775629991007, -3.71785991630594 ], [ 128.148794190199993, -3.7178187561346 ], [ 128.14881436019499, -3.7177783163202 ], [ 128.148834540081992, -3.71773788549899 ], [ 128.148854710076989, -3.71769745557715 ], [ 128.148872249555012, -3.71765604629359 ], [ 128.148882849864009, -3.71761209552588 ], [ 128.148893469958011, -3.71756813576506 ], [ 128.148904070267008, -3.71752417600417 ], [ 128.148913520343001, -3.71748003547953 ], [ 128.148917370340001, -3.71743497584777 ], [ 128.148921210445991, -3.71738990632348 ], [ 128.148925060442991, -3.7173448358999 ], [ 128.148928910440986, -3.71729977626813 ], [ 128.148932749647003, -3.71725470584449 ], [ 128.148936599644003, -3.71720964621273 ], [ 128.148940439749992, -3.71716458568169 ], [ 128.148944410256007, -3.71711953594241 ], [ 128.148953290162012, -3.71707519576835 ], [ 128.148962160176012, -3.71703085559426 ], [ 128.148971030188989, -3.7169865055276 ], [ 128.148979910094994, -3.71694216625284 ], [ 128.148988780107999, -3.71689782607873 ], [ 128.148997660014004, -3.7168534859046 ], [ 128.149005190037997, -3.71680889571893 ], [ 128.149012190359997, -3.71676421560113 ], [ 128.149019179891013, -3.71671953548325 ], [ 128.149026190107008, -3.71667485626474 ], [ 128.149033179637996, -3.71663017614684 ], [ 128.149040179959997, -3.71658549602902 ], [ 128.149047170390986, -3.71654081591121 ], [ 128.149054159922002, -3.71649613579339 ], [ 128.149061160244003, -3.71645145567554 ], [ 128.149072140067005, -3.71640763620888 ], [ 128.149084139720998, -3.71636404606932 ], [ 128.149096130381992, -3.71632044603725 ], [ 128.149108130036012, -3.71627685589772 ], [ 128.149120129690004, -3.71623326575816 ], [ 128.149132120350998, -3.71618967561866 ], [ 128.149144120004991, -3.71614607558661 ], [ 128.149156119659011, -3.71610248634643 ], [ 128.149168110320005, -3.71605888631434 ], [ 128.149180109973997, -3.71601529617477 ], [ 128.14919210962799, -3.71597169614276 ], [ 128.149204100289012, -3.71592810600326 ], [ 128.149216099943004, -3.71588450597116 ], [ 128.149228089704991, -3.71584091583161 ], [ 128.14924009025799, -3.71579731579955 ], [ 128.149252089912011, -3.71575372565999 ], [ 128.149270829984999, -3.71571264552831 ], [ 128.149289980148012, -3.71567169579834 ], [ 128.149314820323013, -3.7156344656643 ], [ 128.149344149912991, -3.71560015562895 ], [ 128.149373730413004, -3.71556605603494 ], [ 128.149403409840005, -3.71553204547386 ], [ 128.149431289722003, -3.71549659599752 ], [ 128.149457629966008, -3.71545992614108 ], [ 128.149475039940995, -3.71541954568201 ], [ 128.149482110410986, -3.71537487635601 ], [ 128.149489170088998, -3.71533019623809 ], [ 128.149486890307998, -3.71528517617653 ], [ 128.149487310290993, -3.7152405455214 ], [ 128.149500399923994, -3.71519727554056 ], [ 128.149513500348007, -3.71515399566712 ], [ 128.149528170089013, -3.71511123560182 ], [ 128.149542960339005, -3.71506851600602 ], [ 128.14955775958299, -3.71502579551096 ], [ 128.14957254983301, -3.7149830759151 ], [ 128.149573789997987, -3.7149794957141 ], [ 128.149711989716991, -3.7148781457169 ], [ 128.149891720126988, -3.71450810617159 ], [ 128.150045030254006, -3.71424907624162 ], [ 128.150203620300999, -3.71404290576342 ], [ 128.150346349903998, -3.71379973627701 ], [ 128.150415069800005, -3.71359356579882 ], [ 128.150547229670991, -3.71337682558871 ], [ 128.150658240186004, -3.71322880617328 ], [ 128.150668819809994, -3.71310721603416 ], [ 128.150791810193994, -3.71292272551247 ], [ 128.150848550221014, -3.7128376154728 ], [ 128.15089083993999, -3.71270017568196 ], [ 128.150964849648005, -3.71243056612741 ], [ 128.151054719799987, -3.71226668626839 ], [ 128.151128730407009, -3.71217682600966 ], [ 128.151125580080986, -3.71209807597541 ], [ 128.151136339570996, -3.71208729580207 ], [ 128.151168209745009, -3.71205534558774 ], [ 128.151200079919988, -3.71202339627281 ], [ 128.151233210045007, -3.71199282561849 ], [ 128.151267750306005, -3.71196381618733 ], [ 128.151302299561991, -3.7119348058568 ], [ 128.151336829931012, -3.71190579552624 ], [ 128.151368659636006, -3.71187407553841 ], [ 128.151397150158004, -3.71183905593799 ], [ 128.151425649673996, -3.71180404623007 ], [ 128.151454150088995, -3.7117690257303 ], [ 128.151482479632989, -3.71173388562074 ], [ 128.151510550171992, -3.71169851618401 ], [ 128.151538609918987, -3.7116631557405 ], [ 128.151566679559011, -3.71162778630376 ], [ 128.151594750098013, -3.71159241596777 ], [ 128.151622879992004, -3.71155710588634 ], [ 128.151651039564001, -3.71152181558994 ], [ 128.151679200035005, -3.71148653608543 ], [ 128.151707370399009, -3.71145124578906 ], [ 128.15173495980099, -3.7114155157242 ], [ 128.151761780281987, -3.71137918581157 ], [ 128.151788589971005, -3.71134285589886 ], [ 128.15181540955399, -3.71130651609375 ], [ 128.151842220141987, -3.71127018618108 ], [ 128.151869049617005, -3.71123385626835 ], [ 128.151895860205997, -3.71119752635568 ], [ 128.151922669894986, -3.71116119554373 ], [ 128.151949490377007, -3.7111248557386 ], [ 128.151976300065996, -3.71108852582595 ], [ 128.152003119647986, -3.71105218602069 ], [ 128.152029430213986, -3.71101549547993 ], [ 128.152055749773012, -3.71097879594591 ], [ 128.152082060339012, -3.71094209551254 ], [ 128.152114069908009, -3.71091062553624 ], [ 128.152148100255005, -3.71088100546536 ], [ 128.152182119808998, -3.71085138629382 ], [ 128.152216150154999, -3.71082176622298 ], [ 128.152248659748011, -3.71079053546626 ], [ 128.152279930074997, -3.71075798630349 ], [ 128.152311179717003, -3.71072544613388 ], [ 128.152332960398013, -3.71070126606209 ], [ 128.152297009998989, -3.71066756576711 ], [ 128.152455600046011, -3.71025523560261 ], [ 128.152501620153998, -3.71027824565648 ], [ 128.152502898990008, -3.71027173996078 ], [ 128.152509730240013, -3.71023698566036 ], [ 128.152522290171987, -3.71019360596222 ], [ 128.152535699963011, -3.7101504456986 ], [ 128.152546660000013, -3.71010657586988 ], [ 128.152575260240013, -3.71007376590376 ], [ 128.152609570276013, -3.7100444857766 ], [ 128.152642980089013, -3.71001417592577 ], [ 128.152668549613992, -3.70997749617681 ], [ 128.152690920249995, -3.70993825605802 ], [ 128.15270675011601, -3.70989611562555 ], [ 128.152720349664008, -3.70985299583144 ], [ 128.152733950112008, -3.70980988592993 ], [ 128.152747559552012, -3.70976676613582 ], [ 128.152762290446987, -3.70972402585565 ], [ 128.152777210199986, -3.70968135572257 ], [ 128.152792120060013, -3.7096386855895 ], [ 128.152807039813013, -3.70959600556388 ], [ 128.152825119784012, -3.70955463585052 ], [ 128.152844359878998, -3.70951374547573 ], [ 128.152863609868007, -3.70947285600033 ], [ 128.152882840070987, -3.70943196562557 ], [ 128.152902980388006, -3.70939150602606 ], [ 128.152923160276004, -3.70935107610423 ], [ 128.15294400026599, -3.70931103558879 ], [ 128.152969399818005, -3.70927368584495 ], [ 128.152971030288995, -3.70927128555442 ], [ 128.153109950364012, -3.70927423623007 ], [ 128.153571600248995, -3.70906836612543 ], [ 128.153714360429007, -3.70889134627204 ], [ 128.153714380214012, -3.70889132199033 ], [ 128.153727559779014, -3.70887497591285 ], [ 128.154008290349992, -3.70823241570757 ], [ 128.15405195963001, -3.70808269567418 ], [ 128.154207920059008, -3.70787682556956 ], [ 128.154413790164, -3.70763352568145 ], [ 128.154557269802012, -3.70753370633035 ], [ 128.154775619799011, -3.70718435568872 ], [ 128.154912859940993, -3.70705958554682 ], [ 128.155093780154004, -3.70692858580111 ], [ 128.155287170366989, -3.70681004616235 ], [ 128.155436890400011, -3.70668528591297 ], [ 128.155549179751006, -3.70649189570042 ], [ 128.155686398309001, -3.70641505222898 ], [ 128.155705140180004, -3.70640455624135 ], [ 128.155861109602995, -3.70627354570378 ], [ 128.156042019923007, -3.70614877556193 ], [ 128.156204219849002, -3.70606767559921 ], [ 128.156410089953994, -3.7059990555285 ], [ 128.156478438985005, -3.70592094497884 ], [ 128.156712104780013, -3.70644405716356 ], [ 128.156478439000011, -3.70592094191974 ], [ 128.15657853, -3.70578070591987 ], [ 128.15656672, -3.70573740591991 ], [ 128.156707352781012, -3.70560187818032 ], [ 128.156715770417009, -3.70559187578143 ], [ 128.156744830209988, -3.70555732562709 ], [ 128.15677388011099, -3.70552278626462 ], [ 128.156802510028001, -3.70548792584418 ], [ 128.156824539821002, -3.7054484860759 ], [ 128.156846590297988, -3.70540904630762 ], [ 128.156871290178003, -3.70537126578848 ], [ 128.156896560228006, -3.70533383600496 ], [ 128.156921830278009, -3.70529639632891 ], [ 128.156937140336993, -3.70525468577242 ], [ 128.156946559836001, -3.70521046610748 ], [ 128.156955980233988, -3.70516622575809 ], [ 128.156965379947991, -3.70512200609319 ], [ 128.156987089582998, -3.70508267604221 ], [ 128.157010460265013, -3.70504401598609 ], [ 128.157033830046998, -3.70500535592999 ], [ 128.157057199830007, -3.70496669587396 ], [ 128.157085419656994, -3.70493150630162 ], [ 128.157114029789, -3.70489658562664 ], [ 128.157143219983993, -3.70486222612855 ], [ 128.157177530018998, -3.7048329361089 ], [ 128.157211840054003, -3.70480364608921 ], [ 128.157248419978998, -3.70477798573327 ], [ 128.157289529787988, -3.70475952624897 ], [ 128.157330619812001, -3.70474107575796 ], [ 128.157374979771987, -3.70473560608126 ], [ 128.157419890115989, -3.70473231636118 ], [ 128.157464849923002, -3.70473279569987 ], [ 128.157509840307, -3.70473457635746 ], [ 128.157554450278013, -3.70474022589856 ], [ 128.157598900169006, -3.70474741597834 ], [ 128.157643529924997, -3.70474527559184 ], [ 128.157688229828011, -3.70473986616975 ], [ 128.157688950184991, -3.7047397456606 ], [ 128.157644660372995, -3.70461278566952 ], [ 128.15780195, -3.70453615623669 ], [ 128.157810009723988, -3.70436273636947 ], [ 128.157987460353013, -3.70436273636947 ], [ 128.158034309636008, -3.7045933756018 ], [ 128.158076190163996, -3.70457648633384 ], [ 128.158090060408, -3.70448491556452 ], [ 128.158099360297001, -3.70448092617192 ], [ 128.158140759687996, -3.70446315556835 ], [ 128.158178229941001, -3.70443869580738 ], [ 128.15821405983101, -3.70441133573275 ], [ 128.158253549960989, -3.70439310557558 ], [ 128.158298540344987, -3.7043912655627 ], [ 128.158342029761002, -3.70438258620562 ], [ 128.158383590130995, -3.7043652661624 ], [ 128.158417999991002, -3.70433609575251 ], [ 128.158453380218987, -3.70430814572271 ], [ 128.158489220001997, -3.70428077575552 ], [ 128.158525190185003, -3.70425356586779 ], [ 128.158561240409, -3.70422647558978 ], [ 128.158597920158002, -3.70420025585554 ], [ 128.158634910172992, -3.7041744758898 ], [ 128.158671890295011, -3.70414868603149 ], [ 128.158709990073987, -3.70412465614652 ], [ 128.158749179831005, -3.70410240601975 ], [ 128.158788369587995, -3.70408014600051 ], [ 128.158828709576994, -3.70406010550804 ], [ 128.158869320262994, -3.70404056593795 ], [ 128.158910010088988, -3.7040212161249 ], [ 128.158950740384, -3.70400193555952 ], [ 128.158991469780005, -3.7039826756786 ], [ 128.15903380986299, -3.70396793579032 ], [ 128.159077499826992, -3.70395700632947 ], [ 128.159121189790994, -3.70394608586193 ], [ 128.159164580280986, -3.70393403584583 ], [ 128.159207799900003, -3.70392136619685 ], [ 128.159251020417997, -3.70390870554108 ], [ 128.159293400069998, -3.70389382625783 ], [ 128.159333960394008, -3.7038742156413 ], [ 128.159374529710988, -3.70385459603159 ], [ 128.159414009948989, -3.70383287560555 ], [ 128.159453220389992, -3.70381065605575 ], [ 128.159493560380014, -3.70379060567084 ], [ 128.159534260098013, -3.7037712855353 ], [ 128.159574969709013, -3.70375196629914 ], [ 128.159613250250999, -3.70372868554933 ], [ 128.159648759981991, -3.70370087581375 ], [ 128.159684259821006, -3.70367306607816 ], [ 128.159719780344005, -3.70364526623506 ], [ 128.159755299967003, -3.70361747628457 ], [ 128.159790819590995, -3.70358967554224 ], [ 128.159826340113995, -3.70356188559163 ], [ 128.159860890267993, -3.70353300566285 ], [ 128.159892469961989, -3.70350076586687 ], [ 128.15992404965499, -3.70346852607083 ], [ 128.159955620355987, -3.70343628627484 ], [ 128.159987190157011, -3.70340404557954 ], [ 128.160000018086009, -3.70339094875259 ], [ 128.160003400437006, -3.70338749625528 ], [ 128.159998311173013, -3.70338030887345 ], [ 128.160030565357999, -3.7033932096482 ], [ 128.160367801233008, -3.70308026985819 ], [ 128.160321151599987, -3.70304139576351 ], [ 128.160319314285005, -3.70304139576351 ], [ 128.160321950198011, -3.70303833626986 ], [ 128.160325419781998, -3.70303394577963 ], [ 128.160289589893011, -3.70299601597309 ], [ 128.160653399835013, -3.70272548551278 ], [ 128.160667729631996, -3.70275214591478 ], [ 128.160683812207992, -3.70273948166173 ], [ 128.160703160222994, -3.70272424624699 ], [ 128.160738679845991, -3.70269645629651 ], [ 128.160774200368991, -3.70266866634597 ], [ 128.160809719993011, -3.70264087549613 ], [ 128.160844110068012, -3.70261176624016 ], [ 128.160876750061988, -3.70258060563059 ], [ 128.160909409841992, -3.70254947559804 ], [ 128.160942219807993, -3.70251850564479 ], [ 128.160978119844003, -3.70249273557154 ], [ 128.161020850232006, -3.70247847592121 ], [ 128.161063600404987, -3.7024642963105 ], [ 128.161106400040012, -3.70245027587982 ], [ 128.161149209568009, -3.70243626624101 ], [ 128.161192010103008, -3.7024222458103 ], [ 128.161234819631005, -3.70240822627897 ], [ 128.161277630059004, -3.70239421574081 ], [ 128.161317749713987, -3.70237373547989 ], [ 128.16135781990701, -3.70235309603894 ], [ 128.161395429555995, -3.70233371564889 ], [ 128.16139700336899, -3.70233290805766 ], [ 128.161397880208, -3.70233245569871 ], [ 128.161437319975988, -3.70231064623982 ], [ 128.161476700388988, -3.70228872616424 ], [ 128.161516079903009, -3.70226680608873 ], [ 128.161553450332008, -3.70224170601048 ], [ 128.161589940324006, -3.70221521558033 ], [ 128.161626440208011, -3.70218872604942 ], [ 128.161658769935997, -3.70215731632768 ], [ 128.161693550317011, -3.70212903624672 ], [ 128.16173163031101, -3.70210492632197 ], [ 128.161772150165007, -3.70208545599969 ], [ 128.161813609809997, -3.70206783558288 ], [ 128.161855070354989, -3.70205020617283 ], [ 128.161894920213996, -3.70202918631871 ], [ 128.161934629779012, -3.70200787598347 ], [ 128.161972219641996, -3.70198336586044 ], [ 128.162007160102007, -3.70195482587535 ], [ 128.162042089771006, -3.70192629578283 ], [ 128.162053889774995, -3.70188570578157 ], [ 128.162067660194992, -3.70184358603363 ], [ 128.162086320228013, -3.70181780606792 ], [ 128.162095479822995, -3.70180659601859 ], [ 128.162115649817991, -3.70178191592374 ], [ 128.162138909882998, -3.70176982633744 ], [ 128.162162259880006, -3.70173115548952 ], [ 128.162177239887995, -3.70170402564141 ], [ 128.161959549993014, -3.70139381619313 ], [ 128.161660430084993, -3.70153714564401 ], [ 128.161629280266993, -3.70149352582691 ], [ 128.161579420054011, -3.70140627630003 ], [ 128.162040560023996, -3.70116948570489 ], [ 128.162071719734001, -3.70128164555302 ], [ 128.162268780080012, -3.70156082569282 ], [ 128.162284939997988, -3.70154446612548 ], [ 128.162319330072989, -3.70151529571561 ], [ 128.162353730040991, -3.70148611631258 ], [ 128.162388969975012, -3.70145795584135 ], [ 128.162424330418986, -3.70142996624137 ], [ 128.162459779894988, -3.70140208635862 ], [ 128.162495459598006, -3.70137450595017 ], [ 128.162531140200002, -3.70134691564917 ], [ 128.162568810103011, -3.70132217619901 ], [ 128.162606739908995, -3.70129781626275 ], [ 128.162645880203002, -3.70127567585331 ], [ 128.162686829932994, -3.70125686563344 ], [ 128.16272776977101, -3.70123806620541 ], [ 128.162769629615013, -3.701221555552 ], [ 128.162807560320999, -3.701208405665 ], [ 128.162812190030991, -3.70120680577111 ], [ 128.162854750446002, -3.70119205599022 ], [ 128.162898540235005, -3.70118240626474 ], [ 128.162943320177988, -3.70117844565035 ], [ 128.162988319555012, -3.70117719559279 ], [ 128.163033339616987, -3.7011767063616 ], [ 128.163078349785991, -3.7011773259945 ], [ 128.163123299700999, -3.70117972628498 ], [ 128.163168260406991, -3.70118212567624 ], [ 128.16321323010601, -3.70118452596674 ], [ 128.163258180020989, -3.70118692625731 ], [ 128.163303139828002, -3.701189315756 ], [ 128.16334807985001, -3.70118998575087 ], [ 128.163392980302007, -3.70118669603085 ], [ 128.163437969786003, -3.70118755578276 ], [ 128.163470512653987, -3.70118943986245 ], [ 128.163482890023005, -3.70119015572277 ], [ 128.163484519594988, -3.70119022586989 ], [ 128.163486279567991, -3.70118817631492 ], [ 128.163536129888996, -3.70111962549202 ], [ 128.163467579964987, -3.70105108636036 ], [ 128.163561050102004, -3.70093891572031 ], [ 128.16377915998001, -3.70111962549202 ], [ 128.163704379553991, -3.70120063552255 ], [ 128.16363582963001, -3.70119440591879 ], [ 128.163601610426014, -3.70123173587753 ], [ 128.163622849715011, -3.70124530574787 ], [ 128.163664250005013, -3.70126307635149 ], [ 128.163705640403009, -3.70128085594834 ], [ 128.16374679967501, -3.70129853572039 ], [ 128.163804080194012, -3.70124425623902 ], [ 128.163754229874002, -3.70120063552255 ], [ 128.163835239903989, -3.70111339588825 ], [ 128.164439700331997, -3.70151221553764 ], [ 128.164358690300986, -3.70160568567506 ], [ 128.164177979630011, -3.70148105582744 ], [ 128.164132289574013, -3.70154197590275 ], [ 128.164146860388996, -3.70155776619924 ], [ 128.164180260311014, -3.7015880958352 ], [ 128.164213660232008, -3.70161842637048 ], [ 128.164247060153997, -3.70164875600645 ], [ 128.164280460074991, -3.7016790757499 ], [ 128.164313859997009, -3.70170941617773 ], [ 128.164349670100989, -3.70173682571503 ], [ 128.164385419951003, -3.70176234577666 ], [ 128.164454409643014, -3.70182440619238 ], [ 128.164513090407013, -3.70188480556027 ], [ 128.164627879872995, -3.70196225607409 ], [ 128.16466479974099, -3.70198814575714 ], [ 128.164701709716013, -3.70201403633948 ], [ 128.164738629584008, -3.70203993591508 ], [ 128.164767520304991, -3.70205686565256 ], [ 128.164794490074001, -3.70208133620543 ], [ 128.164796099860013, -3.70208279580509 ], [ 128.164838240292994, -3.70211715620249 ], [ 128.164866460118986, -3.70214855603166 ], [ 128.164899670284001, -3.7021790862165 ], [ 128.164932880447992, -3.70220962629377 ], [ 128.164965479973006, -3.70224080578909 ], [ 128.164997569581999, -3.70227251588443 ], [ 128.165029669982999, -3.70230423587224 ], [ 128.165061759592987, -3.70233594596757 ], [ 128.165093859993988, -3.70236765606291 ], [ 128.165137919578996, -3.70237536595077 ], [ 128.165182429725007, -3.70238218550981 ], [ 128.165226760006988, -3.70238598604478 ], [ 128.165241767893008, -3.70238172865423 ], [ 128.165242519727002, -3.70238151551493 ], [ 128.165262269738008, -3.7022973857363 ], [ 128.165580070364001, -3.70227246552237 ], [ 128.165570749789993, -3.70234333569682 ], [ 128.165573439663007, -3.70234433574294 ], [ 128.165611239967006, -3.7023689061205 ], [ 128.165618719627986, -3.70237376605689 ], [ 128.165622399654012, -3.70237616634739 ], [ 128.165649040271006, -3.70239347559881 ], [ 128.165686839675999, -3.70241804597639 ], [ 128.165724639979999, -3.70244262624657 ], [ 128.165760350260001, -3.70247014550112 ], [ 128.16579602006999, -3.70249775558725 ], [ 128.165831679988003, -3.70252535578079 ], [ 128.165867349797992, -3.70255296586689 ], [ 128.165903009716004, -3.702580575953 ], [ 128.165931549701014, -3.70260266600035 ], [ 128.165933452666991, -3.7026041354926 ], [ 128.165935545389004, -3.70260428388068 ], [ 128.166328658840996, -3.70263202616715 ], [ 128.166577959904998, -3.7026496196044 ], [ 128.166565039344988, -3.70278159781241 ], [ 128.166569398359002, -3.7027827741257 ], [ 128.166567902786994, -3.70279249130035 ], [ 128.166569541351009, -3.70279330968344 ], [ 128.16665567391999, -3.7028363755182 ], [ 128.166844867896003, -3.70286758379186 ], [ 128.166881835428001, -3.70287536562545 ], [ 128.16688241459201, -3.70287636117496 ], [ 128.16689509323399, -3.70288172383235 ], [ 128.166897316357989, -3.70288098279101 ], [ 128.166897531296001, -3.70288123729912 ], [ 128.16714719029099, -3.70299924004262 ], [ 128.167300861944994, -3.70305273261721 ], [ 128.167301275633008, -3.70305409598935 ], [ 128.167392948025991, -3.70307603854802 ], [ 128.167393049650002, -3.70307593152868 ], [ 128.167492423835995, -3.70310007922491 ], [ 128.167493396903012, -3.70310432132697 ], [ 128.167555810751992, -3.70312285005908 ], [ 128.167615788337997, -3.70315161937129 ], [ 128.167686064061002, -3.70318796906903 ], [ 128.167686492137989, -3.70318819120159 ], [ 128.167726964328011, -3.70320525673672 ], [ 128.167961994949991, -3.70328668854924 ], [ 128.168148264330995, -3.70332764817179 ], [ 128.168315028315988, -3.70333154853153 ], [ 128.16869439203299, -3.70336178194 ], [ 128.168790939649995, -3.70336665806416 ], [ 128.168932349048987, -3.70337738517749 ], [ 128.169040598645012, -3.70337738517749 ], [ 128.169042362215009, -3.7033752465897 ], [ 128.169044499904004, -3.70337738517749 ], [ 128.169091311415002, -3.70337153418829 ], [ 128.169091681036008, -3.7033699172072 ], [ 128.16909618663999, -3.70337093254178 ], [ 128.169137634593994, -3.70336129360818 ], [ 128.169150112687987, -3.70335424112469 ], [ 128.169155178569014, -3.70334763470494 ], [ 128.169171442807993, -3.70333967570486 ], [ 128.16920394970299, -3.70330781902002 ], [ 128.169228655877987, -3.70326815891789 ], [ 128.169237433261003, -3.70324572892671 ], [ 128.169237419771008, -3.70324568485992 ], [ 128.169238309201006, -3.70324558413588 ], [ 128.169246209745012, -3.7032291499248 ], [ 128.169264426412013, -3.70322866698888 ], [ 128.169417850753007, -3.70322459935528 ], [ 128.169418360668999, -3.7032252010017 ], [ 128.169429854004989, -3.70322389968269 ], [ 128.169430203840989, -3.70322362359086 ], [ 128.169519600049995, -3.70320379353974 ], [ 128.169556658413001, -3.70319274177108 ], [ 128.169629392882001, -3.70316203172195 ], [ 128.169630125829997, -3.70316218370735 ], [ 128.169641427610003, -3.70315742629373 ], [ 128.169642478917012, -3.70315698292799 ], [ 128.169640202733007, -3.70315275701369 ], [ 128.169624556327989, -3.70314667220073 ], [ 128.169623299075994, -3.70314723067972 ], [ 128.169614847247004, -3.70314333032003 ], [ 128.169486766700999, -3.70284620960478 ], [ 128.169445807078006, -3.70274933733204 ], [ 128.169824847038996, -3.70274348634285 ], [ 128.170015991644988, -3.70276819071941 ], [ 128.170017604128986, -3.70277030412623 ], [ 128.170020729273006, -3.70277030412623 ], [ 128.170020543113992, -3.70277079155874 ], [ 128.170071254984009, -3.70277404260795 ], [ 128.170073147158007, -3.70277341218321 ], [ 128.170329365807987, -3.70264108593747 ], [ 128.170419086672013, -3.70259362511585 ], [ 128.170434203376004, -3.70257971799976 ], [ 128.170434203376004, -3.70257902192451 ], [ 128.170435016363001, -3.70257932229806 ], [ 128.170438810603002, -3.70257512786006 ], [ 128.170441192008013, -3.7025724946451 ], [ 128.170434690808008, -3.70256339260673 ], [ 128.170434203376004, -3.70256321633958 ], [ 128.170434203376004, -3.70255954620624 ], [ 128.170413885892003, -3.70252568403333 ], [ 128.170517260263011, -3.70248472531006 ], [ 128.170520218133987, -3.70248556167957 ], [ 128.170525244444008, -3.70248260021211 ], [ 128.170657692997992, -3.70243141170061 ], [ 128.170792274744002, -3.70232803822885 ], [ 128.170799427052003, -3.70232218634026 ], [ 128.170799427052003, -3.70232102801346 ], [ 128.170811359256987, -3.70231399621438 ], [ 128.170903450733988, -3.70224091730501 ], [ 128.170904738562996, -3.70224095057998 ], [ 128.170927699153992, -3.70221512115147 ], [ 128.170932058168006, -3.70221621112982 ], [ 128.171355958111008, -3.70182872024021 ], [ 128.171565689905009, -3.70152480154968 ], [ 128.171636823580997, -3.70142172395476 ], [ 128.171636035773986, -3.70141824177986 ], [ 128.171775329067998, -3.70126153761145 ], [ 128.171792861351008, -3.70122537677133 ], [ 128.17171484336501, -3.70113175464849 ], [ 128.171715363174002, -3.70112897754199 ], [ 128.171651290075005, -3.70106170105845 ], [ 128.171688384411993, -3.70092074401908 ], [ 128.171691112054987, -3.70092012978208 ], [ 128.17177953339899, -3.70063666257416 ], [ 128.17182764443001, -3.70041170975515 ], [ 128.171824759405013, -3.70040920154594 ], [ 128.171825361051987, -3.70040714389707 ], [ 128.171823743170989, -3.70040390903569 ], [ 128.171852349706, -3.70026087456235 ], [ 128.171885922297008, -3.70020022878023 ], [ 128.171890828999011, -3.70018346361872 ], [ 128.171917366194009, -3.70014124674396 ], [ 128.171905663316011, -3.70010613811059 ], [ 128.171904302641991, -3.70010528825129 ], [ 128.17190502119999, -3.70009595508712 ], [ 128.171904361997008, -3.70009573565253 ], [ 128.171884858400006, -3.70003202048425 ], [ 128.171900461636994, -3.69990068978806 ], [ 128.17194857266901, -3.6997758602909 ], [ 128.171991482920987, -3.69959901850324 ], [ 128.172009686997995, -3.69956000861094 ], [ 128.172047395571013, -3.69952490087689 ], [ 128.172134517393999, -3.69950799721973 ], [ 128.172377092429002, -3.69958715284819 ], [ 128.172379738234014, -3.69958715284819 ], [ 128.172645537362001, -3.69967703648928 ], [ 128.172676744736009, -3.69966923487056 ], [ 128.172718354569014, -3.69959641766392 ], [ 128.172717528991001, -3.69959063772112 ], [ 128.172726032979995, -3.69957929906877 ], [ 128.172725505977013, -3.6995788637969 ], [ 128.172763864761009, -3.69950604659025 ], [ 128.172752812992002, -3.69947744005531 ], [ 128.172694948812989, -3.69943712974326 ], [ 128.172694211368992, -3.69943436252936 ], [ 128.172579704290001, -3.69936389704978 ], [ 128.17256101727699, -3.69934740887943 ], [ 128.172311359182004, -3.69917056709182 ], [ 128.172310057863001, -3.69913155809879 ], [ 128.172307394970005, -3.69913053377098 ], [ 128.172307698941012, -3.699129894353 ], [ 128.172306156604009, -3.69912895815874 ], [ 128.172304857083986, -3.69908214664765 ], [ 128.172389377168003, -3.69886629586704 ], [ 128.172424484901995, -3.69882468603456 ], [ 128.172420583643003, -3.69880518063876 ], [ 128.172510305406007, -3.69870115695715 ], [ 128.172511017668995, -3.69870127476829 ], [ 128.172518053965007, -3.69868644314916 ], [ 128.172519408343987, -3.69868685324 ], [ 128.172672827289006, -3.69849217789623 ], [ 128.172702792699994, -3.69846820466848 ], [ 128.172944607807011, -3.69851911349083 ], [ 128.173165660266989, -3.69870375689717 ], [ 128.173202069320013, -3.6986699486835 ], [ 128.173272284787998, -3.69862313807175 ], [ 128.173272284787998, -3.6986075348343 ], [ 128.173272284787998, -3.69860431526135 ], [ 128.173267084009012, -3.69859973321556 ], [ 128.173066837365013, -3.69842289052859 ], [ 128.172926403730997, -3.6982954610914 ], [ 128.172925672582011, -3.69828486078248 ], [ 128.172921369325991, -3.69828848505029 ], [ 128.172848160015008, -3.69822164563725 ], [ 128.173025929902991, -3.69808063553787 ], [ 128.173021650029, -3.69806337574918 ], [ 128.173021669814005, -3.69801828554047 ], [ 128.173022839831987, -3.69797306582937 ], [ 128.173034459972001, -3.69793033634107 ], [ 128.173053539989013, -3.69788936592667 ], [ 128.1730772704, -3.69785112585397 ], [ 128.173103369625011, -3.69781425634816 ], [ 128.173129100127994, -3.69777714582392 ], [ 128.173154380070997, -3.69773972593296 ], [ 128.173179660013005, -3.69770230604198 ], [ 128.173204949849008, -3.69766487625844 ], [ 128.173230239683988, -3.69762746626001 ], [ 128.173255519626991, -3.69759003557718 ], [ 128.173281799615012, -3.69755333604314 ], [ 128.173308979826004, -3.6975172759271 ], [ 128.173336160036001, -3.69748120591855 ], [ 128.173363340245999, -3.69744514580251 ], [ 128.173390509663989, -3.69740908568643 ], [ 128.173417679982009, -3.69737302557038 ], [ 128.173444870085007, -3.69733696635365 ], [ 128.17344697989401, -3.69733415597231 ], [ 128.173472040402004, -3.69730089634513 ], [ 128.173499209820989, -3.69726484612161 ], [ 128.173526390030986, -3.69722878600558 ], [ 128.173553570241012, -3.6971927258895 ], [ 128.173580749552002, -3.69715666577348 ], [ 128.173607919869994, -3.69712060565742 ], [ 128.173635090186991, -3.69708453564885 ], [ 128.173662270398012, -3.69704847553278 ], [ 128.173689449708007, -3.69701241631605 ], [ 128.173716620025999, -3.69697635619999 ], [ 128.173742909906991, -3.69693963598159 ], [ 128.173769070285999, -3.69690282583094 ], [ 128.173776590416992, -3.69689223631392 ], [ 128.17377130959801, -3.69688802568809 ], [ 128.173773619956989, -3.69688748609486 ], [ 128.173850869922006, -3.69678371602207 ], [ 128.173852780082001, -3.69678499575733 ], [ 128.173873690219011, -3.69675557623526 ], [ 128.173899849697989, -3.6967187561921 ], [ 128.173926010076997, -3.69668194604143 ], [ 128.173952169556998, -3.69664513589084 ], [ 128.173978320043005, -3.69660831584766 ], [ 128.174004709749994, -3.69657167566887 ], [ 128.174031100354995, -3.69653502559755 ], [ 128.174057499953989, -3.69649838631808 ], [ 128.174083899551988, -3.69646174613938 ], [ 128.174110300049989, -3.69642511585312 ], [ 128.174136689756011, -3.69638847567441 ], [ 128.174163090254012, -3.69635182560314 ], [ 128.174189489853006, -3.69631518632362 ], [ 128.174215890351007, -3.69627854614485 ], [ 128.174242280057001, -3.69624190596611 ], [ 128.174268669762995, -3.69620526578736 ], [ 128.174289509753009, -3.69617742637417 ], [ 128.174305979937003, -3.69615542625897 ], [ 128.174344690355014, -3.69611232624991 ], [ 128.174372310334007, -3.69607659618507 ], [ 128.174399920420001, -3.69604087601272 ], [ 128.174427540398995, -3.69600515584047 ], [ 128.174455160376993, -3.69596943566813 ], [ 128.174482769564008, -3.69593370560335 ], [ 128.174520390004005, -3.69591234580542 ], [ 128.174563249893993, -3.6958984557764 ], [ 128.17457822000901, -3.69589634596692 ], [ 128.174607359842014, -3.69589223606516 ], [ 128.174652379903989, -3.69589147613798 ], [ 128.174697399964998, -3.69589073599597 ], [ 128.174726320362993, -3.69587837571385 ], [ 128.17471997025001, -3.69585837569083 ], [ 128.17474261967601, -3.69587173601917 ], [ 128.174850200176991, -3.69593518588742 ], [ 128.174930770439005, -3.6960047655347 ], [ 128.175084579690008, -3.69610363610101 ], [ 128.175234729598998, -3.69621350627521 ], [ 128.175367554069993, -3.69631716483214 ], [ 128.175384880407989, -3.69633068613911 ], [ 128.175490807954986, -3.69644392517375 ], [ 128.175491080449007, -3.69644421565475 ], [ 128.175648549941002, -3.69645520626951 ], [ 128.175776720419009, -3.69639294620429 ], [ 128.175926870328993, -3.69638928596357 ], [ 128.176055039907993, -3.69645154602874 ], [ 128.176154167172001, -3.69654712530117 ], [ 128.176157579709013, -3.69655041569574 ], [ 128.176168109869991, -3.69656620599221 ], [ 128.176161249842011, -3.69657330613979 ], [ 128.176241810210996, -3.6966685263579 ], [ 128.176304070277013, -3.69671612567511 ], [ 128.176329700055987, -3.69680035617784 ], [ 128.176339470290003, -3.69681794601776 ], [ 128.176349620038991, -3.69683620585254 ], [ 128.176359034141996, -3.69685314997917 ], [ 128.176402949835989, -3.69693219589032 ], [ 128.176439570230002, -3.69700543577839 ], [ 128.176446889812013, -3.69702374597518 ], [ 128.176447770249013, -3.69702317580506 ], [ 128.176470239809987, -3.69706631628352 ], [ 128.17647164005399, -3.69706437554652 ], [ 128.17655733015701, -3.6971614861396 ], [ 128.176579189978014, -3.69718625616678 ], [ 128.176647919765998, -3.69725811559546 ], [ 128.176946910172006, -3.69750693552225 ], [ 128.176949750230989, -3.69750930613513 ], [ 128.177154210199006, -3.69767945606745 ], [ 128.177176359600992, -3.69769788587412 ], [ 128.177385870161999, -3.69784944592043 ], [ 128.177453900276987, -3.69789026614806 ], [ 128.177473813066001, -3.69790221184276 ], [ 128.177475019956006, -3.69790293579705 ], [ 128.177534724147989, -3.69784842429058 ], [ 128.177536770106002, -3.69784655549937 ], [ 128.177540430346994, -3.69784322620919 ], [ 128.177541380030988, -3.6978445859841 ], [ 128.177550240151987, -3.69785724574049 ], [ 128.177566269668006, -3.69788189615775 ], [ 128.177586630319013, -3.6979060357601 ], [ 128.177622329807008, -3.69794834616434 ], [ 128.177724983821008, -3.69806655035602 ], [ 128.177725250019989, -3.69806685612547 ], [ 128.177715889876993, -3.69816353594329 ], [ 128.177672649572997, -3.69824361607482 ], [ 128.177644970238987, -3.69831973559203 ], [ 128.177544120264997, -3.6985256362736 ], [ 128.177511240152, -3.69859276616765 ], [ 128.177522175907995, -3.69871670803398 ], [ 128.177522370161, -3.69871890597699 ], [ 128.177523229912993, -3.69872863574226 ], [ 128.177580049979014, -3.69883091563847 ], [ 128.177665944228011, -3.69891120621126 ], [ 128.177667109748995, -3.69891229618961 ], [ 128.177667140326008, -3.69891232586723 ], [ 128.177711490392994, -3.69895378551282 ], [ 128.177756440308002, -3.69898374552742 ], [ 128.177912370159987, -3.69909601599224 ], [ 128.177973641870011, -3.69912972168313 ], [ 128.177974739941988, -3.6991303260276 ], [ 128.178020709688013, -3.69909111558641 ], [ 128.177977859690003, -3.69913656552395 ], [ 128.178070942219989, -3.69919961879119 ], [ 128.178171220226005, -3.69926754548456 ], [ 128.17825580190916, -3.699321369637661 ], [ 128.178308439683008, -3.69935486605784 ], [ 128.178464370434, -3.69946090601945 ], [ 128.17848808106001, -3.69948024863806 ], [ 128.178571690131008, -3.69954845591989 ], [ 128.178594729862994, -3.69956483617166 ], [ 128.178826260324001, -3.69972947595772 ], [ 128.178930182382004, -3.69981824174159 ], [ 128.179024880094005, -3.69989912856495 ], [ 128.179037272751998, -3.69991094565664 ], [ 128.179073721375005, -3.69994569905778 ], [ 128.179075646824003, -3.69994753637268 ], [ 128.179075646824003, -3.69994662895679 ], [ 128.179098038143991, -3.69991839564044 ], [ 128.179123360354993, -3.69995620583721 ], [ 128.179124769592988, -3.69995831564671 ], [ 128.179124810062007, -3.69995837590128 ], [ 128.179160620165987, -3.69999418600577 ], [ 128.179207400200994, -3.7000768256079 ], [ 128.179212740375988, -3.70007810624245 ], [ 128.179221599597014, -3.70010519562107 ], [ 128.17923389962499, -3.70014277559138 ], [ 128.179269809554, -3.70018119552851 ], [ 128.179350080342005, -3.70026706549536 ], [ 128.179468590303003, -3.70033255592528 ], [ 128.179523299661014, -3.70037072585086 ], [ 128.17960269001199, -3.7004261159949 ], [ 128.179681889707012, -3.70048231552886 ], [ 128.179699570379, -3.70050832572104 ], [ 128.17975960012501, -3.70054697588456 ], [ 128.179790579971012, -3.70059334582852 ], [ 128.179790579971012, -3.7006030063459 ], [ 128.179807999838999, -3.70075565637057 ], [ 128.179782829613998, -3.700863865497 ], [ 128.179796389592013, -3.7010049259584 ], [ 128.179819619979014, -3.70109960568403 ], [ 128.179835299659004, -3.70111817578496 ], [ 128.179832209588994, -3.70112665549249 ], [ 128.179886429714998, -3.70120781660907 ], [ 128.179892992967012, -3.70121764170241 ], [ 128.179893430037993, -3.70121829550954 ], [ 128.179894170180006, -3.70121167559995 ], [ 128.180002599640005, -3.70121167559995 ], [ 128.180010170132988, -3.70122929601679 ], [ 128.180010039731997, -3.70122250613538 ], [ 128.180009999262012, -3.70122035405769 ], [ 128.180009789720003, -3.70120928610134 ], [ 128.180073489600005, -3.70112877609386 ], [ 128.180132860143004, -3.70107479608677 ], [ 128.180133059793008, -3.70106806556053 ], [ 128.180167170179004, -3.70101866580063 ], [ 128.180245139601993, -3.70089079569563 ], [ 128.180265561684934, -3.700860160239795 ], [ 128.180337954962937, -3.700677603277902 ], [ 128.180405475204083, -3.700585380509499 ], [ 128.180515813159133, -3.700447046356895 ], [ 128.180568511883934, -3.700409169148444 ], [ 128.180608722895812, -3.700415870983758 ], [ 128.180611175364987, -3.70041279074017 ], [ 128.180709820201997, -3.70028889563868 ], [ 128.180709849880003, -3.70028836593796 ], [ 128.180710140360986, -3.70028364629589 ], [ 128.180765949588988, -3.70029201628612 ], [ 128.180881339801999, -3.70036998570881 ], [ 128.180909410341002, -3.70044794613824 ], [ 128.180919439580009, -3.70049027632756 ], [ 128.180922349787011, -3.7004947963202 ], [ 128.180936118407004, -3.70055723624975 ], [ 128.180939730084987, -3.70057361560216 ], [ 128.180971780123997, -3.70067560591671 ], [ 128.180962150183007, -3.7007173362582 ], [ 128.180956724573008, -3.70077424086067 ], [ 128.180955329725009, -3.70078887552826 ], [ 128.180949459850012, -3.70085033609619 ], [ 128.180984320269999, -3.70103197576688 ], [ 128.181039129462988, -3.70117420792132 ], [ 128.1810424, -3.70118269592474 ], [ 128.181185690168007, -3.70126771595389 ], [ 128.181357160304998, -3.70131714629079 ], [ 128.181358888802009, -3.70131764631387 ], [ 128.181359959893996, -3.70131795568065 ], [ 128.181368339777009, -3.70131074581581 ], [ 128.181402559880013, -3.70132181557087 ], [ 128.181474755656012, -3.70134449827147 ], [ 128.181611680135006, -3.70138751554284 ], [ 128.181936980207013, -3.70162711562011 ], [ 128.182266159954992, -3.70187058548004 ], [ 128.182415639869987, -3.70199030862666 ], [ 128.182560480181991, -3.7021063157745 ], [ 128.182672780324992, -3.70219906555502 ], [ 128.182765729755005, -3.70241161582378 ], [ 128.182822578599001, -3.70253075620968 ], [ 128.182822869979987, -3.70253136594995 ], [ 128.182837099951996, -3.70256118567039 ], [ 128.182835429910995, -3.70257392636579 ], [ 128.182936600044002, -3.70278705579796 ], [ 128.18293436972499, -3.70278760618306 ], [ 128.182813769739994, -3.70287078627766 ], [ 128.182788809956008, -3.7029830657356 ], [ 128.182788809956008, -3.70298771523061 ], [ 128.182788809956008, -3.702987894844966 ], [ 128.182787672441123, -3.702989008157429 ], [ 128.182746873023802, -3.70307727374357 ], [ 128.182682519587729, -3.703287083576297 ], [ 128.18265695452402, -3.703368186536847 ], [ 128.182582903994813, -3.703452815713073 ], [ 128.182521195220488, -3.703579759477412 ], [ 128.182471828201017, -3.703708466349589 ], [ 128.182417171858049, -3.703803674172844 ], [ 128.182392488348313, -3.703893592672583 ], [ 128.182433039828567, -3.703964116986105 ], [ 128.182507090357774, -3.704018773329084 ], [ 128.182528247651817, -3.704143953985586 ], [ 128.182515905896963, -3.704223293838298 ], [ 128.182517669004795, -3.704307923014524 ], [ 128.182520192225297, -3.70438361963009 ], [ 128.18272474585001, -3.70438638404267 ], [ 128.182729130045004, -3.70442935634793 ], [ 128.182708489704993, -3.70455648631087 ], [ 128.182687850263989, -3.70467674635267 ], [ 128.182629629953993, -3.70475917551338 ], [ 128.182588510252003, -3.7048278657312 ], [ 128.182574749725006, -3.70491376627497 ], [ 128.182560990098011, -3.70499279599833 ], [ 128.182539859627013, -3.70503052795403 ], [ 128.182637472041989, -3.70506957291996 ], [ 128.182643341916986, -3.705051963295 ], [ 128.18285540115599, -3.70496464452035 ], [ 128.182865381641761, -3.704952168913139 ], [ 128.18287058984356, -3.705202162600332 ], [ 128.182893069936881, -3.705337043160191 ], [ 128.182954890193486, -3.705606804279909 ], [ 128.182977370286807, -3.705752924886423 ], [ 128.18301671045009, -3.705960865749539 ], [ 128.182971750263476, -3.706241866915912 ], [ 128.182909930006872, -3.706376747475771 ], [ 128.182786289493663, -3.706455427802355 ], [ 128.182730089260389, -3.70651162803563 ], [ 128.182724469237058, -3.706719568898746 ], [ 128.182730089260389, -3.706947179843508 ], [ 128.182718849213728, -3.707107350508341 ], [ 128.182707609167068, -3.707267521173173 ], [ 128.182706912691231, -3.707275878883425 ], [ 128.182716678565981, -3.707280659381558 ], [ 128.182712998006991, -3.70728391513573 ], [ 128.183230644387493, -3.707575679440554 ], [ 128.183285576546552, -3.70798321667488 ], [ 128.183771765355004, -3.70819061162164 ], [ 128.184335729310988, -3.70802262276018 ], [ 128.184358825699007, -3.70801203684037 ], [ 128.184628469427992, -3.707926240618 ], [ 128.184762111382014, -3.70804079176345 ], [ 128.185148922384997, -3.70843320913922 ], [ 128.185325587905993, -3.70888096359905 ], [ 128.185532228728988, -3.70911099848697 ], [ 128.185663715907992, -3.70924561620529 ], [ 128.185878807660998, -3.71005436303062 ], [ 128.186122450190993, -3.71058011569139 ], [ 128.186229986878658, -3.71104422319242 ], [ 128.186230133213996, -3.71104485474736 ], [ 128.186515367590005, -3.71072919360887 ], [ 128.18673696414001, -3.7109507901581 ], [ 128.186793140291002, -3.71100696630962 ], [ 128.187479219589989, -3.71175541628981 ], [ 128.188140349896997, -3.71247891547916 ], [ 128.18873250220301, -3.71287771714211 ], [ 128.188751580421012, -3.71289056575614 ], [ 128.188758731830006, -3.71289771806437 ], [ 128.188789000311999, -3.71292798564714 ], [ 128.188797121189992, -3.71291851218869 ], [ 128.188847861839008, -3.71294599726906 ], [ 128.188936315559005, -3.712993908651 ], [ 128.188938092618997, -3.71299190765948 ], [ 128.189138279908008, -3.71311509589392 ], [ 128.189177286863725, -3.713195894854439 ], [ 128.189524659980748, -3.713017972038413 ], [ 128.189746472016878, -3.712861080598223 ], [ 128.190076485046234, -3.712660908760739 ], [ 128.190284930465367, -3.712520952550761 ], [ 128.190455188522577, -3.712406636426637 ], [ 128.190817661849906, -3.71219564448983 ], [ 128.190958323141103, -3.712130723893889 ], [ 128.191065956579394, -3.712197203370486 ], [ 128.191112930318013, -3.71203452628244 ], [ 128.191153499633998, -3.71185597578291 ], [ 128.191198060142, -3.7117261460552 ], [ 128.191197079880993, -3.71161980571997 ], [ 128.191265770098994, -3.71155093563774 ], [ 128.191348159689994, -3.71150964596406 ], [ 128.191416820229989, -3.71146834549842 ], [ 128.191526669719991, -3.71141328630485 ], [ 128.191609070102999, -3.7113582163194 ], [ 128.191677780106005, -3.71127554614041 ], [ 128.19173278983601, -3.71115150624802 ], [ 128.191842630333014, -3.7111102363594 ], [ 128.191979949614989, -3.7110276363275 ], [ 128.192062320319991, -3.71101392616292 ], [ 128.192144719802997, -3.71095884628499 ], [ 128.192394629709014, -3.71096014580535 ], [ 128.19246338018101, -3.71088309548975 ], [ 128.192512010120993, -3.7107207858471 ], [ 128.192641490012988, -3.71050579571765 ], [ 128.192722369642013, -3.71041657577614 ], [ 128.192823410272013, -3.71037608559974 ], [ 128.192964860139995, -3.71032750602149 ], [ 128.192976890371, -3.71031966573189 ], [ 128.193045710091013, -3.71027481564216 ], [ 128.193158879878013, -3.71022215583983 ], [ 128.193262038412001, -3.7101829561905 ], [ 128.193276090318989, -3.71017761601624 ], [ 128.193422169896991, -3.71004733572815 ], [ 128.193436790176008, -3.71006318627917 ], [ 128.193536019572008, -3.71017072631008 ], [ 128.193544660257999, -3.71030282592659 ], [ 128.19358393005399, -3.71050098614333 ], [ 128.193623309568011, -3.71057587628728 ], [ 128.193693349667996, -3.71066399635785 ], [ 128.193754609687005, -3.71077853581222 ], [ 128.193767620180012, -3.71092824595301 ], [ 128.193745620063993, -3.71101628598397 ], [ 128.193635700426995, -3.71123402624026 ], [ 128.193625199943, -3.71125482576053 ], [ 128.193544260060008, -3.71141513621029 ], [ 128.19350460985001, -3.71162379601193 ], [ 128.19349960961901, -3.71165008589327 ], [ 128.193521470339988, -3.71171614559404 ], [ 128.193565229552007, -3.71179103573806 ], [ 128.193639670034997, -3.71185715569345 ], [ 128.193736039587009, -3.71191447578261 ], [ 128.193920069655007, -3.71197188580407 ], [ 128.194055899659986, -3.71200723635497 ], [ 128.194147959660995, -3.71198530548761 ], [ 128.194160649993989, -3.71198722554018 ], [ 128.194165944302995, -3.71198802773539 ], [ 128.194201065158524, -3.711993350382319 ], [ 128.194235610285006, -3.71199858577618 ], [ 128.194323209649014, -3.71205150548265 ], [ 128.194358220255992, -3.71211317559261 ], [ 128.194318669870995, -3.71223202549745 ], [ 128.194305449837003, -3.71230685628617 ], [ 128.194300990099009, -3.71239931558565 ], [ 128.194349139801005, -3.71245659610467 ], [ 128.194379779703013, -3.71250946634839 ], [ 128.194366559668993, -3.71258870561376 ], [ 128.194309479699001, -3.71269432559206 ], [ 128.194191100138994, -3.71275145592424 ], [ 128.194037579570988, -3.71288340625337 ], [ 128.193879719773008, -3.71297131588261 ], [ 128.193765690233988, -3.71305046611508 ], [ 128.193634149996001, -3.713120795797 ], [ 128.193493780213998, -3.71324394625993 ], [ 128.193164720075998, -3.71363110619892 ], [ 128.193085690352007, -3.71378953616635 ], [ 128.193019830301012, -3.71392156563585 ], [ 128.19298370992999, -3.71408864618191 ], [ 128.192927409671995, -3.71433976567527 ], [ 128.192953650090999, -3.71440142589262 ], [ 128.193036869756014, -3.71445433570656 ], [ 128.193129679791014, -3.7145309057841 ], [ 128.19322958997401, -3.7145954060605 ], [ 128.193308929256915, -3.714612164734066 ], [ 128.193418009633007, -3.71463520555758 ], [ 128.193606440085006, -3.71467060557127 ], [ 128.193759760104996, -3.71475880568148 ], [ 128.193847319897998, -3.7148601556787 ], [ 128.193838459776998, -3.71496581612649 ], [ 128.193847110355989, -3.71509350546772 ], [ 128.193965290265993, -3.71526533623293 ], [ 128.194070359859012, -3.71539311550639 ], [ 128.194193010298989, -3.71546807579752 ], [ 128.19438576019499, -3.71557392600222 ], [ 128.194539060429008, -3.7156797357374 ], [ 128.194727400049004, -3.71582079619877 ], [ 128.194902171056071, -3.715887314283752 ], [ 128.194924560219988, -3.71589583563024 ], [ 128.195091000448997, -3.71601486629893 ], [ 128.195226770199014, -3.71611625586622 ], [ 128.19535818003601, -3.71619562553334 ], [ 128.195485210174013, -3.71627940547574 ], [ 128.195616590333003, -3.71638959580865 ], [ 128.195708560402011, -3.71646452552276 ], [ 128.195783009877999, -3.7165306454782 ], [ 128.195861800382005, -3.71664518583185 ], [ 128.195953909845002, -3.71802191568251 ], [ 128.195969960046, -3.71820393576653 ], [ 128.19602596892301, -3.71834716089608 ], [ 128.196026799896998, -3.71834928599414 ], [ 128.196034689648997, -3.71835721621589 ], [ 128.196140649570992, -3.71846386591789 ], [ 128.196241370042998, -3.71856522580763 ], [ 128.196324560030007, -3.71865335577076 ], [ 128.196410000121006, -3.71870987546335 ], [ 128.196477870157992, -3.71875476602253 ], [ 128.196517120169005, -3.71878157571204 ], [ 128.19660050980599, -3.71883853607243 ], [ 128.196680539574999, -3.71890502564913 ], [ 128.196869280292987, -3.71903413591925 ], [ 128.196989460294986, -3.71913471609678 ], [ 128.197054359871004, -3.71920768618822 ], [ 128.197134779945998, -3.71924817546524 ], [ 128.197787880206988, -3.71928077588947 ], [ 128.197838010216003, -3.71928333625932 ], [ 128.198281279756998, -3.71976131603374 ], [ 128.198535849949991, -3.72009761571389 ], [ 128.198838339617993, -3.72030593557175 ], [ 128.198900460288002, -3.72035282622314 ], [ 128.199156158230011, -3.72054585131093 ], [ 128.199156720306007, -3.72054627579096 ], [ 128.199182529950008, -3.72055101431882 ], [ 128.19985752960099, -3.7206749355007 ], [ 128.200462759848989, -3.72080351607013 ], [ 128.201007589828009, -3.72090757572462 ], [ 128.20105207029701, -3.7209160761166 ], [ 128.201641369952995, -3.72104463600157 ], [ 128.201643888055003, -3.72104624129145 ], [ 128.201737039833006, -3.72110562622407 ], [ 128.202118989999008, -3.72134912576169 ], [ 128.20246912035401, -3.72171751595034 ], [ 128.202771490412005, -3.72205385609998 ], [ 128.203296660312986, -3.7226464562677 ], [ 128.203853790320011, -3.72311105592875 ], [ 128.203929050086003, -3.72323341588756 ], [ 128.20398111003999, -3.72325519566886 ], [ 128.204168630378007, -3.72339837583237 ], [ 128.204521348082011, -3.72366768771127 ], [ 128.204530065210008, -3.72367434359377 ], [ 128.204904419703013, -3.72396017601865 ], [ 128.205117280237999, -3.72415132602004 ], [ 128.205226959756004, -3.7242498161731 ], [ 128.205939050147009, -3.72488929620037 ], [ 128.206407797933821, -3.725732988562558 ], [ 128.206407818900971, -3.725733026301002 ], [ 128.206407723343006, -3.725733185564267 ], [ 128.206394349354269, -3.725796276436456 ], [ 128.206354693636825, -3.725853600542809 ], [ 128.206309148456455, -3.725930556192432 ], [ 128.206255750658755, -3.726018505506287 ], [ 128.206172512915288, -3.72612373057822 ], [ 128.206100268836082, -3.726211679892075 ], [ 128.206006037428381, -3.726296488159006 ], [ 128.205925940731817, -3.72633732176901 ], [ 128.205877254504514, -3.726426841606327 ], [ 128.20585055560565, -3.726588605522882 ], [ 128.205866260840281, -3.726857165034832 ], [ 128.205940075442982, -3.727132006640629 ], [ 128.206082993078013, -3.727314187362185 ], [ 128.206310718979921, -3.727527778552975 ], [ 128.206511745983022, -3.727634574148371 ], [ 128.206993896685759, -3.727810472776081 ], [ 128.207224763634628, -3.727940826223402 ], [ 128.207605306932891, -3.728029669016761 ], [ 128.207609700028001, -3.72803765810442 ], [ 128.207736140211011, -3.72826759586564 ], [ 128.207879059571013, -3.72876382558229 ], [ 128.207958809650989, -3.72906348598295 ], [ 128.20805370971101, -3.72942011573724 ], [ 128.208418563766003, -3.73010684254751 ], [ 128.208419490067996, -3.73010858633296 ], [ 128.20849867986999, -3.73062076552614 ], [ 128.208545819633997, -3.73111473614587 ], [ 128.208546030075013, -3.73111690620995 ], [ 128.208449260325011, -3.73244508616008 ], [ 128.208283030122573, -3.732722836437299 ], [ 128.20826436960499, -3.73275401587313 ], [ 128.208361830034988, -3.73304862568119 ], [ 128.208385449828995, -3.73320892623844 ], [ 128.208457320049007, -3.73369675628726 ], [ 128.208442799596014, -3.73459298556384 ], [ 128.208387389666001, -3.73515825623395 ], [ 128.208442090031014, -3.73537891568956 ], [ 128.208482869789009, -3.7358201761449 ], [ 128.208474410765007, -3.73590441114427 ], [ 128.208782864737003, -3.73787851566346 ], [ 128.208770499059, -3.73789706507994 ], [ 128.20876703846335, -3.737902255974854 ], [ 128.208801569190172, -3.737905797587861 ], [ 128.20897118572401, -3.737989035331331 ], [ 128.20939836810561, -3.738278011648283 ], [ 128.209750165361015, -3.738604680528316 ], [ 128.210026577490282, -3.738994170346816 ], [ 128.210416067308785, -3.739622379731494 ], [ 128.210516580810321, -3.739999305362301 ], [ 128.210617094311885, -3.74017520399001 ], [ 128.210621285738853, -3.740347052495577 ], [ 128.210635825060791, -3.740513177985022 ], [ 128.210629658499556, -3.740690335685446 ], [ 128.210202476117985, -3.741481879510141 ], [ 128.20963708767178, -3.742436757774852 ], [ 128.208163019717489, -3.7447600913074 ], [ 128.20706200082833, -3.746102315467835 ], [ 128.20674385939293, -3.746706368323925 ], [ 128.20665568207059, -3.74693371122329 ], [ 128.206687209646987, -3.74727913619564 ], [ 128.206703339887014, -3.74729918568136 ], [ 128.20668292977399, -3.74733751568621 ], [ 128.206661700376998, -3.74737740601486 ], [ 128.206641300156008, -3.74741747620788 ], [ 128.206644470266014, -3.74746258620163 ], [ 128.206647640375991, -3.74750770608803 ], [ 128.206657299994987, -3.74755125575803 ], [ 128.20667492041099, -3.74759288627481 ], [ 128.206692539929008, -3.74763449610719 ], [ 128.206710170238011, -3.74767611583211 ], [ 128.206734069721989, -3.74771416614784 ], [ 128.206760609614008, -3.74775070560256 ], [ 128.206787150406996, -3.74778724595657 ], [ 128.206818839817998, -3.74781909544678 ], [ 128.206852380033013, -3.74784927579532 ], [ 128.206883199799989, -3.74788192568215 ], [ 128.206909799946999, -3.74791842556662 ], [ 128.206911710106993, -3.74796010554617 ], [ 128.206884539789996, -3.74799504600625 ], [ 128.20685378027801, -3.74802806551448 ], [ 128.206844930050011, -3.74807197581266 ], [ 128.206839410011014, -3.74811675575528 ], [ 128.206839359648995, -3.74816198625814 ], [ 128.206839320079013, -3.74820721586184 ], [ 128.206839279609, -3.74825244546543 ], [ 128.206848639752991, -3.74829635576357 ], [ 128.206860980250013, -3.74833985597088 ], [ 128.206883900371992, -3.74837818597581 ], [ 128.206910350332009, -3.74841478568506 ], [ 128.206937900164007, -3.74845047617975 ], [ 128.206968840439998, -3.74848333560865 ], [ 128.206999660206009, -3.7485160655352 ], [ 128.207006569697995, -3.74854978561521 ], [ 128.207011739899997, -3.74856625579918 ], [ 128.207011429634008, -3.74860225566065 ], [ 128.206993919833991, -3.74864392574758 ], [ 128.206973919810991, -3.74868432599179 ], [ 128.206950710107009, -3.74872308587267 ], [ 128.206920349894006, -3.74875621599749 ], [ 128.206888479719993, -3.74878816621171 ], [ 128.206856610443992, -3.74882011552673 ], [ 128.206822970404005, -3.748850155581 ], [ 128.20678895984301, -3.74887980622888 ], [ 128.206754760423991, -3.74890910614105 ], [ 128.206712430235001, -3.74892452591685 ], [ 128.206670100044988, -3.74893994569263 ], [ 128.206627769855999, -3.74895535557589 ], [ 128.206583640123, -3.74896342609188 ], [ 128.20653902026001, -3.74896952619334 ], [ 128.206531660207986, -3.74897052623942 ], [ 128.206494410288997, -3.74897563618734 ], [ 128.206450279656991, -3.74897703553242 ], [ 128.206407829857994, -3.7489619359153 ], [ 128.206368190440003, -3.74894122542793 ], [ 128.206330759757009, -3.74891610556452 ], [ 128.206288989845007, -3.74889950587822 ], [ 128.206246670447996, -3.74888459601805 ], [ 128.206201949860002, -3.74888983546824 ], [ 128.206157830020004, -3.74889821625046 ], [ 128.206114429637012, -3.74891028605161 ], [ 128.206071049938998, -3.7489223459602 ], [ 128.20602775028101, -3.74893373587392 ], [ 128.205989350127993, -3.74891011607973 ], [ 128.205951129840997, -3.74888622558964 ], [ 128.20591512997899, -3.74885906606381 ], [ 128.205873799836013, -3.74884312558059 ], [ 128.205830129656988, -3.74883211608013 ], [ 128.205785960354007, -3.74882340614607 ], [ 128.205741669642009, -3.74881526548293 ], [ 128.205699420391994, -3.74882602587122 ], [ 128.205657910383991, -3.74884354556397 ], [ 128.205616389585003, -3.74886105626349 ], [ 128.205574879577, -3.7488785660637 ], [ 128.205533369568997, -3.7488960659714 ], [ 128.205492249867007, -3.74891417561942 ], [ 128.205460379692994, -3.74894612583375 ], [ 128.205428499626009, -3.74897807604804 ], [ 128.205419590041998, -3.74902084600586 ], [ 128.20540208024201, -3.7490609656616 ], [ 128.205362859908007, -3.7490831861107 ], [ 128.205323639574004, -3.74910539576789 ], [ 128.205283699782996, -3.74912624565026 ], [ 128.205243410154992, -3.74914643543014 ], [ 128.205201609667, -3.74916296586869 ], [ 128.205158890071004, -3.74917722551901 ], [ 128.205117040119006, -3.74919355630801 ], [ 128.205077440271992, -3.74921505550082 ], [ 128.205037819739999, -3.74923656548548 ], [ 128.204997940202986, -3.74925754576947 ], [ 128.204957959941993, -3.7492783758667 ], [ 128.204918780078003, -3.74930042544456 ], [ 128.204883210091992, -3.74932815603982 ], [ 128.204847280378004, -3.7493553056731 ], [ 128.204806989850994, -3.74937548556042 ], [ 128.204766690331013, -3.74939567623969 ], [ 128.204727030228014, -3.7494057558412 ], [ 128.204724559791003, -3.7494063862659 ], [ 128.204679680022991, -3.74940287621199 ], [ 128.204646450073994, -3.74940027627188 ], [ 128.20463477957199, -3.74939936615804 ], [ 128.204589899804006, -3.74939571580986 ], [ 128.204545029928994, -3.74939207625357 ], [ 128.204500679863003, -3.74939721587906 ], [ 128.204456579806987, -3.74940634579641 ], [ 128.204412489644994, -3.74941546582121 ], [ 128.204370360003992, -3.74943005552285 ], [ 128.204330359957993, -3.74945062571597 ], [ 128.204286849857994, -3.74946223596358 ], [ 128.204243329865989, -3.74947384621116 ], [ 128.204199969953009, -3.74948595558246 ], [ 128.204157100169994, -3.74949980604131 ], [ 128.204114230387006, -3.74951364570824 ], [ 128.204071869621004, -3.74952874622474 ], [ 128.20403118968801, -3.74954814550053 ], [ 128.203990790342999, -3.74956802591369 ], [ 128.203953300304988, -3.74959308552243 ], [ 128.203915810266011, -3.74961813613801 ], [ 128.203889649887003, -3.7496512159008 ], [ 128.203889558156988, -3.74965169344086 ], [ 128.203881150395006, -3.74969546614273 ], [ 128.203878740211991, -3.74974062559925 ], [ 128.203889329729009, -3.74978278581671 ], [ 128.203911169765007, -3.74982233620162 ], [ 128.203936759973004, -3.74985939546442 ], [ 128.203964489669005, -3.74989502570451 ], [ 128.203992220265008, -3.74993066583718 ], [ 128.204021590324004, -3.74996494619492 ], [ 128.204049679749005, -3.75000002604991 ], [ 128.204064620185989, -3.75003388552491 ], [ 128.204082870127991, -3.75007523545325 ], [ 128.204091750033996, -3.75011587581644 ], [ 128.204067169763988, -3.75015354571893 ], [ 128.204024700180014, -3.75016854551136 ], [ 128.203981590278005, -3.75018119627458 ], [ 128.203937349928992, -3.750189605835 ], [ 128.203893169834004, -3.75019830587648 ], [ 128.203849059886011, -3.75020742590127 ], [ 128.20380496972399, -3.75021654592622 ], [ 128.203763709727014, -3.75023363574297 ], [ 128.203723900337991, -3.75025475632123 ], [ 128.203684219551008, -3.75027612601169 ], [ 128.203644549556003, -3.75029753617163 ], [ 128.203604500047987, -3.75031809557288 ], [ 128.203562589841994, -3.75033463590389 ], [ 128.203520679636, -3.750351176235 ], [ 128.203478780222014, -3.75036770577418 ], [ 128.203434059633992, -3.75037009617215 ], [ 128.203389039573011, -3.75037101617862 ], [ 128.203344020409986, -3.75037193618508 ], [ 128.203299000349006, -3.75037285619153 ], [ 128.203279100150013, -3.75037091545454 ], [ 128.203254420055003, -3.75036850617079 ], [ 128.203210140136008, -3.75036026568286 ], [ 128.20316587010899, -3.75035204587939 ], [ 128.20312165044399, -3.75034364621147 ], [ 128.203080279830999, -3.75032578567565 ], [ 128.203038910118011, -3.75030793593173 ], [ 128.202997540403999, -3.75029008618779 ], [ 128.202957009757995, -3.75027046567871 ], [ 128.202917300193008, -3.75024914545102 ], [ 128.202877589729013, -3.75022782612263 ], [ 128.202838349610005, -3.75020569560574 ], [ 128.202799870317989, -3.75018221610574 ], [ 128.202761370340994, -3.75015874559906 ], [ 128.202722890149005, -3.7501352759916 ], [ 128.202684669862009, -3.75011136571643 ], [ 128.202646509829009, -3.75008735561644 ], [ 128.202608369580986, -3.75006331583887 ], [ 128.202570320164, -3.75003913576701 ], [ 128.202531679893013, -3.75001615629013 ], [ 128.202489599714994, -3.75000001615739 ], [ 128.202456119754004, -3.7499871756372 ], [ 128.202411620399999, -3.74998154588126 ], [ 128.202383819657996, -3.74997897561879 ], [ 128.202366790094999, -3.74997740630185 ], [ 128.202321850072991, -3.74997883622389 ], [ 128.202276890266006, -3.7499812958697 ], [ 128.202231940351993, -3.74998376630733 ], [ 128.202186949967995, -3.74998582575483 ], [ 128.202141959583997, -3.74998752547351 ], [ 128.202097099602014, -3.74998779616945 ], [ 128.20205315962599, -3.74997793600254 ], [ 128.202009209756994, -3.7499680857282 ], [ 128.201965490114986, -3.74995731544735 ], [ 128.201921940445004, -3.74994585628586 ], [ 128.201877809812999, -3.74993835594002 ], [ 128.201832799643995, -3.74993709598984 ], [ 128.201791160134007, -3.7499359160793 ], [ 128.201787800266999, -3.7499358261471 ], [ 128.201742790097995, -3.74993456619694 ], [ 128.201698969732007, -3.74994484544789 ], [ 128.201655189835009, -3.74995538550226 ], [ 128.201611400046005, -3.7499659057715 ], [ 128.201567610257001, -3.74997644582592 ], [ 128.201530790214008, -3.75000000626485 ], [ 128.201521990347999, -3.75000824585337 ], [ 128.201488969939987, -3.75003898558023 ], [ 128.201452640026986, -3.75006569544495 ], [ 128.201441859853986, -3.75007305549659 ], [ 128.201415450362987, -3.75009107611172 ], [ 128.201376329854014, -3.75011348631778 ], [ 128.20133238987799, -3.75011601611072 ], [ 128.201287400392999, -3.75011423545307 ], [ 128.201273659652003, -3.75011090616281 ], [ 128.201244779722998, -3.75010392562515 ], [ 128.201205339953987, -3.75008209548181 ], [ 128.201168369724996, -3.75005697561842 ], [ 128.201136280115009, -3.75002556589669 ], [ 128.201091400347991, -3.75002205584273 ], [ 128.201046400070993, -3.75002207562783 ], [ 128.201001380010013, -3.75002287602443 ], [ 128.200956359948009, -3.75002366562918 ], [ 128.200911349779005, -3.75002446602582 ], [ 128.200866329717002, -3.75002526552317 ], [ 128.200823110099009, -3.75001375599957 ], [ 128.200780219631014, -3.75000000626485 ], [ 128.200766510366009, -3.74999614547528 ], [ 128.200721480412, -3.74999610590509 ], [ 128.200676460350991, -3.74999606543564 ], [ 128.200631430395987, -3.74999601597291 ], [ 128.200586410335006, -3.74999597550343 ], [ 128.200541380380997, -3.74999593593327 ], [ 128.200496360318994, -3.7499958954638 ], [ 128.200451330365013, -3.7499958558936 ], [ 128.200406310303009, -3.7499958154241 ], [ 128.200361280349, -3.74999577585389 ], [ 128.200316260286996, -3.74999573628381 ], [ 128.200272459706014, -3.74998574571517 ], [ 128.200228779635012, -3.74997474610729 ], [ 128.200185110354994, -3.7499637456 ], [ 128.20014044012899, -3.74995858618938 ], [ 128.20009561971699, -3.74995432610084 ], [ 128.200050790311991, -3.74995006601233 ], [ 128.200008870212997, -3.74996534549389 ], [ 128.199967249589008, -3.74998259628933 ], [ 128.199925719795999, -3.74999999547304 ], [ 128.199890909738002, -3.75002415575968 ], [ 128.199853860367, -3.75004985568582 ], [ 128.199816610448011, -3.75007520577561 ], [ 128.199775130118013, -3.75009277583038 ], [ 128.199733649787987, -3.75011036567027 ], [ 128.199691080379012, -3.75012456596536 ], [ 128.199647170080993, -3.75013454574213 ], [ 128.19960285958399, -3.75014022586012 ], [ 128.199557860206994, -3.75013851624896 ], [ 128.199512869822996, -3.7501367958459 ], [ 128.199468249960006, -3.75013092597084 ], [ 128.199423690351011, -3.75012447603318 ], [ 128.199379119950009, -3.75011802609547 ], [ 128.19933456034201, -3.75011157615773 ], [ 128.199290290314991, -3.75010359557391 ], [ 128.199246540095999, -3.75009286576262 ], [ 128.199202809662012, -3.75008213595125 ], [ 128.199159070234998, -3.75007140613996 ], [ 128.199115560134999, -3.75005976621475 ], [ 128.19907210039699, -3.75004797610277 ], [ 128.199029289970014, -3.75003420568358 ], [ 128.198987609990013, -3.75001710597419 ], [ 128.198945930011007, -3.75000000626485 ], [ 128.198933899780002, -3.74999507618137 ], [ 128.198900630259999, -3.74996469618335 ], [ 128.198865890348998, -3.74993616609079 ], [ 128.198827990219996, -3.74991175579251 ], [ 128.198790090090995, -3.74988735628615 ], [ 128.198751010051012, -3.74986497575773 ], [ 128.19871117997701, -3.74984386597135 ], [ 128.198684909880996, -3.74981602565881 ], [ 128.198681139922996, -3.74981203626619 ], [ 128.198656709839014, -3.74977403631249 ], [ 128.198649570122001, -3.74973049563572 ], [ 128.19864757002901, -3.74968531549479 ], [ 128.198639819671996, -3.74964088628781 ], [ 128.198628749916992, -3.74959772602424 ], [ 128.198589439650988, -3.74957566565446 ], [ 128.198568899135012, -3.74958139613454 ], [ 128.198560799841005, -3.74958365613082 ], [ 128.19854423972501, -3.74962572551675 ], [ 128.19852773986301, -3.74966779580207 ], [ 128.198511230109006, -3.74970988587242 ], [ 128.198496629615988, -3.74975245618072 ], [ 128.198490720171009, -3.74979729547858 ], [ 128.198484799933993, -3.74984213567578 ], [ 128.198478879697007, -3.74988697587293 ], [ 128.198463680255003, -3.7499289454341 ], [ 128.198439320317988, -3.74996649572679 ], [ 128.198409089607992, -3.75000000626485 ], [ 128.198389899874002, -3.75002126623798 ], [ 128.198356300303004, -3.75005080626922 ], [ 128.198318480213999, -3.75007532628476 ], [ 128.198278339874008, -3.75009537577041 ], [ 128.198236519599988, -3.75011213553609 ], [ 128.198195020383992, -3.75012954551156 ], [ 128.198156540192002, -3.75015302591079 ], [ 128.198118060000013, -3.75017649551824 ], [ 128.19808430034999, -3.75020583589993 ], [ 128.198053469792001, -3.75023880594542 ], [ 128.198017530185012, -3.7502651659739 ], [ 128.197978149772013, -3.750287095942 ], [ 128.197940089564014, -3.7503112058667 ], [ 128.19790260042501, -3.75033625558294 ], [ 128.197884370268014, -3.7503747654522 ], [ 128.197874789790006, -3.75041889608431 ], [ 128.197872099917987, -3.7504640555408 ], [ 128.197855320367012, -3.7505035159935 ], [ 128.197826179634006, -3.75053799600064 ], [ 128.197797049694003, -3.75057248590042 ], [ 128.197763129963988, -3.75060218601101 ], [ 128.197727130103004, -3.75062866564932 ], [ 128.197685610202996, -3.75064614577189 ], [ 128.197645319676013, -3.75066633555182 ], [ 128.19760503004801, -3.75068652623099 ], [ 128.197574220174005, -3.75071945580703 ], [ 128.197550479871012, -3.75075530548174 ], [ 128.197550559910013, -3.75080053598465 ], [ 128.197554689597013, -3.75084556593882 ], [ 128.197558830075991, -3.75089061567803 ], [ 128.19756294986999, -3.75093564563207 ], [ 128.197567510331993, -3.75098060543911 ], [ 128.197579849930008, -3.75102410564641 ], [ 128.197591810013989, -3.75106767600085 ], [ 128.197595220242988, -3.75111277610213 ], [ 128.197598640364987, -3.75115787620337 ], [ 128.197599840061002, -3.75120306623676 ], [ 128.197595609649994, -3.75124701610513 ], [ 128.197570600402997, -3.75128462575304 ], [ 128.197540429946997, -3.75131746629615 ], [ 128.197505240374994, -3.75134568612264 ], [ 128.197465279899006, -3.75136575629273 ], [ 128.197423629597012, -3.75138293604176 ], [ 128.197381980193995, -3.75140011579075 ], [ 128.197341390193003, -3.75141942603369 ], [ 128.197302759814988, -3.75144265552218 ], [ 128.197264120443009, -3.75146588590986 ], [ 128.197224839855011, -3.75148796606476 ], [ 128.197185230114002, -3.7515094661569 ], [ 128.197145939633003, -3.75153151573476 ], [ 128.197108449594992, -3.75155656545101 ], [ 128.197070830054997, -3.75158140562529 ], [ 128.197032519835005, -3.75160516571365 ], [ 128.196994220406992, -3.75162894558722 ], [ 128.196953169952991, -3.75164739607827 ], [ 128.196911759769989, -3.75166517567509 ], [ 128.196870190406997, -3.75168244625567 ], [ 128.196826649730014, -3.75169397556429 ], [ 128.196783119845009, -3.75170550577226 ], [ 128.196739580067998, -3.75171704587267 ], [ 128.196696550206013, -3.75173032616131 ], [ 128.196653610276002, -3.75174394549439 ], [ 128.19661068023899, -3.75175755583422 ], [ 128.196566799618012, -3.75176756618787 ], [ 128.196522689671013, -3.7517766358507 ], [ 128.196478579722992, -3.75178571630541 ], [ 128.196434770149011, -3.75179610617304 ], [ 128.196391170115987, -3.75180736568503 ], [ 128.196347560192009, -3.75181862609636 ], [ 128.196303030260992, -3.75182252555675 ], [ 128.196258010198989, -3.75182248598654 ], [ 128.196216070316012, -3.75180863552775 ], [ 128.196175340020005, -3.75178934596917 ], [ 128.196133570108003, -3.75177247558692 ], [ 128.19609020030299, -3.7517652756147 ], [ 128.196045229703998, -3.75176773615973 ], [ 128.196007749557992, -3.75179086582346 ], [ 128.195971700233997, -3.75181796599393 ], [ 128.195938669934009, -3.7518486958282 ], [ 128.195903519931989, -3.7518760460103 ], [ 128.195861580047989, -3.75189248561729 ], [ 128.195819630272013, -3.75190892612358 ], [ 128.195775260419992, -3.75191637610739 ], [ 128.195730789843992, -3.75192347625493 ], [ 128.195686000009005, -3.75192488549258 ], [ 128.195665810229002, -3.75192401584813 ], [ 128.195641020417014, -3.75192295554744 ], [ 128.195597709965995, -3.75191399560194 ], [ 128.195556739551989, -3.75189524563667 ], [ 128.195516149550997, -3.7518757357442 ], [ 128.195477209805006, -3.75185303595645 ], [ 128.195438680151, -3.75182968595881 ], [ 128.195402200052001, -3.75180317574358 ], [ 128.195366100364993, -3.75177619608225 ], [ 128.195332659974014, -3.75174590601645 ], [ 128.195299209691001, -3.75171562584323 ], [ 128.195290419716997, -3.75170675582986 ], [ 128.195267460025008, -3.75168359558927 ], [ 128.195236630365997, -3.75165064622819 ], [ 128.195202500194995, -3.75162159542814 ], [ 128.195161320239009, -3.75160738613982 ], [ 128.195116409894013, -3.75160400558826 ], [ 128.19507152023499, -3.75160071586818 ], [ 128.195026900371005, -3.75160675571506 ], [ 128.194982279609007, -3.75161280545444 ], [ 128.194937659744994, -3.75161885609313 ], [ 128.194892869910007, -3.75162326546916 ], [ 128.194847970358012, -3.75162669548344 ], [ 128.19480339995701, -3.75163198619505 ], [ 128.194759950112001, -3.75164385544737 ], [ 128.194718049798013, -3.751658305754 ], [ 128.194687390111, -3.75169141609372 ], [ 128.194656619807006, -3.75172442570943 ], [ 128.194625659746009, -3.75175728603765 ], [ 128.194594119622991, -3.75178939543195 ], [ 128.194555910127008, -3.75181333628402 ], [ 128.194518449767003, -3.75183835542339 ], [ 128.194482400442013, -3.75186545559389 ], [ 128.19444635021901, -3.75189255576438 ], [ 128.194417929844008, -3.7519265456411 ], [ 128.194394989936995, -3.75196545570869 ], [ 128.194370739718011, -3.75200322543593 ], [ 128.194370649786009, -3.7520033756227 ], [ 128.194341609778007, -3.7520379356696 ], [ 128.194312569769011, -3.75207251550158 ], [ 128.194270209901987, -3.75206245568514 ], [ 128.194230119923986, -3.75204414548828 ], [ 128.194196960122014, -3.75201355594827 ], [ 128.194188289757989, -3.75197117629617 ], [ 128.194192690140994, -3.75192700609399 ], [ 128.194206969575987, -3.75188410573445 ], [ 128.194218710224987, -3.75184048591725 ], [ 128.194227170147997, -3.75180523609039 ], [ 128.194229260171994, -3.75179651626384 ], [ 128.194228029899989, -3.75175501614876 ], [ 128.194200810119014, -3.75171897581781 ], [ 128.194173600232006, -3.75168295617125 ], [ 128.194139390021007, -3.75166640594766 ], [ 128.19409555976199, -3.75167671577556 ], [ 128.194051260057989, -3.75167258608873 ], [ 128.194006859629013, -3.75166511631981 ], [ 128.193962600394002, -3.75165682546991 ], [ 128.193945530361987, -3.75165338556308 ], [ 128.193918449976991, -3.75164791588641 ], [ 128.19387483015899, -3.75163723553778 ], [ 128.193845130048999, -3.75162526556142 ], [ 128.193833050355011, -3.75162039573248 ], [ 128.193790919815001, -3.75160452629569 ], [ 128.193747729873991, -3.75159173613762 ], [ 128.193704190096014, -3.75158032553947 ], [ 128.19366040030701, -3.75156980616949 ], [ 128.193616220211993, -3.75157037544039 ], [ 128.193571850360996, -3.75157809612016 ], [ 128.193527539863993, -3.75158614595175 ], [ 128.193483240159992, -3.75159419578337 ], [ 128.193438640081013, -3.75159892621731 ], [ 128.193393610127004, -3.7515988857479 ], [ 128.193348590065, -3.75159884617766 ], [ 128.193303560110991, -3.75159880570817 ], [ 128.19325854005001, -3.751598766138 ], [ 128.193213619813008, -3.75159662575154 ], [ 128.193168859655003, -3.75159175592263 ], [ 128.193137760199988, -3.75158838616297 ], [ 128.193124089604993, -3.75158690587889 ], [ 128.193081600236013, -3.75157254550443 ], [ 128.193039549735005, -3.75155640627105 ], [ 128.192997930010989, -3.75153914558302 ], [ 128.192956449679997, -3.75152156563567 ], [ 128.192936269792995, -3.75148277607725 ], [ 128.192922270047006, -3.75144032627803 ], [ 128.192922309616989, -3.75139509577512 ], [ 128.19293104023501, -3.75135193551152 ], [ 128.192951230015012, -3.75131150558967 ], [ 128.19297257002799, -3.75127169620008 ], [ 128.192994769792989, -3.75123233557208 ], [ 128.193018609921012, -3.75119431583328 ], [ 128.193052109667008, -3.75116409591464 ], [ 128.193082479773011, -3.75113073556337 ], [ 128.193112539612002, -3.75109706584533 ], [ 128.193143610289013, -3.75106435570392 ], [ 128.193175479565014, -3.75103240548955 ], [ 128.193207349739993, -3.75100045617464 ], [ 128.193239219914005, -3.75096850596033 ], [ 128.193268439787005, -3.75093415545548 ], [ 128.193292459779002, -3.75089589559772 ], [ 128.193316469878994, -3.75085763573991 ], [ 128.193330330230992, -3.75081492603668 ], [ 128.193341900008988, -3.75077121628734 ], [ 128.193353469787013, -3.75072750563864 ], [ 128.193366289622986, -3.75068415561811 ], [ 128.193380069933994, -3.75064109607862 ], [ 128.193393979748009, -3.75059808600179 ], [ 128.193408699852, -3.75055533582905 ], [ 128.193423419954996, -3.75051259554891 ], [ 128.193432780098988, -3.75046902609371 ], [ 128.193431489571992, -3.75042380548333 ], [ 128.193430209836009, -3.75037859566479 ], [ 128.193426689890003, -3.75033373568253 ], [ 128.193414360184988, -3.7502902354752 ], [ 128.193398659819991, -3.75024858607265 ], [ 128.193368779845002, -3.75021475627531 ], [ 128.193338889978008, -3.75018092557862 ], [ 128.193309000109991, -3.75014709578124 ], [ 128.193278299953988, -3.75011402591098 ], [ 128.193247470295006, -3.75008105586549 ], [ 128.193226320039003, -3.75004180585417 ], [ 128.193209050357012, -3.75000003594247 ], [ 128.193199209976001, -3.74997627585407 ], [ 128.19318063987501, -3.74993507611249 ], [ 128.193161919586998, -3.74989393572624 ], [ 128.193141389863001, -3.74985373603085 ], [ 128.193118729645988, -3.74981465599134 ], [ 128.193096080219988, -3.74977556605933 ], [ 128.193072990126012, -3.74973673603137 ], [ 128.193049480050007, -3.74969817580004 ], [ 128.193025049965996, -3.74966017584634 ], [ 128.193000400448, -3.74962231618692 ], [ 128.192975460448991, -3.74958466606948 ], [ 128.192950509658004, -3.74954701595207 ], [ 128.192921969672994, -3.74951212585398 ], [ 128.192892349602005, -3.74947806583017 ], [ 128.192861410225987, -3.74944521629379 ], [ 128.192830169577007, -3.74941264554734 ], [ 128.192798910042001, -3.74938008559268 ], [ 128.192768549828997, -3.74934685564314 ], [ 128.192746250238997, -3.74930756606165 ], [ 128.192737659914997, -3.74926463602445 ], [ 128.19273770038501, -3.74921940552154 ], [ 128.192743429964992, -3.74917455543184 ], [ 128.192749430242003, -3.74912972602654 ], [ 128.192754759624989, -3.74908483546732 ], [ 128.192756849648987, -3.74903965622572 ], [ 128.192757380248992, -3.74899458580211 ], [ 128.192748600167988, -3.74895022584289 ], [ 128.192739810194013, -3.74890587577628 ], [ 128.192721369596001, -3.74886494583135 ], [ 128.192700429781013, -3.74882489632274 ], [ 128.192673829634003, -3.74878855561819 ], [ 128.192645949751011, -3.74875302610214 ], [ 128.192618960196995, -3.74871683558441 ], [ 128.192592580383007, -3.74868018551314 ], [ 128.192566209563012, -3.7486435255493 ], [ 128.192538620161002, -3.74860785573899 ], [ 128.192508109761008, -3.74857460600433 ], [ 128.192477600260986, -3.74854134547785 ], [ 128.19244715011601, -3.74850802559607 ], [ 128.192418629916006, -3.74847302578068 ], [ 128.192390119608007, -3.74843801607281 ], [ 128.19236161020001, -3.74840301625747 ], [ 128.19233309, -3.74836801554278 ], [ 128.192304579693001, -3.74833300583488 ], [ 128.192277580246014, -3.7482968656792 ], [ 128.192252290411005, -3.74825944578821 ], [ 128.192226999675995, -3.74822201600471 ], [ 128.192207200202006, -3.74818161576047 ], [ 128.192189450282996, -3.74814006618264 ], [ 128.192171200340994, -3.74809871625436 ], [ 128.192175669970993, -3.74805659560708 ], [ 128.192191089747013, -3.74801409544581 ], [ 128.19219853973101, -3.74797018604699 ], [ 128.192194240072013, -3.74792591602 ], [ 128.192175400174989, -3.74788482599575 ], [ 128.192134810173997, -3.74786812558534 ], [ 128.19209930044201, -3.74784157579995 ], [ 128.192069329636013, -3.74780922628668 ], [ 128.192062529862, -3.74776450569932 ], [ 128.192070469975988, -3.74772024556484 ], [ 128.192085680209999, -3.74767797563015 ], [ 128.192104879835995, -3.7476370762621 ], [ 128.192111919729001, -3.74759269561857 ], [ 128.192115990061012, -3.74754768544949 ], [ 128.192116029630995, -3.74750245584589 ], [ 128.192102900429006, -3.74746050606978 ], [ 128.19208186978301, -3.7474205159164 ], [ 128.192055220171994, -3.74738417611119 ], [ 128.192046549808992, -3.74734095559301 ], [ 128.192042510053994, -3.74729589596124 ], [ 128.192038480191997, -3.74725085611468 ], [ 128.192061459668992, -3.74721565575047 ], [ 128.192092519553995, -3.74718295550155 ], [ 128.192121309550998, -3.74714818591266 ], [ 128.192149470022002, -3.74711289561628 ], [ 128.192177910182011, -3.74707785623078 ], [ 128.192208589654996, -3.74704473599846 ], [ 128.192244149748007, -3.74702096601748 ], [ 128.192288689571996, -3.74701429574591 ], [ 128.192333420051, -3.74701222550652 ], [ 128.192378369966008, -3.74701492617065 ], [ 128.192423380135011, -3.74701517618216 ], [ 128.192465519667991, -3.74700596622515 ], [ 128.192499350365011, -3.74697714565156 ], [ 128.192522989943996, -3.74693864567475 ], [ 128.192532299725997, -3.74689495571051 ], [ 128.192538620161002, -3.74685017576794 ], [ 128.192543839825987, -3.7468053058931 ], [ 128.192542960288989, -3.74676022557696 ], [ 128.192529570283995, -3.74671703563574 ], [ 128.192502470112998, -3.74668513578348 ], [ 128.192470160169989, -3.74665647618853 ], [ 128.192454539844988, -3.74661561549145 ], [ 128.192467519759987, -3.7465723059404 ], [ 128.192485540375003, -3.74653263594565 ], [ 128.192522200338999, -3.74650637574194 ], [ 128.192564079968008, -3.74649515580007 ], [ 128.192609039774993, -3.74649281576413 ], [ 128.192650539890991, -3.7464761657158 ], [ 128.192673499582014, -3.74643989605769 ], [ 128.192676749731987, -3.74639654603722 ], [ 128.192669170246006, -3.74635196574405 ], [ 128.192664357074989, -3.74632361731453 ], [ 128.192661599752995, -3.7463073755584 ], [ 128.192645160145986, -3.74626573604843 ], [ 128.192622359633987, -3.74622695548321 ], [ 128.192601019621009, -3.74619983552759 ], [ 128.192594440181011, -3.74619147542985 ], [ 128.192566519829001, -3.74615598548401 ], [ 128.192532000251987, -3.74612897614503 ], [ 128.192489429943009, -3.74611758623133 ], [ 128.192444409882, -3.74611769594862 ], [ 128.192409429851011, -3.74611875624928 ], [ 128.192399409605002, -3.74611906561606 ], [ 128.192354400335006, -3.74612043618286 ], [ 128.192310210348012, -3.74611827601133 ], [ 128.192270499883989, -3.74609695578361 ], [ 128.192237230363986, -3.74606770623341 ], [ 128.19220747989101, -3.7460339258987 ], [ 128.19217233978199, -3.74600563592518 ], [ 128.192141289788992, -3.74597289610612 ], [ 128.192110350412008, -3.74594004567047 ], [ 128.192082629710001, -3.7459045863015 ], [ 128.192057429806994, -3.74586710615602 ], [ 128.192032229903987, -3.74582961611789 ], [ 128.192007039893014, -3.74579213597233 ], [ 128.192001570216007, -3.74574859619486 ], [ 128.192002429967999, -3.74570342594647 ], [ 128.192008950053008, -3.74565867568156 ], [ 128.192015470137989, -3.745613915524 ], [ 128.192021990222997, -3.74556916615839 ], [ 128.192028520200012, -3.74552440600084 ], [ 128.192034989923002, -3.74547965573592 ], [ 128.192033429599007, -3.74543484611565 ], [ 128.192033419707002, -3.74543445580989 ], [ 128.192031850390009, -3.74538924599141 ], [ 128.192019939767988, -3.74534751564986 ], [ 128.191994159802988, -3.74531043570261 ], [ 128.191966430106987, -3.74527528570047 ], [ 128.191929809713002, -3.74524897603403 ], [ 128.191889199927004, -3.74523102556604 ], [ 128.191845849906002, -3.74521879568555 ], [ 128.191802239981996, -3.74520782575527 ], [ 128.191757620118011, -3.74520180569347 ], [ 128.191712990361992, -3.74519578563172 ], [ 128.191668320137012, -3.74519017566076 ], [ 128.191623579764013, -3.74518514575258 ], [ 128.19157883039901, -3.74518010595184 ], [ 128.191537580295005, -3.74516242617976 ], [ 128.191496670134995, -3.74514354581274 ], [ 128.191454130403997, -3.74512985543325 ], [ 128.191409839692, -3.74512171566943 ], [ 128.191365319654011, -3.74511522616149 ], [ 128.191320490249012, -3.74511096607299 ], [ 128.191298137599006, -3.74510884187437 ], [ 128.191275669835989, -3.74510670598448 ], [ 128.191231649820992, -3.74511048583503 ], [ 128.191188559703988, -3.7451235961518 ], [ 128.191145469588008, -3.74513672625366 ], [ 128.191102230183986, -3.74514927629277 ], [ 128.191058450286988, -3.74515984602481 ], [ 128.191014670391013, -3.74517041575681 ], [ 128.190970889595008, -3.74518098548881 ], [ 128.190927119591009, -3.74519155612013 ], [ 128.190883339694011, -3.74520212585206 ], [ 128.190839219854013, -3.74521113615969 ], [ 128.190794990297007, -3.74521954572016 ], [ 128.190750749947, -3.74522797596498 ], [ 128.190706509597987, -3.74523639631727 ], [ 128.190663289979, -3.74524887620929 ], [ 128.190620340157011, -3.7452624658647 ], [ 128.190577400226999, -3.74527603573503 ], [ 128.190534820025988, -3.74529049593426 ], [ 128.190494950382003, -3.7453115256809 ], [ 128.190455079837989, -3.74533255632692 ], [ 128.19041522008601, -3.74535357618112 ], [ 128.190375540199, -3.74537493597905 ], [ 128.190336780318006, -3.74539794603285 ], [ 128.190298020437012, -3.74542096597924 ], [ 128.190258399904991, -3.74544220616731 ], [ 128.190216499591997, -3.74545873570646 ], [ 128.190174580393005, -3.74547528593008 ], [ 128.190132689971989, -3.74549184604625 ], [ 128.190092400344014, -3.74551203582613 ], [ 128.190052109817003, -3.74553221571354 ], [ 128.190010919967989, -3.74555017607409 ], [ 128.189967939568987, -3.74556362543524 ], [ 128.189924940283987, -3.74557707569573 ], [ 128.189881660410009, -3.7455892956837 ], [ 128.189837410167996, -3.74559772592853 ], [ 128.189793179712012, -3.74560614628089 ], [ 128.189748940261012, -3.74561455584133 ], [ 128.189705549770991, -3.74562578567571 ], [ 128.189664080233001, -3.74564340609253 ], [ 128.189622619688009, -3.74566103550259 ], [ 128.189581150149991, -3.74567865591937 ], [ 128.189539989979011, -3.74569698590136 ], [ 128.189498819915002, -3.74571531588323 ], [ 128.189456669589987, -3.7457300359865 ], [ 128.189411979579006, -3.74573560548787 ], [ 128.189367310253004, -3.74574117588867 ], [ 128.18932262024299, -3.74574674628938 ], [ 128.18927794012501, -3.74575230589829 ], [ 128.189232980317996, -3.7457532357973 ], [ 128.189187950363987, -3.74575319622714 ], [ 128.189142950086989, -3.74575358563356 ], [ 128.189098439941006, -3.74576031615975 ], [ 128.189053910009989, -3.74576705567919 ], [ 128.189009380079, -3.74577378620531 ], [ 128.188970569835988, -3.74579663617987 ], [ 128.188931819847994, -3.74581965612625 ], [ 128.188893130113996, -3.74584279568245 ], [ 128.188855120267988, -3.74586704590139 ], [ 128.188817110421013, -3.7458912862278 ], [ 128.188779089782997, -3.74591553554742 ], [ 128.188741089829989, -3.74593977587382 ], [ 128.188703320102007, -3.74596439571414 ], [ 128.188666140330014, -3.74598989599072 ], [ 128.188628949766013, -3.74601539626735 ], [ 128.188591769993991, -3.74604089564457 ], [ 128.188554910380986, -3.74606679611949 ], [ 128.188523630161995, -3.74609931560463 ], [ 128.188492340049009, -3.74613184588168 ], [ 128.188461049938013, -3.74616437615868 ], [ 128.188437449927989, -3.74620168543306 ], [ 128.188422370095992, -3.74624430610343 ], [ 128.188407310049001, -3.74628692587443 ], [ 128.188392230217005, -3.74632954564549 ], [ 128.188377160278009, -3.74637216631588 ], [ 128.188367919743996, -3.74641631583374 ], [ 128.188360270110991, -3.74646088623423 ], [ 128.188352619578012, -3.74650546562805 ], [ 128.188341979699004, -3.74654931567161 ], [ 128.188328530337003, -3.74659247593516 ], [ 128.18831508007699, -3.74663564609129 ], [ 128.188298250163996, -3.74667743578815 ], [ 128.188278080168999, -3.74671787560251 ], [ 128.188257890388996, -3.74675830552438 ], [ 128.18823657016199, -3.7467981158134 ], [ 128.18821451968401, -3.74683756547416 ], [ 128.188192489891009, -3.74687700614185 ], [ 128.188167139802005, -3.7469143855633 ], [ 128.188141740248994, -3.74695173620652 ], [ 128.188114509677007, -3.74698768570588 ], [ 128.188085650431987, -3.7470224058321 ], [ 128.188054440359991, -3.74705470588268 ], [ 128.188019249887986, -3.74708291581659 ], [ 128.187984009953993, -3.74711105560339 ], [ 128.187944699687989, -3.74713311597315 ], [ 128.187905390321987, -3.74715517544354 ], [ 128.187866670011005, -3.74717821607438 ], [ 128.187828939854001, -3.74720287548487 ], [ 128.187791189911991, -3.74722754568726 ], [ 128.187766150088009, -3.74726437562289 ], [ 128.187743419723006, -3.74730341609221 ], [ 128.18772070015001, -3.74734246555473 ], [ 128.187697889746005, -3.74738143587689 ], [ 128.187663870190988, -3.74741107573284 ], [ 128.187629870422001, -3.7474407254814 ], [ 128.187600299813994, -3.74747317571873 ], [ 128.187588409877009, -3.74751679553584 ], [ 128.18757651994099, -3.7475604162524 ], [ 128.187564630004005, -3.74760404596211 ], [ 128.187552740066991, -3.74764767567179 ], [ 128.187551070025989, -3.74765379555828 ], [ 128.187540850130006, -3.7476912954889 ], [ 128.187513290406002, -3.74772683579681 ], [ 128.18748492039299, -3.74776195612133 ], [ 128.187454249913998, -3.74779489558988 ], [ 128.187442430124008, -3.74780412623133 ], [ 128.187419859838997, -3.74782173585628 ], [ 128.187375409947009, -3.74781455566909 ], [ 128.187330950162988, -3.74780736558936 ], [ 128.187307670313004, -3.74777362572414 ], [ 128.187300419977987, -3.74772930623445 ], [ 128.187263179951998, -3.74773301593788 ], [ 128.187219939648998, -3.74774563612417 ], [ 128.187177589674008, -3.74774203613801 ], [ 128.187135960056992, -3.74772478624189 ], [ 128.187094020172992, -3.74770835562814 ], [ 128.18705067015199, -3.74770568554094 ], [ 128.187006300300993, -3.74771338553632 ], [ 128.186965669829988, -3.74772951577653 ], [ 128.186930230245991, -3.74775742623617 ], [ 128.186896160330008, -3.74778696626741 ], [ 128.186862469927007, -3.74781698563723 ], [ 128.186829280447, -3.74784752571463 ], [ 128.186796449795992, -3.74787849566786 ], [ 128.186765440273007, -3.74791113566218 ], [ 128.186737000112004, -3.74794620562463 ], [ 128.186703739585994, -3.74797583558807 ], [ 128.186665840356, -3.74800026567142 ], [ 128.186620969582009, -3.74800074590939 ], [ 128.186595109577013, -3.74799402617507 ], [ 128.186578730223999, -3.74798977597907 ], [ 128.186539210415987, -3.74796809602251 ], [ 128.186501720378004, -3.74794390605819 ], [ 128.186472440251009, -3.74790954566081 ], [ 128.186452809848987, -3.74787031543449 ], [ 128.18644288043501, -3.74782620548686 ], [ 128.186438040283008, -3.7477816359856 ], [ 128.186440230133002, -3.74773646573733 ], [ 128.186449819604007, -3.74769297632184 ], [ 128.186467279941013, -3.74765128555043 ], [ 128.186484730386013, -3.74760958578587 ], [ 128.186495399942999, -3.74756652624638 ], [ 128.186495440411989, -3.7475212957434 ], [ 128.186495479982995, -3.74747606613978 ], [ 128.186495519553006, -3.74743083563689 ], [ 128.18649203018299, -3.74738601612408 ], [ 128.186481640315009, -3.74734200600121 ], [ 128.18646922967099, -3.74729861551113 ], [ 128.186451750447986, -3.74725741576959 ], [ 128.186415749687001, -3.74723025624385 ], [ 128.186378499768011, -3.74720528566795 ], [ 128.186337440321012, -3.74718726595207 ], [ 128.186312500322003, -3.74714960594216 ], [ 128.186297829680996, -3.74710747630164 ], [ 128.186290969652987, -3.74706413617361 ], [ 128.186317370150988, -3.74702749599487 ], [ 128.186342769703003, -3.74699045561781 ], [ 128.186348580223012, -3.74694560552807 ], [ 128.186354379951013, -3.74690075543841 ], [ 128.186356149816987, -3.74685646562627 ], [ 128.186338239818014, -3.74681497630306 ], [ 128.186334690194002, -3.74680675560025 ], [ 128.186320319927006, -3.74677348608051 ], [ 128.186295959991014, -3.74673555627391 ], [ 128.186270560438004, -3.74669821552325 ], [ 128.186242970136988, -3.74666250614283 ], [ 128.186214610016009, -3.74662737592586 ], [ 128.186181809943008, -3.74659650579732 ], [ 128.186148179794998, -3.74656643606543 ], [ 128.186115340150991, -3.74653549578979 ], [ 128.186082969952992, -3.74650405549104 ], [ 128.186050609647992, -3.74647261609173 ], [ 128.186018250242, -3.74644116590048 ], [ 128.186014640362998, -3.74643765584649 ], [ 128.185985880044001, -3.74640972560177 ], [ 128.185953509846996, -3.74637828620234 ], [ 128.185921139648997, -3.74634684590366 ], [ 128.185886920445, -3.7463174659518 ], [ 128.185852560048005, -3.74628822629414 ], [ 128.185818220334994, -3.74625898573715 ], [ 128.185787770188995, -3.7462257854652 ], [ 128.185758240051001, -3.74619162561667 ], [ 128.18572872969699, -3.7461574756606 ], [ 128.185691290020998, -3.74613233601219 ], [ 128.185653270281989, -3.74610817572543 ], [ 128.185614090417999, -3.74608588602853 ], [ 128.185574909654008, -3.74606360622421 ], [ 128.185543800305993, -3.74603117577196 ], [ 128.185532119910988, -3.7460182363264 ], [ 128.185513539917991, -3.74599767602579 ], [ 128.185483349677014, -3.74596413581008 ], [ 128.185453459808997, -3.74593030601268 ], [ 128.185423579834008, -3.74589646632282 ], [ 128.185387890239014, -3.74586897584653 ], [ 128.185351890377007, -3.74584179563637 ], [ 128.185317010172014, -3.74581341573055 ], [ 128.185286970118, -3.74577971543557 ], [ 128.185256939955991, -3.74574601603989 ], [ 128.185226909794011, -3.7457123157449 ], [ 128.185196869739997, -3.74567861544991 ], [ 128.185162520134014, -3.74565053591773 ], [ 128.185122549765993, -3.74562971571304 ], [ 128.185106139836989, -3.74562117575092 ], [ 128.185082559612994, -3.74560890630025 ], [ 128.185073839786014, -3.7456055563256 ], [ 128.185040879632993, -3.74559287588477 ], [ 128.184996890193986, -3.7455832360518 ], [ 128.184954470072995, -3.74556975611367 ], [ 128.184916499796998, -3.74554544564011 ], [ 128.184878530420008, -3.74552112617335 ], [ 128.184839720176996, -3.74549820605175 ], [ 128.184800780431999, -3.74547551615657 ], [ 128.184756999635994, -3.74546735570832 ], [ 128.184712369880003, -3.74546146604823 ], [ 128.184667970351001, -3.74545400617184 ], [ 128.184633019997989, -3.74543035580072 ], [ 128.184615289864013, -3.74539108600428 ], [ 128.184613090122014, -3.74534590586337 ], [ 128.18462231986399, -3.74530288589405 ], [ 128.184647290440012, -3.74526567554512 ], [ 128.184661849565003, -3.74523185564031 ], [ 128.184663769617003, -3.74522738600973 ], [ 128.184654500304987, -3.74518366546847 ], [ 128.184628660084996, -3.74514664577583 ], [ 128.184593740308998, -3.74511809589816 ], [ 128.184557819588008, -3.74509165583005 ], [ 128.184513689855009, -3.74508274624654 ], [ 128.184469280433007, -3.74508482547913 ], [ 128.18442510033799, -3.74509336544124 ], [ 128.184381270079996, -3.74510367616851 ], [ 128.184340199839994, -3.74508788587201 ], [ 128.184299539692006, -3.74506848569686 ], [ 128.18427367968701, -3.74503188598761 ], [ 128.184248739688002, -3.74499423587019 ], [ 128.184224219671989, -3.74495629617107 ], [ 128.184200769850008, -3.74491768557766 ], [ 128.184199339928, -3.74491522593192 ], [ 128.184178060168989, -3.74487865590026 ], [ 128.184156749833988, -3.74483881593369 ], [ 128.184115280295998, -3.74482161550017 ], [ 128.184073489700012, -3.74480478558753 ], [ 128.184031700003004, -3.74478794578223 ], [ 128.183990029916004, -3.74477090632739 ], [ 128.183955690202993, -3.74474166577044 ], [ 128.183921339698003, -3.74471241622024 ], [ 128.183886990092986, -3.74468317566325 ], [ 128.18385722972701, -3.74464931618826 ], [ 128.183828109680007, -3.74461483618102 ], [ 128.183802290144001, -3.74457803592299 ], [ 128.183780319705988, -3.74453855568517 ], [ 128.183770410076988, -3.74452075630329 ], [ 128.183571739944, -3.74436622579628 ], [ 128.183408030056995, -3.74424928605142 ], [ 128.183002659745, -3.74418692616152 ], [ 128.182690839611013, -3.74424149612381 ], [ 128.182558310117997, -3.74430385601379 ], [ 128.182131320103991, -3.74439308584778 ], [ 128.182124419605998, -3.74439777581223 ], [ 128.182087130116997, -3.74442312590202 ], [ 128.182050159887012, -3.74444892565289 ], [ 128.182014029624014, -3.7444759161061 ], [ 128.181977890366994, -3.7445028957674 ], [ 128.181941760103996, -3.74452987632816 ], [ 128.181905619948992, -3.74455684609696 ], [ 128.181869940246003, -3.74458437614334 ], [ 128.181837419861012, -3.74461528584209 ], [ 128.181837230104009, -3.7446154657065 ], [ 128.181804519963009, -3.74464654627637 ], [ 128.18177179992901, -3.7446776160544 ], [ 128.181738349645002, -3.74470784586561 ], [ 128.181703169965004, -3.74473606569206 ], [ 128.181667980393001, -3.7447642855185 ], [ 128.181631330322006, -3.74479029571064 ], [ 128.181591910338, -3.74481214563909 ], [ 128.18155247956301, -3.74483400546006 ], [ 128.181513070372006, -3.74485585628777 ], [ 128.181473639596987, -3.74487770621618 ], [ 128.181433670128001, -3.74489845627376 ], [ 128.181392849899993, -3.74491753629025 ], [ 128.181352019780007, -3.74493662619935 ], [ 128.181311199551999, -3.74495570621579 ], [ 128.181270380223992, -3.74497479612485 ], [ 128.181233509819009, -3.74500050594349 ], [ 128.181197459595012, -3.74502759622143 ], [ 128.181161410270988, -3.7450547062845 ], [ 128.181125360046991, -3.74508179566313 ], [ 128.181088069659012, -3.74510669609196 ], [ 128.181046399572011, -3.74512381558634 ], [ 128.181004719592011, -3.74514093598014 ], [ 128.180963050405012, -3.74515806626645 ], [ 128.180920249870013, -3.74516987616356 ], [ 128.18087523970101, -3.74517133576326 ], [ 128.18083024032299, -3.74517280615482 ], [ 128.18081085993299, -3.74517295544228 ], [ 128.180749740208, -3.74520034609379 ], [ 128.180648400103991, -3.74527830562391 ], [ 128.18044571989401, -3.74538744554863 ], [ 128.180196259649989, -3.74546539608553 ], [ 128.179853260019996, -3.74551217612038 ], [ 128.179783100310004, -3.74558233583041 ], [ 128.179673960385003, -3.74564469572029 ], [ 128.179362140250987, -3.74566808618739 ], [ 128.179136069574014, -3.74564469572029 ], [ 128.17892559044401, -3.74571485543033 ], [ 128.178629350163988, -3.74573044607736 ], [ 128.178247370320008, -3.74573044607736 ], [ 128.178036890290002, -3.74578501603969 ], [ 128.177764050370996, -3.74579281585982 ], [ 128.177633039833012, -3.7457451661806 ], [ 128.177626660041994, -3.74575211614136 ], [ 128.17759478986801, -3.74578405556376 ], [ 128.177563780344002, -3.74581684574491 ], [ 128.177532820283005, -3.7458496961805 ], [ 128.177507570018008, -3.74588705581695 ], [ 128.177482989748, -3.74592495594584 ], [ 128.177468429724001, -3.74596764586397 ], [ 128.177454609841988, -3.74601069551102 ], [ 128.177447870322993, -3.74605485582074 ], [ 128.177447829854003, -3.74610008632366 ], [ 128.177451900184991, -3.7461448159042 ], [ 128.177462780182992, -3.74618870551803 ], [ 128.177473609819003, -3.74623259603106 ], [ 128.177471070134004, -3.74627775548756 ], [ 128.177456189950988, -3.7463185460376 ], [ 128.177429669843008, -3.74635508549223 ], [ 128.177400629835006, -3.74638964553909 ], [ 128.177372689697989, -3.7464247955413 ], [ 128.177360600111996, -3.74646836589571 ], [ 128.177348509626, -3.74651192545832 ], [ 128.177336420040007, -3.74655550570523 ], [ 128.177306499595005, -3.74658926625484 ], [ 128.177274130297008, -3.74662063550707 ], [ 128.177238890362986, -3.74664847581966 ], [ 128.177202549658006, -3.74667418563829 ], [ 128.177178910078993, -3.74671268561502 ], [ 128.17717083956299, -3.74675676588503 ], [ 128.177164160297991, -3.74680148557309 ], [ 128.177156400048005, -3.74684593546453 ], [ 128.177137079912001, -3.74688679616159 ], [ 128.177113309931002, -3.7469243761319 ], [ 128.177080429818005, -3.74695527593805 ], [ 128.17704350005701, -3.74698025550719 ], [ 128.177002939733995, -3.74699987601625 ], [ 128.176962370416987, -3.74701948573341 ], [ 128.176920919764996, -3.74703711604278 ], [ 128.176879339609997, -3.74705447565626 ], [ 128.176837420411005, -3.74707096562527 ], [ 128.176795379802996, -3.74708715611999 ], [ 128.176754939988996, -3.74710663543552 ], [ 128.176716449904006, -3.74713010594228 ], [ 128.176678649600007, -3.74715458548837 ], [ 128.17664307961499, -3.74718231608355 ], [ 128.17660928039399, -3.74721198561717 ], [ 128.176578609914998, -3.74724509595695 ], [ 128.176546989752012, -3.74727728629018 ], [ 128.176508419627993, -3.74729395612362 ], [ 128.176463440036002, -3.7472959661084 ], [ 128.176418439759004, -3.74729759567993 ], [ 128.176373440382008, -3.74729905617896 ], [ 128.176329750418006, -3.74730525610512 ], [ 128.176290370005006, -3.74732717618066 ], [ 128.176255030246011, -3.74735450567828 ], [ 128.176223160071004, -3.74738644600003 ], [ 128.176192129863011, -3.74741921549674 ], [ 128.176161169801986, -3.74745207582489 ], [ 128.176127019846007, -3.74748147556186 ], [ 128.176092400443991, -3.74751039596023 ], [ 128.176058059832002, -3.74753965630229 ], [ 128.176024380221008, -3.74756966577961 ], [ 128.175988029623994, -3.7475953054511 ], [ 128.175946149995013, -3.74761192582184 ], [ 128.17590428025801, -3.74762854619252 ], [ 128.175862399729994, -3.74764516566395 ], [ 128.175820529994013, -3.74766178603469 ], [ 128.175776890391006, -3.74767162551717 ], [ 128.175732259736009, -3.74767763568637 ], [ 128.17568763987299, -3.74768365574815 ], [ 128.175642799676012, -3.74768534557423 ], [ 128.175597800297993, -3.74768374568035 ], [ 128.175552809913995, -3.74768242547562 ], [ 128.175507779959986, -3.74768238590541 ], [ 128.175462939763008, -3.74768318630206 ], [ 128.175422040395006, -3.74770209544735 ], [ 128.175381140127996, -3.747721005492 ], [ 128.175340239859992, -3.74773991553665 ], [ 128.175297829631006, -3.74775438562836 ], [ 128.175253969695007, -3.74776464599357 ], [ 128.175210119651013, -3.74777488567437 ], [ 128.175166259715013, -3.74778513614706 ], [ 128.175122409672014, -3.74779539561293 ], [ 128.175081649698001, -3.74781384610401 ], [ 128.175042059742992, -3.74783537587375 ], [ 128.175002469788012, -3.74785691553604 ], [ 128.174960529905007, -3.74787080556509 ], [ 128.174915740068997, -3.7478754154899 ], [ 128.174870940342004, -3.74787984555024 ], [ 128.17482592028, -3.74788101556821 ], [ 128.174780910110997, -3.74788219547873 ], [ 128.174735929619004, -3.74788353546862 ], [ 128.174693600328993, -3.74789895614367 ], [ 128.174651639761009, -3.74791511606152 ], [ 128.174613579553011, -3.74793927544896 ], [ 128.174575520243991, -3.74796343573572 ], [ 128.17453935041101, -3.74798963568487 ], [ 128.174512639646991, -3.74802604563721 ], [ 128.174485919889008, -3.74806245558948 ], [ 128.174459219916997, -3.74809887543435 ], [ 128.174447189685992, -3.74814117594607 ], [ 128.174441569822989, -3.74818604582082 ], [ 128.17443514956301, -3.74823065579165 ], [ 128.174412279802993, -3.74826961622124 ], [ 128.174383350411006, -3.74830286595586 ], [ 128.174369769749006, -3.7483121757377 ], [ 128.174346159847005, -3.74832836623248 ], [ 128.174304850389007, -3.74834171576891 ], [ 128.174290669879014, -3.74834190552583 ], [ 128.174260129801013, -3.74834230572413 ], [ 128.174216949752008, -3.74832951556605 ], [ 128.174173640200991, -3.74831715618321 ], [ 128.174157349881995, -3.74831259572105 ], [ 128.174130259603999, -3.74830500544301 ], [ 128.174086899690991, -3.7482928654947 ], [ 128.174045809666012, -3.74827503553584 ], [ 128.174007530023999, -3.74825410561391 ], [ 128.174006270072994, -3.74825341583391 ], [ 128.173966709795991, -3.7482318060245 ], [ 128.173928869921014, -3.74820769609972 ], [ 128.173894510422997, -3.74817844565022 ], [ 128.173860169811007, -3.74814920599257 ], [ 128.173821120348009, -3.74812879587875 ], [ 128.17377782968299, -3.74811633577186 ], [ 128.173734600171997, -3.74810731557174 ], [ 128.173691650349014, -3.74812088544208 ], [ 128.17365378979099, -3.74814314546128 ], [ 128.173621149795991, -3.74817430607086 ], [ 128.173588599733989, -3.74820554582077 ], [ 128.17355672955901, -3.74823749603506 ], [ 128.173524860284004, -3.74826944624933 ], [ 128.173492990109992, -3.74830140545685 ], [ 128.17345762966599, -3.74832931591654 ], [ 128.173421680166996, -3.74835654558946 ], [ 128.173385729768, -3.74838377616159 ], [ 128.173349770376007, -3.7484110058345 ], [ 128.173312700320992, -3.7484363154548 ], [ 128.173271559934989, -3.7484547056913 ], [ 128.173230430339999, -3.74847308603528 ], [ 128.173189289953996, -3.74849147627174 ], [ 128.173146689968007, -3.74850591578658 ], [ 128.173103599851004, -3.7485190458884 ], [ 128.173059429648987, -3.74851666628227 ], [ 128.173014940186988, -3.74850974599911 ], [ 128.172973180167986, -3.74849438557858 ], [ 128.17293317023001, -3.74847363552102 ], [ 128.172893170184011, -3.74845289625536 ], [ 128.172852160199, -3.74843432615445 ], [ 128.172810369603013, -3.74841749624167 ], [ 128.172768579906005, -3.74840066542965 ], [ 128.172725319817999, -3.74839103548915 ], [ 128.172680299755996, -3.74838991583324 ], [ 128.172635289586992, -3.74838879617727 ], [ 128.172590280316996, -3.74838771609147 ], [ 128.172545959927987, -3.74839565620586 ], [ 128.172501629647002, -3.74840360621274 ], [ 128.172457310157, -3.74841154542774 ], [ 128.172417550229994, -3.74843142584084 ], [ 128.172379339835004, -3.74845535590119 ], [ 128.172345500145013, -3.74848416568286 ], [ 128.172317710193994, -3.74851975545351 ], [ 128.17229005963901, -3.74855542616309 ], [ 128.172269889644014, -3.74859586597747 ], [ 128.172249709755988, -3.74863629589934 ], [ 128.172226189787011, -3.74867421581335 ], [ 128.172193160386001, -3.7487049555402 ], [ 128.172152350050993, -3.74870899619413 ], [ 128.172108029662013, -3.74870100571779 ], [ 128.172065149986992, -3.74868871558269 ], [ 128.172024890036994, -3.74866845565568 ], [ 128.171983100339986, -3.74865564571248 ], [ 128.171938129740994, -3.74865811615013 ], [ 128.171897580208991, -3.7486764560246 ], [ 128.171857840066991, -3.74869770610524 ], [ 128.171818439869014, -3.74871943552447 ], [ 128.171785829552988, -3.74875063570416 ], [ 128.171753239920008, -3.74878182599131 ], [ 128.171725500332002, -3.74881700567108 ], [ 128.171701769920986, -3.74885543550071 ], [ 128.171674349591996, -3.74889102617068 ], [ 128.171643510040013, -3.74892399621618 ], [ 128.171610600249011, -3.74895478630502 ], [ 128.171576839698986, -3.74898471574266 ], [ 128.171543080048991, -3.74901465597225 ], [ 128.171534870138004, -3.74905759590185 ], [ 128.171530639726996, -3.74910263574858 ], [ 128.171524250044001, -3.74914740579865 ], [ 128.171517849569, -3.74919217584868 ], [ 128.171513969893994, -3.74923716623266 ], [ 128.171512450040012, -3.74928236615859 ], [ 128.171510930185008, -3.74932757597713 ], [ 128.171509410330998, -3.74937277590308 ], [ 128.171507889576986, -3.74941798572165 ], [ 128.171510860038012, -3.74946288617339 ], [ 128.171518319915009, -3.7495074961441 ], [ 128.171525799575988, -3.74955209622227 ], [ 128.171533270243998, -3.74959669630051 ], [ 128.171540749906001, -3.74964129547935 ], [ 128.171547879731008, -3.74968594591956 ], [ 128.171551049841014, -3.74973105591338 ], [ 128.171554210059014, -3.74977617579964 ], [ 128.171557370275991, -3.74982129568604 ], [ 128.171555009555988, -3.74986624560041 ], [ 128.17154919993601, -3.74991109569021 ], [ 128.171543199658998, -3.74995591610224 ], [ 128.171533239667014, -3.75000002604991 ], [ 128.171529440032003, -3.75001690542542 ], [ 128.171519470148013, -3.75006100548051 ], [ 128.171496610280002, -3.75009939573994 ], [ 128.171470850100008, -3.75013649547228 ], [ 128.171441290283013, -3.75017025602185 ], [ 128.171408129582005, -3.75020084556191 ], [ 128.171374959886009, -3.75023142610875 ], [ 128.17133954997999, -3.75025927631389 ], [ 128.171303270430002, -3.75028607611078 ], [ 128.171264120242995, -3.75030820572836 ], [ 128.171224149875002, -3.75032903582551 ], [ 128.171185329738989, -3.75035181565297 ], [ 128.171147839701007, -3.75037686626855 ], [ 128.171111560149996, -3.75040351587867 ], [ 128.171077150289989, -3.75043269618106 ], [ 128.171040439964003, -3.75045887544581 ], [ 128.171003690068005, -3.75048500614713 ], [ 128.170966940172008, -3.75051114584172 ], [ 128.170949569767004, -3.75055173584288 ], [ 128.170929010365995, -3.75059025560472 ], [ 128.170893979972988, -3.75061866608748 ], [ 128.170858230123002, -3.75064553603152 ], [ 128.17081413996101, -3.75065471631099 ], [ 128.170770559713986, -3.75066155565511 ], [ 128.170734270270003, -3.7506347855358 ], [ 128.170695860226004, -3.75061148590026 ], [ 128.170655600276007, -3.75059123586579 ], [ 128.170615350217986, -3.75057096604616 ], [ 128.170573590199012, -3.75055437625246 ], [ 128.170530810348993, -3.75054028567462 ], [ 128.17048823014801, -3.75052562582598 ], [ 128.170447177894999, -3.75051836290115 ], [ 128.17023122818901, -3.74962371103539 ], [ 128.170228299996012, -3.74962371463266 ], [ 128.166223048755, -3.74962953954157 ], [ 128.166223334738987, -3.7496289405931 ], [ 128.166176620355003, -3.74961399206207 ], [ 128.166116363979, -3.7496101051922 ], [ 128.165947259957989, -3.74961787983129 ], [ 128.165943073613988, -3.74962346192319 ], [ 128.165927822910987, -3.74962176670114 ], [ 128.165898666890001, -3.74962565447034 ], [ 128.165865623998997, -3.74964509151772 ], [ 128.165865171640007, -3.74964586673331 ], [ 128.165861736229999, -3.74964120464784 ], [ 128.165351820698987, -3.7496180265473 ], [ 128.165348592962999, -3.74961787983129 ], [ 128.164788125571988, -3.74974016424705 ], [ 128.164493354785009, -3.74980447656513 ], [ 128.163272695978009, -3.74968007874251 ], [ 128.16114237472101, -3.74922524751754 ], [ 128.16086636559001, -3.74922524751754 ], [ 128.159991690363995, -3.74931854588448 ], [ 128.159669031600998, -3.74940795828079 ], [ 128.159323048919987, -3.74954790628089 ], [ 128.159074253274014, -3.74968785428093 ], [ 128.158914867327013, -3.74976949023955 ], [ 128.15871660728601, -3.74996386251184 ], [ 128.158717547976011, -3.74997107597397 ], [ 128.158715440864995, -3.74997177924381 ], [ 128.157966464780003, -3.75059592583022 ], [ 128.157342317293995, -3.7510952438188 ], [ 128.156655755059006, -3.75115765766809 ], [ 128.156094023220987, -3.75203146504747 ], [ 128.156037828277675, -3.752177571764739 ], [ 128.15579408312999, -3.75281130856161 ], [ 128.155766663701002, -3.75278465175685 ], [ 128.15570262028001, -3.75297251563549 ], [ 128.155531119566007, -3.75345584547678 ], [ 128.155440990409005, -3.7536072562356 ], [ 128.155438420146993, -3.75363949603161 ], [ 128.155434830052997, -3.75368458624029 ], [ 128.155431249852001, -3.7537296656571 ], [ 128.155427649865999, -3.75377475586583 ], [ 128.155405290022003, -3.75381378554327 ], [ 128.155382090210992, -3.7538525454241 ], [ 128.155358879608997, -3.7538913062042 ], [ 128.155335669905014, -3.75393007597758 ], [ 128.155312470094003, -3.75396882596589 ], [ 128.155291319838994, -3.75400860567786 ], [ 128.155275019626004, -3.75405075600282 ], [ 128.155258720314009, -3.75409292611284 ], [ 128.15524242999399, -3.75413508543099 ], [ 128.155227539918997, -3.75417769620883 ], [ 128.155218749944993, -3.7542128354191 ], [ 128.155216569988994, -3.75422156603752 ], [ 128.155205609950997, -3.75426543586616 ], [ 128.155194640020994, -3.75430930569487 ], [ 128.155183679982997, -3.75435317552359 ], [ 128.155172710052994, -3.7543970354597 ], [ 128.155159960363989, -3.75444030544056 ], [ 128.155142179867994, -3.75448185591768 ], [ 128.155124400271006, -3.7545234054955 ], [ 128.155106619775012, -3.75456496586519 ], [ 128.155088840177996, -3.75460651544302 ], [ 128.155071059682001, -3.75464807581266 ], [ 128.155053280085014, -3.75468962628974 ], [ 128.155035510380998, -3.7547311758676 ], [ 128.155017729884008, -3.75477273623725 ], [ 128.155004960410992, -3.75481608625776 ], [ 128.154992479619011, -3.75485954599567 ], [ 128.154979999727004, -3.75490300573347 ], [ 128.154967529727998, -3.7549464555787 ], [ 128.154955059727996, -3.75498992610842 ], [ 128.154942579835989, -3.75503337595374 ], [ 128.154930099944011, -3.75507683569156 ], [ 128.154917629945004, -3.75512030622129 ], [ 128.154905999911989, -3.7551639755011 ], [ 128.154896330400987, -3.75520814570335 ], [ 128.154886659991007, -3.75525232579811 ], [ 128.154877010266006, -3.75529649600041 ], [ 128.154867339855997, -3.75534067609525 ], [ 128.154857670344995, -3.75538484629742 ], [ 128.154848009827987, -3.7554290254929 ], [ 128.154838340317013, -3.75547319569511 ], [ 128.154833869787012, -3.75551815550215 ], [ 128.154830320163001, -3.75556324571083 ], [ 128.15482676964001, -3.75560832602703 ], [ 128.154823220015999, -3.75565341623569 ], [ 128.154819670391987, -3.75569850554512 ], [ 128.154819559775007, -3.755743736048 ], [ 128.154819520204995, -3.75578896565165 ], [ 128.15481333017101, -3.75583342543556 ], [ 128.154802219946987, -3.75587724580156 ], [ 128.154791109721998, -3.75592107606007 ], [ 128.154780000397011, -3.75596491621112 ], [ 128.154768890171994, -3.75600873567771 ], [ 128.154757779948, -3.75605257582881 ], [ 128.154742549929011, -3.75609514613716 ], [ 128.154727329802995, -3.75613770565363 ], [ 128.154712099784007, -3.75618026606941 ], [ 128.15469686976499, -3.75622283547838 ], [ 128.154681639746002, -3.7562653958942 ], [ 128.154663469843001, -3.75630669546044 ], [ 128.154643350210989, -3.75634715595923 ], [ 128.154623229678009, -3.75638762545131 ], [ 128.154603119938002, -3.75642808595006 ], [ 128.15458141030399, -3.7564676156506 ], [ 128.154556390264986, -3.75650521630531 ], [ 128.154531370227005, -3.75654282595322 ], [ 128.154506360080006, -3.75658043560116 ], [ 128.154481340041997, -3.75661803625589 ], [ 128.154455149985012, -3.75665482572211 ], [ 128.15442839965101, -3.75669120599676 ], [ 128.154401650215988, -3.75672758627151 ], [ 128.154374370180989, -3.75676349620075 ], [ 128.154342099807991, -3.75679503542487 ], [ 128.154309820441995, -3.75682657554833 ], [ 128.154277550068997, -3.75685811567175 ], [ 128.154245279695999, -3.75688965579516 ], [ 128.154217710078996, -3.75692532560543 ], [ 128.154190910282011, -3.75696167620254 ], [ 128.154170199795004, -3.75700155573928 ], [ 128.154152209757001, -3.75704301628423 ], [ 128.15414838044299, -3.75708745628307 ], [ 128.154148339974, -3.75713268588671 ], [ 128.154162149963014, -3.75717544595196 ], [ 128.15417761020899, -3.75721793622062 ], [ 128.15419384027399, -3.75726010543132 ], [ 128.154210949875988, -3.75730195628198 ], [ 128.154228060376994, -3.75734378554901 ], [ 128.154231869905004, -3.7573878856041 ], [ 128.154227070222987, -3.75743265565413 ], [ 128.154214649685997, -3.75747612618382 ], [ 128.154202239940986, -3.75751960570677 ], [ 128.154189820303998, -3.75756308612898 ], [ 128.154167410098012, -3.75760218595355 ], [ 128.154144210287001, -3.75764094583438 ], [ 128.154118940236998, -3.7576781462908 ], [ 128.15408818971801, -3.75771117569153 ], [ 128.154057430205995, -3.75774420599162 ], [ 128.154027269642995, -3.75777774620731 ], [ 128.154000309767014, -3.75781397629518 ], [ 128.153973330105003, -3.75785018569869 ], [ 128.153946350443988, -3.7578863960015 ], [ 128.153919379775999, -3.75792260630433 ], [ 128.153893919968993, -3.75795991557872 ], [ 128.153868569878995, -3.75799729589949 ], [ 128.153841649572996, -3.75803351609489 ], [ 128.15381389019899, -3.75806912565056 ], [ 128.15378613981801, -3.75810474599816 ], [ 128.153758679919008, -3.75814059567283 ], [ 128.153731450245999, -3.75817661621869 ], [ 128.153704219674012, -3.75821263586522 ], [ 128.153680589987005, -3.75825082557589 ], [ 128.153661730305004, -3.75829190570757 ], [ 128.153642869723001, -3.75833296605421 ], [ 128.153624010040005, -3.7583740362934 ], [ 128.153605099994991, -3.75841507595555 ], [ 128.153586010086002, -3.75845604547066 ], [ 128.153566930070014, -3.75849701588507 ], [ 128.153547840160996, -3.75853798629948 ], [ 128.153524310298991, -3.7585761661176 ], [ 128.153496159719992, -3.75861145551463 ], [ 128.15346799025599, -3.75864673591851 ], [ 128.153439700282007, -3.75868192549077 ], [ 128.153410109888995, -3.75871601609157 ], [ 128.153380530286995, -3.75875012557805 ], [ 128.15335243007101, -3.75878544555208 ], [ 128.153325109565998, -3.75882134558875 ], [ 128.153304939571001, -3.75886178630253 ], [ 128.153284749790998, -3.75890221622437 ], [ 128.153274920201994, -3.75894570563982 ], [ 128.153270089942993, -3.75899067623871 ], [ 128.153264720090988, -3.75900673543243 ], [ 128.153256049726991, -3.75903270605447 ], [ 128.153234140443004, -3.75907221596986 ], [ 128.15321223026001, -3.75911172588525 ], [ 128.153188880263002, -3.75915035626375 ], [ 128.153163530173003, -3.75918773568519 ], [ 128.153138340162002, -3.7592252158308 ], [ 128.15311433995501, -3.75926347568852 ], [ 128.15309032985499, -3.75930174543886 ], [ 128.153066329647004, -3.75934001608846 ], [ 128.153052380263006, -3.75938299558835 ], [ 128.153038560380992, -3.75942604613462 ], [ 128.153024739599999, -3.75946908588904 ], [ 128.153009229892007, -3.75951138550142 ], [ 128.152986700076013, -3.75955054558057 ], [ 128.152964180152992, -3.75958971555229 ], [ 128.152941660229004, -3.75962887563136 ], [ 128.152919130414006, -3.75966804560307 ], [ 128.15289662038299, -3.75970720568223 ], [ 128.152874419719012, -3.75974656631016 ], [ 128.152852229847014, -3.75978590625373 ], [ 128.152830030081986, -3.75982526598234 ], [ 128.152807809633003, -3.75986459603331 ], [ 128.152806559574998, -3.75986670584286 ], [ 128.15278477979399, -3.75990346563142 ], [ 128.15276175984701, -3.75994233612888 ], [ 128.152741499920012, -3.7599822858128 ], [ 128.152732299856012, -3.76002655583972 ], [ 128.15272310968399, -3.7600708357593 ], [ 128.152713920411003, -3.76011511567881 ], [ 128.152703830017998, -3.76015910601662 ], [ 128.152685410103999, -3.76020037590528 ], [ 128.152666980296999, -3.76024164579397 ], [ 128.152648549590992, -3.76028290579007 ], [ 128.152625640260993, -3.76032182575021 ], [ 128.152602429658003, -3.76036057573848 ], [ 128.152580089599013, -3.7603998158573 ], [ 128.152559909712011, -3.76044025567167 ], [ 128.152539729825008, -3.76048068559353 ], [ 128.152520600345014, -3.76052161553851 ], [ 128.152501839588012, -3.76056273613967 ], [ 128.152483069838013, -3.76060385584151 ], [ 128.152465769580004, -3.76064560596818 ], [ 128.152448779588013, -3.7606874855971 ], [ 128.152431400188988, -3.76072920604616 ], [ 128.152412519822008, -3.76077025560091 ], [ 128.152393629561999, -3.76081131594747 ], [ 128.152373900235006, -3.76085183580156 ], [ 128.152344379988989, -3.76088597586501 ], [ 128.152312460351993, -3.760917766 ], [ 128.152278779841993, -3.76094776558486 ], [ 128.15225207987001, -3.76098378613068 ], [ 128.152227729825995, -3.76102183554712 ], [ 128.152203389675009, -3.76105988586283 ], [ 128.152183080284999, -3.76109947581787 ], [ 128.152176019708008, -3.7611441460432 ], [ 128.152168950136996, -3.76118881626848 ], [ 128.152168340396997, -3.7612330161483 ], [ 128.152181730402987, -3.76127620608954 ], [ 128.152195120409004, -3.76131938613829 ], [ 128.152203289850007, -3.76136376588253 ], [ 128.152209930444002, -3.76140850625499 ], [ 128.152216560245989, -3.76145324572805 ], [ 128.152216820149988, -3.76149827568213 ], [ 128.152214409967002, -3.76154344593051 ], [ 128.152211989890986, -3.76158860628636 ], [ 128.152200779841991, -3.76163220541911 ], [ 128.152187620062989, -3.76167546550745 ], [ 128.152159580100999, -3.76171084573603 ], [ 128.152131489776991, -3.76174618549509 ], [ 128.152103410243996, -3.76178153604606 ], [ 128.152076120316991, -3.76181749543804 ], [ 128.152049770181009, -3.76185417608627 ], [ 128.152026309566992, -3.76189191613588 ], [ 128.152022679903013, -3.76193699555275 ], [ 128.152023269858006, -3.76198151559127 ], [ 128.152038489983994, -3.7620240858996 ], [ 128.15205184042, -3.76206711576146 ], [ 128.152058169848999, -3.76211190559661 ], [ 128.152062769881013, -3.76215639595752 ], [ 128.152042589994011, -3.7621968258794 ], [ 128.152022410106014, -3.76223726569379 ], [ 128.151994759551002, -3.76227277542474 ], [ 128.151965720442007, -3.76230733547156 ], [ 128.151934680340986, -3.76234009597503 ], [ 128.151903619556009, -3.76237284568665 ], [ 128.151887279774002, -3.7624149555421 ], [ 128.151871080286014, -3.76245715622907 ], [ 128.151869060409012, -3.76250201621132 ], [ 128.151869019938999, -3.76254724581494 ], [ 128.151870900422011, -3.76259236570128 ], [ 128.151875979793004, -3.76263731561571 ], [ 128.151881060063005, -3.76268224574509 ], [ 128.151886130441, -3.76272719565955 ], [ 128.151892690095991, -3.76277192613944 ], [ 128.151900110402011, -3.76281653611014 ], [ 128.151907510023989, -3.76286114608088 ], [ 128.151914909645001, -3.76290575605154 ], [ 128.15192424011201, -3.76295000629348 ], [ 128.151934100278993, -3.76299412613368 ], [ 128.15194396044501, -3.76303826575898 ], [ 128.151953829605986, -3.76308239549178 ], [ 128.151963689772003, -3.76312652612387 ], [ 128.151973549938987, -3.76317065585657 ], [ 128.151983410105998, -3.7632147954819 ], [ 128.15199328016601, -3.76325891622144 ], [ 128.152010020146008, -3.76330078595784 ], [ 128.152028000292006, -3.7633422662879 ], [ 128.152045969645997, -3.76338373582602 ], [ 128.152063939898994, -3.76342520626351 ], [ 128.152080519799995, -3.76346718571729 ], [ 128.152093860343996, -3.76351039544358 ], [ 128.152107190094995, -3.76355359617663 ], [ 128.152120529738994, -3.76359678611785 ], [ 128.152133849597988, -3.76363999584415 ], [ 128.152147190140994, -3.76368319567791 ], [ 128.152160519891993, -3.76372639551168 ], [ 128.152173849643987, -3.76376960613733 ], [ 128.152187190186993, -3.76381279607854 ], [ 128.152200519937992, -3.76385599591228 ], [ 128.152217580077007, -3.76389781618603 ], [ 128.152235490076009, -3.76393930550929 ], [ 128.152253409966988, -3.76398080562432 ], [ 128.152271329857996, -3.76402229584691 ], [ 128.152289239856998, -3.76406379596197 ], [ 128.152307120177994, -3.76410529607708 ], [ 128.15232473969499, -3.76414692569453 ], [ 128.152342360111987, -3.7641885454195 ], [ 128.152359979629011, -3.76423017593623 ], [ 128.152377600046009, -3.76427179566121 ], [ 128.152395219563999, -3.76431342617796 ], [ 128.152412830087997, -3.7643550459029 ], [ 128.152430449605987, -3.76439666562786 ], [ 128.152448060130013, -3.7644382862521 ], [ 128.152465679647008, -3.76447990597698 ], [ 128.152483009582994, -3.76452163541921 ], [ 128.152494680085994, -3.76456532628282 ], [ 128.152506339795991, -3.76460900545523 ], [ 128.152518010297996, -3.76465269541947 ], [ 128.152529670007993, -3.76469637549128 ], [ 128.152541339610991, -3.7647400654555 ], [ 128.152553010112996, -3.76478374552719 ], [ 128.152572430074002, -3.76482448571516 ], [ 128.152592500243998, -3.76486496599909 ], [ 128.152612570413993, -3.76490545617556 ], [ 128.15263263968501, -3.76494594545265 ], [ 128.152652709855005, -3.76498642573655 ], [ 128.152672789917006, -3.76502691591297 ], [ 128.152686400257011, -3.76507000602945 ], [ 128.152699710223004, -3.76511320586321 ], [ 128.152713020189992, -3.76515641558948 ], [ 128.152726320264009, -3.76519963610766 ], [ 128.15273912031401, -3.76524298612826 ], [ 128.152750989567011, -3.76528661583787 ], [ 128.152762859717996, -3.76533024554758 ], [ 128.152774729870004, -3.76537387615662 ], [ 128.152786590129011, -3.76541750586635 ], [ 128.152799200423004, -3.76546092603392 ], [ 128.15281263989101, -3.76550408629755 ], [ 128.152826080260013, -3.76554725555435 ], [ 128.152839529620991, -3.765590415818 ], [ 128.152856599652011, -3.76563201575782 ], [ 128.152878730168993, -3.76567139617085 ], [ 128.15290084000199, -3.76571079546962 ], [ 128.152922959726993, -3.76575018577522 ], [ 128.152943230445999, -3.76579050597983 ], [ 128.152960859855995, -3.76583212570476 ], [ 128.152978490164998, -3.76587374542962 ], [ 128.152996109682988, -3.76591536605387 ], [ 128.153013739991991, -3.76595698577881 ], [ 128.153031360408988, -3.76599860550376 ], [ 128.153050099582003, -3.76603972610493 ], [ 128.153069099558991, -3.76608073608949 ], [ 128.153084870071012, -3.76612276590532 ], [ 128.153092880331997, -3.76616727605126 ], [ 128.153100889694002, -3.76621178619724 ], [ 128.153104579613, -3.76625679546691 ], [ 128.153106850401002, -3.76630196571532 ], [ 128.15310909960499, -3.76634713596369 ], [ 128.153116890431988, -3.76639150581542 ], [ 128.153127460164001, -3.76643547546883 ], [ 128.153138889648005, -3.76647912586292 ], [ 128.153158990395013, -3.7665195962543 ], [ 128.153179090242986, -3.76656006574636 ], [ 128.153200850238989, -3.76659962602379 ], [ 128.153223979903004, -3.76663843626665 ], [ 128.153247120358003, -3.76667723571766 ], [ 128.153271199706012, -3.76671542542827 ], [ 128.153296449971009, -3.76675287589619 ], [ 128.153321700236006, -3.76679032546479 ], [ 128.153343659882012, -3.76682978591751 ], [ 128.153365179758993, -3.76686951616683 ], [ 128.153371750205991, -3.76691421606972 ], [ 128.153367589942007, -3.76695707595974 ], [ 128.153361569881014, -3.76696813582225 ], [ 128.153345980132997, -3.76699676573958 ], [ 128.153324460255988, -3.76703648609633 ], [ 128.153302999733995, -3.76707625591583 ], [ 128.15328155000401, -3.76711602573526 ], [ 128.153261520303005, -3.76715644576461 ], [ 128.153246519611002, -3.76719484591666 ], [ 128.153245069903988, -3.76719854572751 ], [ 128.153226679667995, -3.76723215609031 ], [ 128.153221719906014, -3.76724007552021 ], [ 128.153195080188993, -3.76727269572946 ], [ 128.153167790260994, -3.76730857598114 ], [ 128.153144489726003, -3.76734725582222 ], [ 128.153124309839001, -3.7673876956367 ], [ 128.153114230238003, -3.76743082622263 ], [ 128.153112359647992, -3.7674722561906 ], [ 128.153112189675994, -3.76747599557168 ], [ 128.153112150106011, -3.76752122607461 ], [ 128.153103760329998, -3.76756495560901 ], [ 128.153088140005991, -3.76760737573058 ], [ 128.153063760283999, -3.76764534600668 ], [ 128.153025940194993, -3.76766987591474 ], [ 128.152985649668011, -3.7676891160106 ], [ 128.152942660276011, -3.76770257616363 ], [ 128.152901730330996, -3.76771536542245 ], [ 128.152899669984009, -3.76771601563228 ], [ 128.152855229984993, -3.76772305552525 ], [ 128.152810680268999, -3.76772963586467 ], [ 128.152769479628006, -3.7677472859591 ], [ 128.152728570367003, -3.76776607549458 ], [ 128.152685519821006, -3.76777933599814 ], [ 128.152642419811997, -3.76779236627521 ], [ 128.152597879988008, -3.76779894571533 ], [ 128.152553330272013, -3.76780552605477 ], [ 128.152514020006009, -3.76782736609063 ], [ 128.152504349596001, -3.76783538624464 ], [ 128.152479479743988, -3.767856015793 ], [ 128.152449880358006, -3.76788903620055 ], [ 128.152435049638001, -3.76793173601122 ], [ 128.152423649832002, -3.76797521553413 ], [ 128.152418969759992, -3.76802019602553 ], [ 128.152417229571995, -3.76803702593835 ], [ 128.152414330157001, -3.76806518551021 ], [ 128.152409960351008, -3.7681102055718 ], [ 128.152407589738999, -3.76815490547474 ], [ 128.152425509630007, -3.7681964055898 ], [ 128.152444790195005, -3.76823692544385 ], [ 128.152477549798988, -3.76826796554428 ], [ 128.152496719748001, -3.76828120626273 ], [ 128.152513129677004, -3.76829253592181 ], [ 128.152558059807006, -3.76829543623548 ], [ 128.152603079867987, -3.7682954758056 ], [ 128.152648109822991, -3.76829551627509 ], [ 128.152649400349986, -3.76829582564192 ], [ 128.152690059598996, -3.76830572627829 ], [ 128.152727500173995, -3.76833084614165 ], [ 128.152763480250002, -3.76835787616506 ], [ 128.152797210223014, -3.76838783617964 ], [ 128.152819449557995, -3.76842542604245 ], [ 128.152833649852994, -3.76846835607966 ], [ 128.152833690323007, -3.76851309555275 ], [ 128.152830750438994, -3.76855822623094 ], [ 128.152826160299014, -3.76860316625287 ], [ 128.152818540342992, -3.76864774564663 ], [ 128.152810909596013, -3.76869231604719 ], [ 128.15280369973101, -3.76873691612536 ], [ 128.152806549682992, -3.76878205579674 ], [ 128.152809410425988, -3.76882719546818 ], [ 128.152809289917002, -3.7688723459314 ], [ 128.152805680038, -3.76891707551198 ], [ 128.152778630229989, -3.76895322556026 ], [ 128.152757610375005, -3.76896495541771 ], [ 128.152743380402995, -3.76897289553202 ], [ 128.152702200445987, -3.76895729589181 ], [ 128.152662599698999, -3.76893588573188 ], [ 128.15263078977901, -3.76890387616236 ], [ 128.152593119876997, -3.76888102618785 ], [ 128.152550910195998, -3.76886528625342 ], [ 128.152508519753013, -3.76885749542656 ], [ 128.152501960096998, -3.76885959624282 ], [ 128.152465620291991, -3.76887123616803 ], [ 128.152425919720997, -3.76888923609879 ], [ 128.152400899681993, -3.76892684574673 ], [ 128.152375879642989, -3.76896445629397 ], [ 128.152370230102008, -3.76900868585147 ], [ 128.152367190393988, -3.76905380573777 ], [ 128.152375179970988, -3.769096786137 ], [ 128.152394820264988, -3.76913748585543 ], [ 128.152414449767008, -3.76917819546642 ], [ 128.152417270041013, -3.76918223612043 ], [ 128.152439780072001, -3.76921445613128 ], [ 128.152474449836006, -3.7692428657147 ], [ 128.152519440220004, -3.76924458611779 ], [ 128.152564429704995, -3.76924630562155 ], [ 128.152601149922987, -3.7692465061704 ], [ 128.152609459659004, -3.76924655563306 ], [ 128.152654479721008, -3.7692465961026 ], [ 128.15269161002999, -3.76926801615502 ], [ 128.152717809979009, -3.76930152579377 ], [ 128.152720130229994, -3.76933349579314 ], [ 128.152721089806988, -3.76934662589503 ], [ 128.152723669961006, -3.7693917358888 ], [ 128.152720030404993, -3.76943681620498 ], [ 128.152715299970993, -3.76948166629466 ], [ 128.152701009743993, -3.76952455586231 ], [ 128.152686070205988, -3.76956716574082 ], [ 128.152664269740001, -3.76960674580331 ], [ 128.152642480065992, -3.76964632586588 ], [ 128.152626970358995, -3.7696854454755 ], [ 128.152625980204988, -3.76968793569828 ], [ 128.152615959959007, -3.76973202586084 ], [ 128.152612020029011, -3.76977686605802 ], [ 128.152611309564008, -3.76982208576906 ], [ 128.152615600230007, -3.76986643583575 ], [ 128.152631529920995, -3.7699087354481 ], [ 128.152647459613007, -3.76995104585231 ], [ 128.15265964992301, -3.76999454605967 ], [ 128.152666709600993, -3.77003861553786 ], [ 128.152661689584988, -3.77008356545233 ], [ 128.152639079729994, -3.77012167602267 ], [ 128.152613879826987, -3.77015876586239 ], [ 128.152609560383013, -3.77020378592398 ], [ 128.152605249932009, -3.77024881587811 ], [ 128.152600929588999, -3.77029382604717 ], [ 128.152599579706987, -3.77033899629551 ], [ 128.152599540137004, -3.77038422589914 ], [ 128.152599489775014, -3.77042945550271 ], [ 128.152599450204008, -3.77047468600574 ], [ 128.152601149922987, -3.77051980589199 ], [ 128.152606689746989, -3.77056469555192 ], [ 128.15259721988599, -3.77060397614018 ], [ 128.152561530290001, -3.77062761571947 ], [ 128.152535320449005, -3.77062582606858 ], [ 128.152516600160993, -3.77062454543402 ], [ 128.152472000083009, -3.77061838597729 ], [ 128.15242895043599, -3.77060796553281 ], [ 128.152395060384009, -3.77058021605175 ], [ 128.15238000033699, -3.77053790564746 ], [ 128.152376449813005, -3.77049281543876 ], [ 128.152373080053991, -3.77044772612945 ], [ 128.152370630299998, -3.77040256577363 ], [ 128.15235456031499, -3.77036120595279 ], [ 128.152326430420004, -3.77032831594691 ], [ 128.152286600346002, -3.77030720616052 ], [ 128.152243860065994, -3.77029446546513 ], [ 128.152199640400994, -3.7702859659725 ], [ 128.152154710271986, -3.77028785544808 ], [ 128.152109829604996, -3.77029135560948 ], [ 128.152065080238998, -3.77029627580041 ], [ 128.152023949745995, -3.77027786577886 ], [ 128.151982449629998, -3.77026037576369 ], [ 128.151942910037008, -3.77023992607973 ], [ 128.151908560431991, -3.77021067563017 ], [ 128.151868220441997, -3.77019069629161 ], [ 128.151827660117988, -3.77017103621241 ], [ 128.151784550217002, -3.77016182625537 ], [ 128.151739549940004, -3.7701602254621 ], [ 128.151695260128008, -3.77016316624519 ], [ 128.15165292993899, -3.77017857612846 ], [ 128.151610599749006, -3.77019398601166 ], [ 128.151571570072008, -3.77021534580958 ], [ 128.151536259990991, -3.77024341544925 ], [ 128.151500949909007, -3.77027147609568 ], [ 128.151468530248991, -3.77030260612829 ], [ 128.151438759991009, -3.77033653575042 ], [ 128.151408999626, -3.7703704761644 ], [ 128.151379230266997, -3.77040441567909 ], [ 128.151359400215995, -3.77044500568027 ], [ 128.151344539819007, -3.77047560601209 ], [ 128.151339660096994, -3.77048565593603 ], [ 128.151319919977993, -3.77052630619179 ], [ 128.151310809845995, -3.77057003572623 ], [ 128.151305959801988, -3.77061500542577 ], [ 128.151318859678014, -3.77065335611502 ], [ 128.151333479956008, -3.77066708606465 ], [ 128.151351749684011, -3.77068424602863 ], [ 128.151366510255997, -3.77069892566238 ], [ 128.15138374036701, -3.77071606584125 ], [ 128.151405430215988, -3.7707552762824 ], [ 128.151413480048006, -3.77077210619518 ], [ 128.151422879762009, -3.77079176627442 ], [ 128.15142492032399, -3.77079603625544 ], [ 128.151433589788013, -3.77083860566444 ], [ 128.151428180365997, -3.77088350611616 ], [ 128.151425819645993, -3.7708997262886 ], [ 128.151421660280988, -3.77092824558936 ], [ 128.151413669805009, -3.77097275573526 ], [ 128.151405660443004, -3.77101726588125 ], [ 128.151404049756991, -3.77102834552886 ], [ 128.151399170036001, -3.77106195589166 ], [ 128.151396699597996, -3.77110710545567 ], [ 128.151394220166992, -3.77115227570395 ], [ 128.15139367967501, -3.77116217544106 ], [ 128.151391770413994, -3.7711974360598 ], [ 128.151389360231008, -3.77124260540881 ], [ 128.151386950047993, -3.7712877657646 ], [ 128.151385469763994, -3.7713265562224 ], [ 128.151385229645001, -3.77133294590558 ], [ 128.15138519007499, -3.77137817550918 ], [ 128.151363729552003, -3.7714168760347 ], [ 128.151331149812989, -3.7714443359341 ], [ 128.151288180205, -3.77145784554982 ], [ 128.151245209698999, -3.77147135606492 ], [ 128.151201230152992, -3.77147734554971 ], [ 128.151156239768994, -3.77147574565582 ], [ 128.151111299746987, -3.77147334626458 ], [ 128.151066650205991, -3.77146751595977 ], [ 128.151021999765987, -3.77146168565495 ], [ 128.150985529558994, -3.77143842558956 ], [ 128.150978670428998, -3.77143199543692 ], [ 128.150952619767992, -3.77140755546101 ], [ 128.15091898962001, -3.77137758555392 ], [ 128.150881549943989, -3.77135246569054 ], [ 128.150844110267997, -3.77132734582718 ], [ 128.150805639968013, -3.77130408576184 ], [ 128.15076460030599, -3.77128548598323 ], [ 128.150721430150014, -3.7712776960557 ], [ 128.150676429872988, -3.77127920601742 ], [ 128.150632269563999, -3.77128446615208 ], [ 128.150590999674989, -3.77130254612244 ], [ 128.150549729786007, -3.77132063598542 ], [ 128.150508709908991, -3.77133926544156 ], [ 128.150468000297991, -3.77135858557705 ], [ 128.150427279895013, -3.77137790571256 ], [ 128.150386369735003, -3.77139669614734 ], [ 128.150343439697991, -3.77141035594989 ], [ 128.150300530344992, -3.77142402564498 ], [ 128.15025761020101, -3.77143769623941 ], [ 128.150215270118991, -3.77145295593584 ], [ 128.150173750217988, -3.77147046573608 ], [ 128.150132230318007, -3.77148797553631 ], [ 128.150090900175002, -3.77150587564231 ], [ 128.150050790411996, -3.77152641615777 ], [ 128.150010669857011, -3.77154695577398 ], [ 128.14997056009301, -3.7715674962895 ], [ 128.149930739912008, -3.77158853592869 ], [ 128.149893429738, -3.77161386623344 ], [ 128.149856119563992, -3.77163919563883 ], [ 128.149819119656996, -3.7716649261419 ], [ 128.149784299705999, -3.7716935956294 ], [ 128.149749479755002, -3.77172226601619 ], [ 128.149715339690999, -3.77175170622268 ], [ 128.149683470415994, -3.77178365553756 ], [ 128.149651600240986, -3.77181559585931 ], [ 128.149622890284007, -3.77185010554417 ], [ 128.149598579810998, -3.77188817564501 ], [ 128.149575819767989, -3.77192662615902 ], [ 128.149580249829, -3.77197163542879 ], [ 128.149584689781989, -3.77201663570528 ], [ 128.149600400038992, -3.77205813582034 ], [ 128.149622119565009, -3.77209775545302 ], [ 128.149643890352991, -3.77213734540811 ], [ 128.149669489555009, -3.77217454586452 ], [ 128.149672909677008, -3.77221769623558 ], [ 128.149645779829001, -3.77225127602139 ], [ 128.149609199905001, -3.77227629606001 ], [ 128.149588160265012, -3.77228431621397 ], [ 128.149567099942004, -3.77229234626058 ], [ 128.14952325979101, -3.77229880609081 ], [ 128.149478319769003, -3.77229761628777 ], [ 128.149460749713995, -3.77229480590638 ], [ 128.14943385998501, -3.77229051614018 ], [ 128.149394029911008, -3.77228973552868 ], [ 128.149389089934999, -3.77228963570389 ], [ 128.149344149912991, -3.77229241550834 ], [ 128.149299209891012, -3.77229519621208 ], [ 128.149289579949993, -3.77229577627485 ], [ 128.149254259976004, -3.77229792565455 ], [ 128.149209329846997, -3.77230066588878 ], [ 128.149164379931989, -3.77230339623052 ], [ 128.149119699814008, -3.77230338543868 ], [ 128.149076130358992, -3.77229199552495 ], [ 128.149032560004997, -3.77228060561123 ], [ 128.148991290115987, -3.77226254542598 ], [ 128.148950100267001, -3.77224429548371 ], [ 128.148916310039994, -3.7722322256825 ], [ 128.148907709822993, -3.77222915629639 ], [ 128.148863750061992, -3.77222248602479 ], [ 128.148818720108011, -3.77222244555531 ], [ 128.148773789978009, -3.77222004616406 ], [ 128.148728890426014, -3.77221666561251 ], [ 128.148687080044994, -3.77220300580999 ], [ 128.148647810248008, -3.77218087619238 ], [ 128.148609570176006, -3.77215718625107 ], [ 128.148574199839004, -3.77212921553686 ], [ 128.148537270079004, -3.77210336542392 ], [ 128.148500049837992, -3.77207790561691 ], [ 128.148462850279998, -3.77205240623956 ], [ 128.148425680401004, -3.7720268960705 ], [ 128.14839020034799, -3.77199932555453 ], [ 128.148370829849995, -3.77197983544715 ], [ 128.148358390427006, -3.77196732587752 ], [ 128.148320590123006, -3.771944185422 ], [ 128.148277720341014, -3.7719330158422 ], [ 128.148232720063987, -3.77193129543914 ], [ 128.148217740056992, -3.77193035564756 ], [ 128.148193479945007, -3.77192882590079 ], [ 128.148187819611991, -3.77192846617198 ], [ 128.148143199749001, -3.7719224560027 ], [ 128.14809856999301, -3.77191646561859 ], [ 128.148053940236991, -3.7719104554494 ], [ 128.148009309581994, -3.77190446596452 ], [ 128.147964599786008, -3.77190181566249 ], [ 128.14791972001899, -3.77190552626525 ], [ 128.147874850144007, -3.77190923596861 ], [ 128.147830539647998, -3.7719163756864 ], [ 128.147786849683996, -3.77192730604654 ], [ 128.14774564994201, -3.77194489588639 ], [ 128.147705159764996, -3.77196463600524 ], [ 128.147663680335, -3.77198170603703 ], [ 128.147619039787003, -3.7719876361666 ], [ 128.147575160065998, -3.77197858628888 ], [ 128.14753870964401, -3.77195576599197 ], [ 128.14750879009901, -3.77192196587223 ], [ 128.147466209897999, -3.77191358598937 ], [ 128.147421500102013, -3.77191452578091 ], [ 128.14737696027899, -3.77192118616 ], [ 128.147332440240007, -3.77192627542339 ], [ 128.147287969664006, -3.77191918606778 ], [ 128.147243499988008, -3.7719120859202 ], [ 128.147200399978004, -3.77189915546788 ], [ 128.147157479833993, -3.77188548577275 ], [ 128.147116600250996, -3.77186704607359 ], [ 128.147077159583006, -3.77184521593024 ], [ 128.147037739599995, -3.7718233857869 ], [ 128.147006640144014, -3.77179083572484 ], [ 128.146976029920012, -3.77175767592235 ], [ 128.146947489935002, -3.77172271567719 ], [ 128.146919709877011, -3.77168712590657 ], [ 128.146889200375995, -3.77165396610414 ], [ 128.146857389556999, -3.77162195563527 ], [ 128.146816429934006, -3.7716042758632 ], [ 128.14677419956999, -3.77158859618331 ], [ 128.14673047003501, -3.77158128559444 ], [ 128.146685449974001, -3.77158124602424 ], [ 128.146640420019992, -3.77158119566223 ], [ 128.146598150084998, -3.77159468549285 ], [ 128.146556739901996, -3.77161245609646 ], [ 128.14651588999601, -3.77163121595434 ], [ 128.146479220140009, -3.77165746626555 ], [ 128.146442550283012, -3.77168370578488 ], [ 128.146405539584009, -3.77170941560345 ], [ 128.146366279679995, -3.77173155601294 ], [ 128.146326970313993, -3.77175354623553 ], [ 128.146282349551001, -3.77175960586749 ], [ 128.14623771979501, -3.77176568618383 ], [ 128.146196750280012, -3.77178082627043 ], [ 128.146160420367011, -3.77180754602776 ], [ 128.146124540115011, -3.77183484584774 ], [ 128.146089790312004, -3.77186361605926 ], [ 128.146055039608001, -3.77189238627082 ], [ 128.146020299697, -3.77192114569052 ], [ 128.145980580240007, -3.77194204593485 ], [ 128.14593990030599, -3.7719614362175 ], [ 128.145899220372996, -3.77198082560078 ], [ 128.145858550332008, -3.7720002059908 ], [ 128.145817859607007, -3.77201959627345 ], [ 128.145777489939007, -3.77203955582688 ], [ 128.145738700381003, -3.77206251551874 ], [ 128.145699909922996, -3.77208548600238 ], [ 128.145660210250014, -3.77210635566977 ], [ 128.145616999624991, -3.77211907568075 ], [ 128.145573719751013, -3.77213150611008 ], [ 128.145530029787011, -3.77214243557093 ], [ 128.145486329930009, -3.77215335603849 ], [ 128.145442639966006, -3.77216428549933 ], [ 128.14539895000101, -3.77217520596688 ], [ 128.145356090111989, -3.77218901595621 ], [ 128.145313359724014, -3.77220326571403 ], [ 128.145270620343013, -3.7722175262637 ], [ 128.145227630051011, -3.77223080565305 ], [ 128.145183610036014, -3.77224031598365 ], [ 128.145139599912994, -3.77224983620682 ], [ 128.145095579897003, -3.7722593357456 ], [ 128.145051559882006, -3.77226885596873 ], [ 128.145008049782007, -3.77228047610886 ], [ 128.144964670083993, -3.77229253601752 ], [ 128.144921269701001, -3.77230459592614 ], [ 128.144877870218011, -3.7723166558348 ], [ 128.144835059790012, -3.77233053597122 ], [ 128.144792820432002, -3.77234619586599 ], [ 128.144750580175014, -3.7723618656533 ], [ 128.144707849788006, -3.77237477542125 ], [ 128.144662819833002, -3.77237472595856 ], [ 128.144617799771993, -3.77237468548905 ], [ 128.144572830072008, -3.77237516572702 ], [ 128.14452891977399, -3.77238514550377 ], [ 128.144485010375007, -3.77239512617981 ], [ 128.144440680092998, -3.77240247543954 ], [ 128.144395830003987, -3.772406506201 ], [ 128.144350979914009, -3.77241053606305 ], [ 128.144306139717003, -3.77241456592515 ], [ 128.144262429967, -3.7724251059795 ], [ 128.144218939652006, -3.7724368061593 ], [ 128.144175610316012, -3.77244897578523 ], [ 128.144133930337006, -3.77246610607153 ], [ 128.144092260250005, -3.77248323545853 ], [ 128.144050590163005, -3.77250035585234 ], [ 128.144008920076004, -3.77251748613862 ], [ 128.143967249989004, -3.77253461552564 ], [ 128.143925579902003, -3.77255174581195 ], [ 128.143882069802004, -3.7725620457473 ], [ 128.143837479615996, -3.77256840575282 ], [ 128.143792900221996, -3.77257475586577 ], [ 128.143748319928989, -3.77258110597874 ], [ 128.143703870037996, -3.77258825558902 ], [ 128.143659529862987, -3.77259606620099 ], [ 128.143615179796996, -3.77260387591362 ], [ 128.14357082973001, -3.77261169551875 ], [ 128.143527719828995, -3.7726240459084 ], [ 128.143485629758004, -3.77264010600152 ], [ 128.143443529795007, -3.77265615620206 ], [ 128.143401439725011, -3.77267221629514 ], [ 128.143359349653991, -3.77268827548892 ], [ 128.143317669675014, -3.77270532573551 ], [ 128.143276770307011, -3.77272424567275 ], [ 128.143235870039007, -3.77274315571737 ], [ 128.143194840270013, -3.7727616862481 ], [ 128.143150830146993, -3.77277120557196 ], [ 128.143106810131002, -3.77278070601006 ], [ 128.143062790116005, -3.77279022623321 ], [ 128.143018770100014, -3.77279973566451 ], [ 128.142975019880993, -3.77281037554361 ], [ 128.142931390172009, -3.77282159548545 ], [ 128.142887780247008, -3.77283281542733 ], [ 128.142844160430002, -3.77284403626843 ], [ 128.142800459673992, -3.77285493605163 ], [ 128.142756689669994, -3.77286550578361 ], [ 128.142712899880991, -3.77287607551564 ], [ 128.142669119983992, -3.77288660567745 ], [ 128.14262506039799, -3.77289594603621 ], [ 128.142580999913008, -3.77290527560314 ], [ 128.142536950220006, -3.77291462585443 ], [ 128.142492809695995, -3.77292350576031 ], [ 128.142448160154999, -3.77292930548817 ], [ 128.142403509714001, -3.77293511600788 ], [ 128.142358799919009, -3.77294046607474 ], [ 128.142314029868999, -3.7729452360789 ], [ 128.142269249925988, -3.77295000608301 ], [ 128.142224700209994, -3.77295599556783 ], [ 128.142181100177993, -3.77296725597912 ], [ 128.142137480360987, -3.77297851549116 ], [ 128.142093880327991, -3.77298977590248 ], [ 128.142050249719006, -3.77300099584432 ], [ 128.142006629901999, -3.77301218610853 ], [ 128.141963010084993, -3.7730233655809 ], [ 128.141919380374986, -3.77303455584512 ], [ 128.141875749766001, -3.77304574610928 ], [ 128.141832069694004, -3.77305671603958 ], [ 128.141788369837997, -3.7730676356079 ], [ 128.141744689766, -3.77307856596801 ], [ 128.141700989908998, -3.77308948553629 ], [ 128.141657499594004, -3.77310119560858 ], [ 128.141614209827992, -3.77311356578338 ], [ 128.141570379569004, -3.77312390618821 ], [ 128.141526460277987, -3.77313388596495 ], [ 128.141482540086997, -3.77314386574174 ], [ 128.141438629789008, -3.77315383562588 ], [ 128.141394709597989, -3.77316381540255 ], [ 128.141350130203989, -3.77316894603491 ], [ 128.141305159605992, -3.77317128607087 ], [ 128.141292778237897, -3.773172093680717 ], [ 128.141260240267997, -3.77317421606208 ], [ 128.141215359601006, -3.77317792576549 ], [ 128.141170489725994, -3.77318163546894 ], [ 128.141125619852005, -3.77318534607167 ], [ 128.141080939733996, -3.7731904155501 ], [ 128.141036829786003, -3.77319949600474 ], [ 128.140992709946005, -3.77320856566756 ], [ 128.140948609891012, -3.7732176461223 ], [ 128.140904740062012, -3.77322768615354 ], [ 128.140861649945009, -3.7732408162554 ], [ 128.140818559829, -3.77325393556544 ], [ 128.140774940011994, -3.77326487581814 ], [ 128.14073068977001, -3.77327324580839 ], [ 128.140686440427004, -3.77328159601359 ], [ 128.140642200077991, -3.77328995611134 ], [ 128.140597959728012, -3.77329836567174 ], [ 128.140553800318003, -3.77330719611492 ], [ 128.140509640007991, -3.77331601576622 ], [ 128.140465469806003, -3.77332484620937 ], [ 128.14042170969401, -3.77333537547189 ], [ 128.140378259849001, -3.77334722583845 ], [ 128.140334810003992, -3.77335909599017 ], [ 128.140291360157988, -3.77337094545744 ], [ 128.140264696158994, -3.77338014282393 ], [ 128.140248830318995, -3.77338561609793 ], [ 128.140206910220996, -3.77340210606692 ], [ 128.140164980229997, -3.773418596036 ], [ 128.140122970199002, -3.7734348557785 ], [ 128.140080360320013, -3.77344944548006 ], [ 128.140037739650012, -3.77346403608097 ], [ 128.139995119878989, -3.77347863567503 ], [ 128.139952500107995, -3.77349323616843 ], [ 128.139909449561003, -3.77350637616286 ], [ 128.139865919676993, -3.77351795583348 ], [ 128.139822399683993, -3.773529546296 ], [ 128.139778869798988, -3.77354112596665 ], [ 128.139735349807012, -3.7735527056373 ], [ 128.139691819922007, -3.77356428620727 ], [ 128.139648299929007, -3.77357587577045 ], [ 128.139604779937002, -3.77358745544111 ], [ 128.139561250051997, -3.77359903601106 ], [ 128.139517730058998, -3.77361061568175 ], [ 128.139474190281987, -3.77362213599712 ], [ 128.139429190004989, -3.7736234957721 ], [ 128.139384189728986, -3.77362486543959 ], [ 128.139339179560011, -3.77362623600638 ], [ 128.139294170289986, -3.77362717579786 ], [ 128.139249140336005, -3.77362712543586 ], [ 128.139204120274002, -3.77362708586565 ], [ 128.139159090319993, -3.77362703550363 ], [ 128.13911443987999, -3.77363232621528 ], [ 128.139069859585987, -3.77363867542883 ], [ 128.139028519551005, -3.77365290540158 ], [ 128.138992460334009, -3.77368000557212 ], [ 128.138956410110012, -3.77370708595753 ], [ 128.138920340102004, -3.77373416544364 ], [ 128.138883080289986, -3.77375953621783 ], [ 128.138843930103008, -3.77378066578931 ], [ 128.138799859725992, -3.77378993600092 ], [ 128.138755790248013, -3.77379920621258 ], [ 128.138711719870003, -3.77380848541748 ], [ 128.138667650391994, -3.77381774573653 ], [ 128.138622880342012, -3.77382094552438 ], [ 128.138577860280009, -3.77382212543494 ], [ 128.138532850111005, -3.77382330624476 ], [ 128.138487839942002, -3.77382447626273 ], [ 128.138442829772998, -3.77382508600307 ], [ 128.138397799818989, -3.77382503564101 ], [ 128.138352779757014, -3.77382499607088 ], [ 128.138307749803005, -3.7738249556014 ], [ 128.138262799887997, -3.77382636573837 ], [ 128.138218029837986, -3.77383110606484 ], [ 128.138173249895999, -3.7738358355995 ], [ 128.138128469952989, -3.773840575926 ], [ 128.138083690010006, -3.77384531625247 ], [ 128.138038910067991, -3.77385005567965 ], [ 128.137995360398008, -3.77386120547436 ], [ 128.137952059839989, -3.77387357564912 ], [ 128.137908750289, -3.77388595571639 ], [ 128.137865160149005, -3.77389721612771 ], [ 128.137821249850987, -3.77390719590446 ], [ 128.137777329659997, -3.77391716578863 ], [ 128.137733750312009, -3.77392854580982 ], [ 128.137690240212009, -3.77394015605743 ], [ 128.137646720220005, -3.77395175551309 ], [ 128.137602790137009, -3.77396023612 ], [ 128.137557770075006, -3.77396019565052 ], [ 128.137512740120997, -3.77396014618778 ], [ 128.137468020433005, -3.77396376595901 ], [ 128.137423600218995, -3.77397115568825 ], [ 128.137379180005013, -3.77397854541752 ], [ 128.137334759791003, -3.77398593604609 ], [ 128.137290639951004, -3.77399468555026 ], [ 128.137247330399987, -3.77400706561753 ], [ 128.137204019949991, -3.7740194456848 ], [ 128.137160720291007, -3.77403182575208 ], [ 128.137116739845993, -3.77404069576544 ], [ 128.137071959903011, -3.77404539562244 ], [ 128.137027179960995, -3.77405007569434 ], [ 128.136982390125013, -3.77405476565884 ], [ 128.136939200184003, -3.77406547568506 ], [ 128.136897979758004, -3.77408368605717 ], [ 128.136856770124012, -3.77410190542241 ], [ 128.136815559589991, -3.77412011579456 ], [ 128.136775000166011, -3.77413969583414 ], [ 128.136734980335007, -3.77416043599909 ], [ 128.136694970397002, -3.77418117616411 ], [ 128.136655039598992, -3.77420208540172 ], [ 128.136615820163996, -3.77422429595818 ], [ 128.136576599829993, -3.774246515508 ], [ 128.136535429766013, -3.77426234627394 ], [ 128.136490549998996, -3.77426605597741 ], [ 128.136445680124012, -3.77426976568084 ], [ 128.136400740102005, -3.77426857587776 ], [ 128.136355770402986, -3.77426626551944 ], [ 128.136318349611997, -3.77428644540681 ], [ 128.136283939751991, -3.77431562570918 ], [ 128.136240819958005, -3.77432742571374 ], [ 128.136197010383995, -3.77433785605079 ], [ 128.136152500238012, -3.77433877605726 ], [ 128.136107650148006, -3.77433481544298 ], [ 128.136062770380988, -3.77433136564364 ], [ 128.13601777999699, -3.77432958588531 ], [ 128.135972789612993, -3.77432780612695 ], [ 128.135927769550989, -3.77432689601309 ], [ 128.135882750388987, -3.77432685554358 ], [ 128.135837720435006, -3.77432680608085 ], [ 128.135793970216014, -3.77433307615415 ], [ 128.135752519562999, -3.77435073614116 ], [ 128.135711059917014, -3.77436837544372 ], [ 128.135669600271996, -3.77438601564571 ], [ 128.135628139727004, -3.7744036756327 ], [ 128.135610969869987, -3.77441057613068 ], [ 128.135586340137991, -3.77442047586778 ], [ 128.135544459609008, -3.77443706566154 ], [ 128.135502570087993, -3.77445365545531 ], [ 128.135460679667005, -3.77447024614843 ], [ 128.135418790144996, -3.7744868260496 ], [ 128.135376430278001, -3.77450213610811 ], [ 128.135334010155987, -3.77451730587235 ], [ 128.135306016958992, -3.77452731712538 ], [ 128.135291590034996, -3.77453247563662 ], [ 128.135250830062006, -3.77455155565315 ], [ 128.135210529641995, -3.77457173554052 ], [ 128.135170240014986, -3.77459192621972 ], [ 128.135129950387011, -3.77461210610715 ], [ 128.135094259892014, -3.77463933578007 ], [ 128.135059779885012, -3.77466842615024 ], [ 128.135025790008001, -3.77469804622112 ], [ 128.134993909940988, -3.77472999553604 ], [ 128.134980849985993, -3.77474308606772 ], [ 128.134962039766009, -3.77476193585781 ], [ 128.134919990165997, -3.77477384557962 ], [ 128.134875530381009, -3.77478100598182 ], [ 128.134868389763994, -3.7747821562147 ], [ 128.134831079591009, -3.77478815559206 ], [ 128.134786369794995, -3.77479033554861 ], [ 128.13474140998801, -3.77478778597068 ], [ 128.134699800156, -3.77478202581296 ], [ 128.134696899841998, -3.77478162561469 ], [ 128.134652649600014, -3.77477324573186 ], [ 128.134607689793, -3.7747724561271 ], [ 128.134517909573987, -3.77477621619257 ], [ 128.134473330179986, -3.77478256540617 ], [ 128.134428749887007, -3.7747889155192 ], [ 128.134387040229996, -3.77480432540239 ], [ 128.134346989822006, -3.77482499542031 ], [ 128.134306940312996, -3.77484566543816 ], [ 128.134266889905007, -3.77486632556351 ], [ 128.134226079569999, -3.77488542626442 ], [ 128.134185010229999, -3.77490394600333 ], [ 128.134143930097991, -3.77492246574219 ], [ 128.134102849967007, -3.77494098548104 ], [ 128.134061660117993, -3.77495922553078 ], [ 128.134019210318002, -3.77497430626217 ], [ 128.133976759619998, -3.77498938609418 ], [ 128.133934309821001, -3.77500446592626 ], [ 128.133893090294009, -3.77502248564207 ], [ 128.133852570440013, -3.77504221586839 ], [ 128.133812070370993, -3.77506196587986 ], [ 128.133771560409002, -3.77508170599874 ], [ 128.133731230312009, -3.77510181573902 ], [ 128.133691330091011, -3.77512276544606 ], [ 128.133651410085008, -3.7751437160524 ], [ 128.133611509862988, -3.77516464597433 ], [ 128.133571599750013, -3.77518559568144 ], [ 128.133531400054011, -3.77520595543313 ], [ 128.133490649973993, -3.77522517574395 ], [ 128.13344989, -3.7752443960547 ], [ 128.133433319992008, -3.77525220576735 ], [ 128.13340913002699, -3.77526359568107 ], [ 128.133368749568007, -3.7752835759189 ], [ 128.133358140266012, -3.77528922545996 ], [ 128.13332895996399, -3.7753047558524 ], [ 128.133289170359006, -3.77532593578581 ], [ 128.133249389747988, -3.77534710582681 ], [ 128.133207469648994, -3.77536289612326 ], [ 128.133164050380998, -3.77537487599224 ], [ 128.133120640105005, -3.77538685586119 ], [ 128.133077100327995, -3.77539838606912 ], [ 128.133033410363993, -3.7754093056374 ], [ 128.132989709608012, -3.77542023599752 ], [ 128.132966159960006, -3.7754262254824 ], [ 128.132946070005005, -3.77543133543022 ], [ 128.13290248975801, -3.77544270555881 ], [ 128.132890589928991, -3.77544581541449 ], [ 128.132858910410988, -3.77545407568746 ], [ 128.132816299632992, -3.77546863571135 ], [ 128.132773779686005, -3.77548352578649 ], [ 128.132738719615986, -3.77550230542945 ], [ 128.132734269770992, -3.77550468593488 ], [ 128.132696169991988, -3.77552879585957 ], [ 128.132658170039008, -3.77555303618597 ], [ 128.132629739771005, -3.77557147588518 ], [ 128.132620340057002, -3.77557757598665 ], [ 128.132582170131002, -3.77560153572453 ], [ 128.132542609853999, -3.77562313564149 ], [ 128.132536030414002, -3.77562673562761 ], [ 128.132503070261009, -3.77564475624274 ], [ 128.132461589931012, -3.77566182627447 ], [ 128.132450440136012, -3.77566534622094 ], [ 128.132418640108, -3.77567540603738 ], [ 128.132375159686006, -3.77567816605669 ], [ 128.132343050292008, -3.77567141574541 ], [ 128.132331090207998, -3.7756688958451 ], [ 128.132287019829988, -3.77565963552594 ], [ 128.132246380366013, -3.77566121563482 ], [ 128.13224217963301, -3.77566137571409 ], [ 128.132198250448994, -3.77566877623523 ], [ 128.132156430175002, -3.77568553600086 ], [ 128.132116379767012, -3.77570595600718 ], [ 128.132077389659997, -3.77572857575532 ], [ 128.132038399553011, -3.77575118561085 ], [ 128.131999410344008, -3.77577380625823 ], [ 128.131967749712004, -3.77579190601373 ], [ 128.131953550316013, -3.77579189612115 ], [ 128.131945510376994, -3.77579848545384 ], [ 128.131915839944014, -3.77580316552571 ], [ 128.131871360374987, -3.77581016584853 ], [ 128.131826780082008, -3.775816525854 ], [ 128.131782189896001, -3.77582287596701 ], [ 128.131767968916989, -3.77582849493109 ], [ 128.131740630426009, -3.77583929578889 ], [ 128.131699960384992, -3.77585869596406 ], [ 128.131660099734006, -3.77587958541647 ], [ 128.131621890237994, -3.77590351547683 ], [ 128.131582449570004, -3.77592500567638 ], [ 128.13154070034301, -3.77594195609829 ], [ 128.131498950216013, -3.77595889572835 ], [ 128.131478430384988, -3.77596722614839 ], [ 128.131457209981988, -3.77597584615022 ], [ 128.131415039871996, -3.77599125603344 ], [ 128.131402419685998, -3.77599330558842 ], [ 128.131370589981003, -3.77599847579083 ], [ 128.131326140088987, -3.77600569554825 ], [ 128.131281690197994, -3.77601291620496 ], [ 128.131237240306007, -3.77602013596231 ], [ 128.131194160082003, -3.77603248545263 ], [ 128.131152030441996, -3.77604845561351 ], [ 128.131109909794986, -3.77606443566694 ], [ 128.131067790047013, -3.77608041572037 ], [ 128.131024479595993, -3.77609276611003 ], [ 128.130981119683014, -3.77610496541356 ], [ 128.130939449596013, -3.77612179622566 ], [ 128.130898480080987, -3.776140565976 ], [ 128.130858220130989, -3.77616041581224 ], [ 128.130824539620988, -3.77619042618888 ], [ 128.130788359895007, -3.7762169660817 ], [ 128.130749310432009, -3.7762394860051 ], [ 128.130710269963004, -3.77626200592839 ], [ 128.130667119592005, -3.77627428617086 ], [ 128.130658510382005, -3.77627643555061 ], [ 128.130623429628002, -3.77628520573918 ], [ 128.130582569830011, -3.77629238592636 ], [ 128.130579139815012, -3.77629298577424 ], [ 128.130534519951993, -3.77629905619803 ], [ 128.130492089938002, -3.7763048154564 ], [ 128.130489890196003, -3.77630511582994 ], [ 128.130448329827004, -3.77632076583213 ], [ 128.130432810226011, -3.77632904589029 ], [ 128.130408560006998, -3.77634197544324 ], [ 128.130368899904994, -3.7763633757107 ], [ 128.130327829665987, -3.77638101591257 ], [ 128.130299359828001, -3.77638751621234 ], [ 128.13029735973501, -3.77638665556118 ], [ 128.130287120054987, -3.77639031580189 ], [ 128.13028393015901, -3.77639104605135 ], [ 128.130240019860992, -3.77640108608268 ], [ 128.130237689718001, -3.77640127583961 ], [ 128.130195200347998, -3.77640477600102 ], [ 128.130179249972997, -3.77640582550987 ], [ 128.130150270218991, -3.77640773566987 ], [ 128.130105260049987, -3.77640811608309 ], [ 128.130060290350002, -3.77640843624175 ], [ 128.130017210125999, -3.77642160591375 ], [ 128.129974139794996, -3.77643477558581 ], [ 128.129935632622988, -3.77645526843729 ], [ 128.129928682663007, -3.77647225752999 ], [ 128.129903241741005, -3.77648243515759 ], [ 128.129825223755006, -3.77652924576934 ], [ 128.129778413142986, -3.77651364163258 ], [ 128.129731601631988, -3.77641221789093 ], [ 128.129676989401986, -3.77642782202774 ], [ 128.129606772134991, -3.77649803749578 ], [ 128.129559960623993, -3.7765916596186 ], [ 128.12954435738601, -3.77667748102204 ], [ 128.129107454146009, -3.77684131861293 ], [ 128.129106847103003, -3.77684261993193 ], [ 128.129096639798007, -3.77684687552379 ], [ 128.129055049751003, -3.77686419556711 ], [ 128.129013459703003, -3.77688153539546 ], [ 128.128972320216008, -3.77689990584686 ], [ 128.128931240084995, -3.77691842558573 ], [ 128.128890159952988, -3.77693694622391 ], [ 128.128862600229013, -3.77694936586137 ], [ 128.128849079821009, -3.77695545607024 ], [ 128.128828149898993, -3.77696489625377 ], [ 128.128807999689997, -3.77697397580914 ], [ 128.128766229777995, -3.77699003590218 ], [ 128.128721580236999, -3.77699592556229 ], [ 128.128676939689001, -3.77700181612169 ], [ 128.128632300041005, -3.77700770578177 ], [ 128.128587660391986, -3.77701358554927 ], [ 128.128543019843988, -3.77701947610871 ], [ 128.128498429659004, -3.77702191596942 ], [ 128.128453979766988, -3.77701468542018 ], [ 128.128409529875995, -3.77700746566278 ], [ 128.128365079984007, -3.77700024590544 ], [ 128.128320630092986, -3.77699303604059 ], [ 128.128277379897014, -3.77698177562927 ], [ 128.12823625030299, -3.77696337550019 ], [ 128.128195119808993, -3.77694496547862 ], [ 128.128156199849002, -3.77692236551562 ], [ 128.128117799697009, -3.77689874572142 ], [ 128.128072890252014, -3.77689827627528 ], [ 128.128027860298005, -3.77689822591327 ], [ 128.127983149603011, -3.77689369602815 ], [ 128.127938539631998, -3.77688754556467 ], [ 128.127893890091002, -3.77688165590459 ], [ 128.127849250443006, -3.77687581570725 ], [ 128.127804560431997, -3.77687084605362 ], [ 128.127759570047999, -3.77687268606653 ], [ 128.127714600349009, -3.77687470594383 ], [ 128.127670109988003, -3.77688166579717 ], [ 128.127625619626997, -3.77688862565042 ], [ 128.127581130164998, -3.77689558550373 ], [ 128.127536649696992, -3.77690255614887 ], [ 128.127492990309008, -3.77691315555859 ], [ 128.127449970339995, -3.77692649610175 ], [ 128.127406939579004, -3.77693981596061 ], [ 128.127363909716991, -3.77695314571192 ], [ 128.127346940409012, -3.77695988613067 ], [ 128.12732208045, -3.77696976608267 ], [ 128.127280600120002, -3.77698736581507 ], [ 128.127273810237995, -3.77699024544427 ], [ 128.12723912968201, -3.77700496554754 ], [ 128.12722289961701, -3.777011856153 ], [ 128.127197650250992, -3.77702256617924 ], [ 128.127156179813994, -3.7770401758042 ], [ 128.127136210368008, -3.77705132559892 ], [ 128.127117599797003, -3.77706171546649 ], [ 128.127088649721003, -3.77709635555297 ], [ 128.127059689752997, -3.77713098574706 ], [ 128.127030739676997, -3.77716562583357 ], [ 128.127022509981003, -3.77717564607977 ], [ 128.127002099867013, -3.77720049614652 ], [ 128.126978679721987, -3.77723911573314 ], [ 128.126955249685011, -3.77727774611153 ], [ 128.126931830439986, -3.77731637559072 ], [ 128.126908400401987, -3.77735499607658 ], [ 128.126879710230014, -3.77738985559769 ], [ 128.126850969696989, -3.77742466565609 ], [ 128.126822230062004, -3.77745947571452 ], [ 128.126786619607003, -3.77748645627519 ], [ 128.126748560298012, -3.77751060577004 ], [ 128.126710490197013, -3.77753476605683 ], [ 128.126673189916005, -3.77756008556969 ], [ 128.126636279939987, -3.77758598604456 ], [ 128.126611230224, -3.77760355609936 ], [ 128.126599360071992, -3.77761187572762 ], [ 128.126583180369011, -3.77762436551217 ], [ 128.126563700155003, -3.77763941566662 ], [ 128.12652900970599, -3.77766791608151 ], [ 128.126494199647993, -3.77767162578495 ], [ 128.126484239656008, -3.77767268608563 ], [ 128.126454960427992, -3.77767580583381 ], [ 128.126439459712998, -3.77767745608977 ], [ 128.126395800326009, -3.77767124627107 ], [ 128.126352909859008, -3.77765748574442 ], [ 128.126342539776005, -3.77765357549219 ], [ 128.126310800003012, -3.77764159562319 ], [ 128.126269209956007, -3.77762426568742 ], [ 128.126227610016002, -3.77760693575161 ], [ 128.126183570216, -3.77759815567047 ], [ 128.126139189572001, -3.77759050603715 ], [ 128.126094809828004, -3.77758283571945 ], [ 128.126050260110986, -3.77757797578313 ], [ 128.126005290411996, -3.77757998576793 ], [ 128.125960300027998, -3.77758198586008 ], [ 128.125946230133991, -3.77758261628484 ], [ 128.125915320436008, -3.77758399584486 ], [ 128.125871500069991, -3.77759213560868 ], [ 128.125828950445992, -3.77760691596654 ], [ 128.125786390029987, -3.77762168553246 ], [ 128.125776618895998, -3.77762508317113 ], [ 128.125772470323, -3.77762652568365 ], [ 128.125743840405988, -3.77763647578283 ], [ 128.125701279990011, -3.77765124624811 ], [ 128.125660619841995, -3.77767066620838 ], [ 128.125619959693012, -3.77769010595362 ], [ 128.125579310337002, -3.77770954569901 ], [ 128.125538650188986, -3.77772897555182 ], [ 128.125501420054007, -3.77775415566973 ], [ 128.125465139605012, -3.77778094557409 ], [ 128.125428860054001, -3.77780773547851 ], [ 128.125392579604011, -3.77783451549043 ], [ 128.125360909978014, -3.77786635598737 ], [ 128.125331209867994, -3.77790034586409 ], [ 128.125301499864008, -3.77793433574076 ], [ 128.125271799753989, -3.77796833551002 ], [ 128.125242089750998, -3.77800232628603 ], [ 128.125212389640012, -3.77803630627018 ], [ 128.125182690429, -3.77807029614693 ], [ 128.125152980426009, -3.77810428602357 ], [ 128.125134549720002, -3.77814375546948 ], [ 128.125126439633988, -3.77818825572298 ], [ 128.125118340338986, -3.77823273619125 ], [ 128.125110240145005, -3.77827722565283 ], [ 128.125102139951991, -3.77832171601377 ], [ 128.125102680444996, -3.77836656610348 ], [ 128.12510712039699, -3.77841157627249 ], [ 128.125111560350007, -3.77845659543476 ], [ 128.125119710006999, -3.77850043558576 ], [ 128.125134930132987, -3.77852821564378 ], [ 128.125141419641011, -3.77854006601036 ], [ 128.125154809647, -3.77856449609374 ], [ 128.125163130174002, -3.77857968564309 ], [ 128.12516868978301, -3.77861877557503 ], [ 128.125139880001996, -3.77864966548869 ], [ 128.125095240353005, -3.77865560551079 ], [ 128.125050599805007, -3.77866153564034 ], [ 128.125039899672004, -3.77866099604711 ], [ 128.125006110344003, -3.77865930622104 ], [ 128.124964280177011, -3.77865226542871 ], [ 128.124961700022993, -3.77865182566023 ], [ 128.124946489789011, -3.7786468155371 ], [ 128.124919389617986, -3.77863789606111 ], [ 128.124879139560989, -3.77861763613406 ], [ 128.12484071962399, -3.77859413594972 ], [ 128.124802869857007, -3.77856964561175 ], [ 128.124776380326011, -3.77855251622473 ], [ 128.124765010196995, -3.77854515617315 ], [ 128.124754339741003, -3.77858200589394 ], [ 128.124747129875999, -3.77862664554231 ], [ 128.124739630430014, -3.7786712357279 ], [ 128.124732989835991, -3.7787044162148 ], [ 128.124730749624007, -3.77871557590207 ], [ 128.124714280339987, -3.77875645548498 ], [ 128.12470137956501, -3.77877336543734 ], [ 128.124686889688007, -3.77879235552163 ], [ 128.124650909612001, -3.77881612550257 ], [ 128.124608170230999, -3.77883038605236 ], [ 128.124563990136011, -3.77883665612562 ], [ 128.124522679778011, -3.77883842599138 ], [ 128.124518999752013, -3.77883858607069 ], [ 128.124474030052994, -3.77884085595954 ], [ 128.124429769918009, -3.77884546588438 ], [ 128.124391859896008, -3.77886987618261 ], [ 128.124362100431, -3.77890274550406 ], [ 128.124336539898991, -3.77893998553062 ], [ 128.124299950083014, -3.77896624573433 ], [ 128.124261649754999, -3.77898768557189 ], [ 128.12421662969399, -3.77898834567427 ], [ 128.124171609631986, -3.77898899588408 ], [ 128.124126589571006, -3.77898965598647 ], [ 128.124081559616002, -3.77899030619635 ], [ 128.124036539554993, -3.77899096539936 ], [ 128.123991569855008, -3.77899283598921 ], [ 128.123946610047994, -3.77899545571436 ], [ 128.123901670025987, -3.77899805565439 ], [ 128.123863250088988, -3.77901713567089 ], [ 128.123828850120987, -3.77904631597324 ], [ 128.123794450154008, -3.77907548548384 ], [ 128.123761599717994, -3.77910637539746 ], [ 128.123729730442989, -3.77913831571922 ], [ 128.123697850376004, -3.77917026593347 ], [ 128.123661759682989, -3.77919676625617 ], [ 128.123623120311009, -3.77921999574462 ], [ 128.123584489932, -3.77924322613232 ], [ 128.123545859554014, -3.77926644572827 ], [ 128.123504919715998, -3.77928443576649 ], [ 128.123461780137006, -3.77929738600386 ], [ 128.123418639659008, -3.77931033624134 ], [ 128.123375500078993, -3.77932328557946 ], [ 128.123333150104997, -3.77933862621491 ], [ 128.123290979995005, -3.77935445608153 ], [ 128.123248809885013, -3.77937029584073 ], [ 128.123210440310004, -3.77939361616069 ], [ 128.123172940378993, -3.77941867576947 ], [ 128.123135460232987, -3.77944371559319 ], [ 128.123097960302999, -3.77946876620876 ], [ 128.123059949556989, -3.77949297595821 ], [ 128.123021040389006, -3.77951571621544 ], [ 128.122982120428986, -3.77953846546591 ], [ 128.122943210361001, -3.77956121561567 ], [ 128.12290429040101, -3.77958395587289 ], [ 128.122863470173002, -3.77960235600195 ], [ 128.122820450203989, -3.77961567586071 ], [ 128.122777420342004, -3.77962900561207 ], [ 128.122734389581012, -3.77964234615534 ], [ 128.122691359718004, -3.7796556660141 ], [ 128.122648329856986, -3.77966899576547 ], [ 128.122605309887007, -3.77968231562431 ], [ 128.122562280024994, -3.77969564627497 ], [ 128.122545346690003, -3.77969947468891 ], [ 128.122518410196989, -3.7797055657971 ], [ 128.122505659609004, -3.77970802544294 ], [ 128.122474189631987, -3.77971409586674 ], [ 128.122429979859987, -3.77972262593631 ], [ 128.122385750301987, -3.77973114611336 ], [ 128.122341539630014, -3.77973966629039 ], [ 128.122297319965014, -3.77974818556816 ], [ 128.122253100299986, -3.77975671563778 ], [ 128.122208879736007, -3.7797652358148 ], [ 128.122164660071007, -3.77977375599186 ], [ 128.122120440406007, -3.77978228606148 ], [ 128.122075959938002, -3.77978905615781 ], [ 128.122031189887991, -3.77979385583959 ], [ 128.121986419836986, -3.77979865552134 ], [ 128.121941639894999, -3.77980344620987 ], [ 128.121896869844988, -3.77980824589165 ], [ 128.121852109687012, -3.77981303568082 ], [ 128.121807339637002, -3.77981783626192 ], [ 128.121762559693991, -3.7798226260511 ], [ 128.121717789644009, -3.7798274158403 ], [ 128.121673019593999, -3.77983221552209 ], [ 128.121628239652011, -3.77983701610314 ], [ 128.121583469601006, -3.7798418058924 ], [ 128.121538699550996, -3.77984660557415 ], [ 128.121493930400987, -3.77985139626267 ], [ 128.121449149558998, -3.77985619594438 ], [ 128.121404380407995, -3.77986098573359 ], [ 128.121359610358013, -3.77986577552284 ], [ 128.121314850200008, -3.77987058599643 ], [ 128.121270070257992, -3.77987537578566 ], [ 128.121225400031989, -3.77988078610707 ], [ 128.121181360231986, -3.77989022539127 ], [ 128.121137320430989, -3.7798996457897 ], [ 128.121093289624014, -3.77990907608063 ], [ 128.121049249822988, -3.77991850547229 ], [ 128.121005219914991, -3.77992793576329 ], [ 128.120961180114989, -3.77993737594678 ], [ 128.120917150205997, -3.7799467954459 ], [ 128.120873099613988, -3.77995623562937 ], [ 128.120829069705991, -3.77996565602782 ], [ 128.120785029904994, -3.77997508541948 ], [ 128.120740990104991, -3.77998452560298 ], [ 128.120696960196994, -3.77999394600141 ], [ 128.120652920395997, -3.78000338618487 ], [ 128.120608889588993, -3.78001280568398 ], [ 128.120564849787996, -3.7800222359749 ], [ 128.120520819879999, -3.78003166626592 ], [ 128.120476780079002, -3.78004109565755 ], [ 128.120432740279, -3.78005053584112 ], [ 128.120388710371003, -3.78005995623953 ], [ 128.120344669670999, -3.78006939552369 ], [ 128.120301090323011, -3.78008076565229 ], [ 128.120257560438006, -3.78009230575279 ], [ 128.120214029653994, -3.78010385574587 ], [ 128.120170489875989, -3.78011538595375 ], [ 128.120126950099007, -3.78012692605426 ], [ 128.120083420214002, -3.78013847604724 ], [ 128.120039880435996, -3.78015001614773 ], [ 128.119996349652013, -3.78016155624823 ], [ 128.119952819767008, -3.78017309544941 ], [ 128.119909279989002, -3.78018463554987 ], [ 128.119865740211992, -3.78019618554287 ], [ 128.119822210326987, -3.78020772564337 ], [ 128.119778669650003, -3.78021925585128 ], [ 128.119735139764998, -3.78023080584432 ], [ 128.119691609879993, -3.78024234594486 ], [ 128.119648060210011, -3.78025388604534 ], [ 128.119604530325006, -3.78026542614574 ], [ 128.11956106968799, -3.78027722615032 ], [ 128.119517629734986, -3.78028913587221 ], [ 128.119474199675011, -3.78030104559399 ], [ 128.119430759722007, -3.78031296610769 ], [ 128.119387319769004, -3.78032487582963 ], [ 128.119343889709, -3.78033679544397 ], [ 128.119300449755997, -3.78034869617257 ], [ 128.119257019695993, -3.78036061578701 ], [ 128.11921357974299, -3.78037252550884 ], [ 128.119170149682986, -3.7803844460225 ], [ 128.119126709730011, -3.78039635574438 ], [ 128.119083279670008, -3.78040826546625 ], [ 128.119039839717004, -3.78042018597994 ], [ 128.118997479850009, -3.78043541599876 ], [ 128.118981259677014, -3.78044166628697 ], [ 128.118979929580007, -3.7804395654707 ], [ 128.118852349956001, -3.7804395654707 ], [ 128.118630769594006, -3.78046642552221 ], [ 128.118395770449013, -3.78051342589089 ], [ 128.118214479714993, -3.78055371551853 ], [ 128.117919039832003, -3.78069471572541 ], [ 128.117670610211007, -3.78079543619712 ], [ 128.117301309907987, -3.78084243566658 ], [ 128.116945440080002, -3.7808961557696 ], [ 128.116508999990003, -3.78105058555253 ], [ 128.116336840072989, -3.78110056627451 ], [ 128.116342819664993, -3.78128894546464 ], [ 128.116295820196001, -3.78134937540946 ], [ 128.116237029714995, -3.78127589540245 ], [ 128.116236494618988, -3.78127727945909 ], [ 128.116227680363011, -3.78130006558174 ], [ 128.116220279841997, -3.7813191662827 ], [ 128.116220279841997, -3.78133400599576 ], [ 128.116139709580011, -3.78135944601776 ], [ 128.116079279634988, -3.78150716595893 ], [ 128.11595170001101, -3.78156759590372 ], [ 128.115803980070012, -3.78164817605831 ], [ 128.115669699596992, -3.78173545616211 ], [ 128.115501830345011, -3.78194360604812 ], [ 128.115387690190005, -3.78208461614741 ], [ 128.115159399985998, -3.78240019544768 ], [ 128.115058680413995, -3.78258819602322 ], [ 128.114850529628001, -3.78280977548532 ], [ 128.114581949797014, -3.78305149616395 ], [ 128.114357288358008, -3.783255736697 ], [ 128.114345300395001, -3.7832666355809 ], [ 128.114286519806996, -3.78332007599471 ], [ 128.114296040030013, -3.78333639599194 ], [ 128.114273090230995, -3.78334021541263 ], [ 128.114266369597004, -3.78340735609859 ], [ 128.114226089862001, -3.78348793625312 ], [ 128.114246230178992, -3.78353493572247 ], [ 128.114286519806996, -3.78356850561583 ], [ 128.114332119930992, -3.78357502570065 ], [ 128.114335210001997, -3.78358554596996 ], [ 128.11434990042801, -3.7836282961427 ], [ 128.114363040422006, -3.7836715157615 ], [ 128.114373920420007, -3.78371540627461 ], [ 128.114377979960011, -3.78375821580258 ], [ 128.114354190194007, -3.78379661595456 ], [ 128.114347330165003, -3.78380768570964 ], [ 128.114330400428003, -3.78383501610658 ], [ 128.114305080014987, -3.78387209605383 ], [ 128.114270949844013, -3.783901585723 ], [ 128.114264439652004, -3.78390721547903 ], [ 128.114236809781005, -3.78393108618404 ], [ 128.114202669717997, -3.78396057585326 ], [ 128.114166189618004, -3.78398698624374 ], [ 128.114128849767013, -3.78401224550201 ], [ 128.114091500022994, -3.78403750565964 ], [ 128.114054150279003, -3.78406277570978 ], [ 128.114018600077998, -3.78409031564878 ], [ 128.113985569778009, -3.78412105627495 ], [ 128.113952529585987, -3.78415178610919 ], [ 128.113919500185006, -3.78418251594343 ], [ 128.113886459991988, -3.78421325567028 ], [ 128.113849300005, -3.78423819566922 ], [ 128.113809739727998, -3.78425981627056 ], [ 128.113773229950993, -3.7842855161966 ], [ 128.113741349883014, -3.78431746551159 ], [ 128.113712700180997, -3.78435218563778 ], [ 128.113685939953996, -3.78438856591244 ], [ 128.113652920445986, -3.7844179458644 ], [ 128.113614079625989, -3.7844408255165 ], [ 128.113570779968001, -3.7844502657 ], [ 128.113526039595001, -3.78445539543304 ], [ 128.113482710259007, -3.78446584555514 ], [ 128.113441300076005, -3.78448361615872 ], [ 128.113404099619004, -3.7845073258852 ], [ 128.113375320415003, -3.78454136612386 ], [ 128.113375270053012, -3.78458658583498 ], [ 128.113363829777001, -3.78462994574803 ], [ 128.113339229721987, -3.78466360557356 ], [ 128.113298440070992, -3.78468275573716 ], [ 128.113257650419996, -3.78470191579331 ], [ 128.113216439886997, -3.78471999576375 ], [ 128.113173810223003, -3.78473456568024 ], [ 128.113131179660002, -3.78474913559665 ], [ 128.113088549997002, -3.78476370551311 ], [ 128.113046030049986, -3.78477855601804 ], [ 128.113003680075991, -3.78479391553921 ], [ 128.112961330101001, -3.78480926606719 ], [ 128.112918970234006, -3.78482460580341 ], [ 128.11287662026001, -3.78483995543199 ], [ 128.112834260392987, -3.78485531585254 ], [ 128.112792719807999, -3.78487272582804 ], [ 128.112751320417004, -3.78489049553231 ], [ 128.112709910234003, -3.78490826613593 ], [ 128.112667720339005, -3.78492386577609 ], [ 128.112624579860011, -3.78493681601358 ], [ 128.112581440280991, -3.78494976625108 ], [ 128.112538299802992, -3.78496271558914 ], [ 128.112494359826997, -3.78497235542214 ], [ 128.112450109585012, -3.78498071551989 ], [ 128.112405860242006, -3.78498908551013 ], [ 128.112361959836988, -3.78499890610685 ], [ 128.11231867996301, -3.78501139589143 ], [ 128.112275400089999, -3.78502387578346 ], [ 128.112232130108993, -3.78503636556802 ], [ 128.112188850234986, -3.78504884546004 ], [ 128.112145570362003, -3.78506132625134 ], [ 128.112102300380997, -3.78507381603595 ], [ 128.112059019608012, -3.78508629592797 ], [ 128.112015739735, -3.78509878571258 ], [ 128.111971330312997, -3.78510582560554 ], [ 128.111926699657005, -3.78511183577474 ], [ 128.11188200964699, -3.78511654552428 ], [ 128.111837000376994, -3.7851153961907 ], [ 128.11179199020799, -3.78511424595781 ], [ 128.111755979554999, -3.78511395547682 ], [ 128.111746980038987, -3.785113886229 ], [ 128.111743632762995, -3.78511402202664 ], [ 128.111701989654989, -3.78511571545007 ], [ 128.111657000170993, -3.78511755546293 ], [ 128.111612019679001, -3.78511938558329 ], [ 128.11156812017299, -3.78512885544442 ], [ 128.111524420315988, -3.78513978580453 ], [ 128.111480730350991, -3.78515070627217 ], [ 128.111438980224989, -3.78516701547745 ], [ 128.111398470262998, -3.78518675559637 ], [ 128.111357960302001, -3.78520649571523 ], [ 128.111325389554992, -3.78523644583729 ], [ 128.111296520417994, -3.78527115607096 ], [ 128.111267660273995, -3.78530586540526 ], [ 128.111237530288008, -3.78533939572842 ], [ 128.111205019795989, -3.78537068584032 ], [ 128.111172500311, -3.78540197595227 ], [ 128.111131549681005, -3.78541980591111 ], [ 128.111089410147997, -3.78543576617944 ], [ 128.111047109637013, -3.78545062567763 ], [ 128.111002130044, -3.78544852576061 ], [ 128.11095724038401, -3.78544521625548 ], [ 128.110912689769009, -3.78544211539307 ], [ 128.110871769716994, -3.78546099576006 ], [ 128.110830859557012, -3.78547986623459 ], [ 128.110789940403009, -3.78549873580968 ], [ 128.110749270362987, -3.78551809551541 ], [ 128.110710630092001, -3.7855413160106 ], [ 128.110671999712991, -3.78556454549901 ], [ 128.110631389926994, -3.78558376580977 ], [ 128.110589569653001, -3.78560052557543 ], [ 128.110546719654991, -3.78561230579489 ], [ 128.110501720277995, -3.78561342545082 ], [ 128.110456710108991, -3.78561453611353 ], [ 128.110412160392997, -3.78561023555546 ], [ 128.110368019867991, -3.78560131607946 ], [ 128.110323880242987, -3.78559240559666 ], [ 128.110299372817991, -3.78559102423802 ], [ 128.110279180340001, -3.78558988569623 ], [ 128.110234170170997, -3.78559102603665 ], [ 128.110189160001994, -3.78559216547769 ], [ 128.110153420044014, -3.78561862623025 ], [ 128.110118549730998, -3.78564712574581 ], [ 128.11011850026901, -3.78569235624875 ], [ 128.110116260057993, -3.78573733584081 ], [ 128.110106440359999, -3.78578147546614 ], [ 128.110070339774012, -3.78580654586676 ], [ 128.110030099609986, -3.78582352596632 ], [ 128.109985100231995, -3.78582191617988 ], [ 128.109940410222009, -3.78581835576387 ], [ 128.109897040416001, -3.78580620592306 ], [ 128.109852919676996, -3.78579728554772 ], [ 128.109818470246012, -3.7858181156449 ], [ 128.109780830021009, -3.78584180558621 ], [ 128.109739849714003, -3.78585902580472 ], [ 128.109694829652994, -3.78585898623456 ], [ 128.109651719751014, -3.78586882571701 ], [ 128.109610000201002, -3.7858858453867 ], [ 128.109566939762004, -3.78589813552182 ], [ 128.109522560018007, -3.78590577616188 ], [ 128.10947818027401, -3.7859133961176 ], [ 128.109433799630011, -3.78592102596579 ], [ 128.109389419886014, -3.78592866570665 ], [ 128.109345040141989, -3.78593628566231 ], [ 128.109300590250001, -3.78594329587766 ], [ 128.109255599866003, -3.78594492544916 ], [ 128.10921059959, -3.78594655592004 ], [ 128.109165600212009, -3.78594817559908 ], [ 128.109120929987, -3.78595215599843 ], [ 128.109077189661008, -3.78596288580977 ], [ 128.109044154364, -3.78597099907464 ], [ 128.109033460126, -3.78597362551361 ], [ 128.108989719800007, -3.78598437600937 ], [ 128.108946099983001, -3.78599552580404 ], [ 128.108937110358994, -3.78599898549599 ], [ 128.108928246641, -3.78600239122852 ], [ 128.108904050381994, -3.78601168572186 ], [ 128.108861989989009, -3.78602783574716 ], [ 128.108819940388003, -3.78604398577248 ], [ 128.108777870103012, -3.7860601259052 ], [ 128.108735819602003, -3.78607628582302 ], [ 128.108694279916989, -3.78609369579849 ], [ 128.108653240254995, -3.78611230546957 ], [ 128.108612209585999, -3.78613091603999 ], [ 128.10857117981601, -3.78614952571109 ], [ 128.108529110429998, -3.78616509567359 ], [ 128.108485280172005, -3.78617545586362 ], [ 128.108441449912988, -3.78618580616104 ], [ 128.108397619654994, -3.78619616545166 ], [ 128.108353800188013, -3.78620655621854 ], [ 128.108343580292001, -3.78620898618672 ], [ 128.108337410043987, -3.78621045567899 ], [ 128.108309979821996, -3.78621698565627 ], [ 128.108266170247987, -3.78622740610087 ], [ 128.108222359774004, -3.7862378355386 ], [ 128.108178540306994, -3.7862482658757 ], [ 128.108136350411996, -3.78626373601352 ], [ 128.108094749573013, -3.78628102547979 ], [ 128.108064397944986, -3.7862936550956 ], [ 128.108053149633008, -3.78629833563053 ], [ 128.108011549693003, -3.7863156358887 ], [ 128.107969949752999, -3.78633294603946 ], [ 128.107930670064007, -3.78635482564546 ], [ 128.107892299589992, -3.78637848590919 ], [ 128.107853340059989, -3.78640113623414 ], [ 128.107813890399001, -3.78642293580058 ], [ 128.107775099940994, -3.78644575609745 ], [ 128.107739119864988, -3.78647294620018 ], [ 128.107703129896009, -3.78650013540356 ], [ 128.107667159712008, -3.7865273255063 ], [ 128.107631169743001, -3.78655451560903 ], [ 128.107595179773995, -3.78658170571169 ], [ 128.107559209589994, -3.78660889581446 ], [ 128.107525840244989, -3.78663898623072 ], [ 128.107495380208007, -3.78667228542806 ], [ 128.107464910277997, -3.78670559541728 ], [ 128.107434450239992, -3.786738895514 ], [ 128.107438150050996, -3.78678303603859 ], [ 128.107444060395011, -3.78682787623579 ], [ 128.107479130358001, -3.78684240568275 ], [ 128.107519029679992, -3.78684632582753 ], [ 128.107523930084994, -3.78684680606556 ], [ 128.107568749597988, -3.78684689599773 ], [ 128.107613579902988, -3.78684259543971 ], [ 128.107658420099995, -3.7868399361444 ], [ 128.107703389800008, -3.78684248572239 ], [ 128.107711210303989, -3.7868482054106 ], [ 128.107739369875986, -3.78686883585836 ], [ 128.107736529817004, -3.78690362613167 ], [ 128.107703850252989, -3.78693217600933 ], [ 128.107663559726006, -3.78695236578924 ], [ 128.107623260205003, -3.78697254567662 ], [ 128.107582969677992, -3.78699272556392 ], [ 128.107544469701992, -3.78701612592361 ], [ 128.107506379815987, -3.78704023584827 ], [ 128.107468280037011, -3.78706434577299 ], [ 128.107430190151007, -3.78708845569772 ], [ 128.107392090372997, -3.78711256562242 ], [ 128.107352389801008, -3.78713387595759 ], [ 128.107312580410991, -3.78715502621344 ], [ 128.107272780014995, -3.78717616567743 ], [ 128.107232979618004, -3.78719730604075 ], [ 128.10719317022901, -3.78721844550473 ], [ 128.107154440024999, -3.78724129547926 ], [ 128.107118299869995, -3.78726827603997 ], [ 128.107082169606997, -3.78729525570128 ], [ 128.107046030350006, -3.78732224615452 ], [ 128.107009890194007, -3.78734922581587 ], [ 128.106973759931009, -3.78737620547722 ], [ 128.10693761977501, -3.78740318603786 ], [ 128.106901479620007, -3.78743017559179 ], [ 128.106865030096998, -3.78745663544496 ], [ 128.106824600175003, -3.78747653564321 ], [ 128.106784170253007, -3.78749643584139 ], [ 128.106743730439007, -3.7875163459322 ], [ 128.106703310410012, -3.78753623623788 ], [ 128.106662869696009, -3.7875561454293 ], [ 128.106622429881014, -3.78757604562754 ], [ 128.106582009851991, -3.78759593593321 ], [ 128.10654157003799, -3.78761584602391 ], [ 128.106502159947013, -3.78763767616728 ], [ 128.106463150053997, -3.78766025544585 ], [ 128.106424140162005, -3.78768284551629 ], [ 128.106385130270013, -3.78770542569418 ], [ 128.106346120376998, -3.7877280058721 ], [ 128.106307099692998, -3.78775059594261 ], [ 128.106268079908006, -3.78777313565101 ], [ 128.106225339627997, -3.78778738540877 ], [ 128.106182610139001, -3.78780164595849 ], [ 128.106139879751993, -3.78781590560883 ], [ 128.106097150262997, -3.78783015626591 ], [ 128.106054419875989, -3.78784441591632 ], [ 128.106011640025002, -3.7878585361717 ], [ 128.10596877024301, -3.78787233626851 ], [ 128.105925879776009, -3.78788612557339 ], [ 128.105883000099993, -3.78789991577765 ], [ 128.105854409752993, -3.78790997559403 ], [ 128.105840519724012, -3.78791486610736 ], [ 128.105835530285987, -3.78791678615989 ], [ 128.105835530285987, -3.78791863606535 ], [ 128.105700570825007, -3.7879543625329 ], [ 128.105695309791003, -3.78795575558272 ], [ 128.105692840252004, -3.78795640579263 ], [ 128.105691260143999, -3.78797384544572 ], [ 128.105672959839012, -3.78798118571222 ], [ 128.105667369653986, -3.78798402577125 ], [ 128.105633020048003, -3.78800145553178 ], [ 128.10559604981799, -3.78802728585956 ], [ 128.105559090380012, -3.78805309550297 ], [ 128.105522110256999, -3.78807891593823 ], [ 128.105485679621012, -3.78810546572362 ], [ 128.105449490002002, -3.78813237613713 ], [ 128.105413289592008, -3.78815928565137 ], [ 128.105376760029998, -3.78818566546501 ], [ 128.105337519910989, -3.78820783555199 ], [ 128.105298269899009, -3.78823001553158 ], [ 128.105259029780001, -3.78825219551121 ], [ 128.105219789661987, -3.78827436559827 ], [ 128.105179240130013, -3.78829404546252 ], [ 128.105138669913998, -3.7883136560791 ], [ 128.105098099698012, -3.78833327568882 ], [ 128.105057530381004, -3.78835289619789 ], [ 128.105016960164988, -3.78837251580764 ], [ 128.104976419626013, -3.78839217588686 ], [ 128.104966099905994, -3.78839754573879 ], [ 128.104936430371993, -3.7884129655146 ], [ 128.104896450110999, -3.78843376593416 ], [ 128.104876600274991, -3.78844409554712 ], [ 128.104856469850006, -3.78845456545438 ], [ 128.104816479697007, -3.78847535598148 ], [ 128.104776500334992, -3.7884961555017 ], [ 128.104735990373996, -3.78851586594295 ], [ 128.104695160252987, -3.78853493606691 ], [ 128.104654330133002, -3.78855400619084 ], [ 128.104613490119988, -3.78857307541553 ], [ 128.104572669893003, -3.78859213564697 ], [ 128.104531839772989, -3.78861120577093 ], [ 128.104490780324994, -3.78862977587181 ], [ 128.104449620154014, -3.78864810585379 ], [ 128.104408450090006, -3.78866642594318 ], [ 128.104367280025997, -3.78868474603253 ], [ 128.104362843670003, -3.7886867236417 ], [ 128.10436100006001, -3.78868754562207 ], [ 128.104326119854989, -3.78870306612192 ], [ 128.104285850011991, -3.78872299599774 ], [ 128.104248760171998, -3.7887486455618 ], [ 128.104211680225006, -3.78877430591772 ] ] ] ] } }
]
}
